{
  "name": "Al-Asr",
  "name_translations": {
    "ar": "العصر",
    "en": "The Declining Day, Epoch",
    "id": "Asar"
  },
  "number_of_ayah": 3,
  "number_of_surah": 103,
  "place": "Mecca",
  "recitations": [{
    "name": "Mishari Rashid al-`Afasy",
    "audio_url": "https://download.quranicaudio.com/quran/mishaari_raashid_al_3afaasee/103.mp3"
  }, {
    "name": "Abdur-Rahman as-Sudais",
    "audio_url": "https://download.quranicaudio.com/quran/abdurrahmaan_as-sudays/103.mp3"
  }, {
    "name": "Saad al-Ghamdi",
    "audio_url": "https://download.quranicaudio.com/quran/sa3d_al-ghaamidi/complete/103.mp3"
  }],
  "type": "Makkiyah",
  "verses": [{
    "number": 1,
    "text": "بِسْمِ ٱللَّهِ ٱلرَّحْمَٰنِ ٱلرَّحِيمِ وَٱلْعَصْرِ",
    "translation_en": "By time,",
    "translation_id": "Demi masa."
  }, {
    "number": 2,
    "text": "إِنَّ ٱلْإِنسَٰنَ لَفِى خُسْرٍ",
    "translation_en": "Indeed, mankind is in loss,",
    "translation_id": "Sesungguhnya manusia itu benar-benar dalam kerugian,"
  }, {
    "number": 3,
    "text": "إِلَّا ٱلَّذِينَ ءَامَنُوا۟ وَعَمِلُوا۟ ٱلصَّٰلِحَٰتِ وَتَوَاصَوْا۟ بِٱلْحَقِّ وَتَوَاصَوْا۟ بِٱلصَّبْرِ",
    "translation_en": "Except for those who have believed and done righteous deeds and advised each other to truth and advised each other to patience.",
    "translation_id": "kecuali orang-orang yang beriman dan mengerjakan amal saleh dan nasehat menasehati supaya mentaati kebenaran dan nasehat menasehati supaya menetapi kesabaran."
  }],
  "tafsir": {
    "id": {
      "kemenag": {
        "name": "Kemenag",
        "source": "Aplikasi Quran Kementrian Agama Republik Indonesia",
        "text": {
          "1": "Dalam ayat ini, Allah bersumpah dengan masa yang terjadi di dalamnya bermacam-macam kejadian dan pengalaman yang menjadi bukti atas kekuasaan Allah yang mutlak, hikmah-Nya yang tinggi, dan Ilmu-Nya yang sangat luas. Perubahan-perubahan besar yang terjadi pada masa itu sendiri, seperti pergantian siang dengan malam yang terus-menerus, habisnya umur manusia, dan sebagainya merupakan tanda keagungan Allah.\n\nDalam ayat lain, Allah berfirman:\n\nDan sebagian dari tanda-tanda kebesaran-Nya ialah malam, siang, matahari, dan bulan. (Fussilat/41: 37)\n\nApa yang dialami manusia dalam masa itu dari senang dan susah, miskin dan kaya, senggang dan sibuk, suka dan duka, dan lain-lain menunjukkan secara gamblang bahwa bagi alam semesta ini ada pencipta dan pengaturnya. Dialah Tuhan yang harus disembah dan hanya kepada-Nya kita memohon untuk menolak bahaya dan menarik manfaat. Adapun orang-orang kafir menghubungkan peristiwa-peristiwa tersebut hanya kepada suatu masa saja, sehingga mereka beranggapan bahwa bila ditimpa oleh sesuatu bencana, hal itu hanya kemauan alam saja. Allah menjelaskan bahwa masa (waktu) adalah salah satu makhluk-Nya dan di dalamnya terjadi bermacam-macam kejadian, kejahatan, dan kebaikan. Bila seseorang ditimpa musibah, hal itu merupakan akibat tindakannya. Masa (waktu) tidak campur tangan dengan terjadinya musibah itu.",
          "2": "Dalam ayat ini, Allah mengungkapkan bahwa manusia sebagai makhluk Allah sungguh secara keseluruhan berada dalam kerugian bila tidak menggunakan waktu dengan baik atau dipakai untuk melakukan keburukan. Perbuatan buruk manusia merupakan sumber kecelakaan yang menjerumuskannya ke dalam kebinasaan. Dosa seseorang terhadap Tuhannya yang memberi nikmat tidak terkira kepadanya adalah suatu pelanggaran yang tidak ada bandingannya sehingga merugikan dirinya.",
          "3": "Dalam ayat ini, Allah menjelaskan bahwa jika manusia tidak mau hidupnya merugi, maka ia harus beriman kepada-Nya, melaksanakan ibadah sebagaimana yang diperintahkannya, berbuat baik untuk dirinya sendiri, dan berusaha menimbulkan manfaat kepada orang lain.\n\nDi samping beriman dan beramal saleh, mereka harus saling nasihat-menasihati untuk menaati kebenaran dan tetap berlaku sabar, menjauhi perbuatan maksiat yang setiap orang cenderung kepadanya, karena dorongan hawa nafsunya."
        }
      }
    }
  }
}