{
  "name": "Al-Humazah",
  "name_translations": {
    "ar": "الهمزة",
    "en": "The Traducer",
    "id": "Pengumpat"
  },
  "number_of_ayah": 9,
  "number_of_surah": 104,
  "place": "Mecca",
  "recitations": [{
    "name": "Mishari Rashid al-`Afasy",
    "audio_url": "https://download.quranicaudio.com/quran/mishaari_raashid_al_3afaasee/104.mp3"
  }, {
    "name": "Abdur-Rahman as-Sudais",
    "audio_url": "https://download.quranicaudio.com/quran/abdurrahmaan_as-sudays/104.mp3"
  }, {
    "name": "Saad al-Ghamdi",
    "audio_url": "https://download.quranicaudio.com/quran/sa3d_al-ghaamidi/complete/104.mp3"
  }],
  "type": "Makkiyah",
  "verses": [{
    "number": 1,
    "text": "بِسْمِ ٱللَّهِ ٱلرَّحْمَٰنِ ٱلرَّحِيمِ وَيْلٌ لِّكُلِّ هُمَزَةٍ لُّمَزَةٍ",
    "translation_en": "Woe to every scorner and mocker",
    "translation_id": "Kecelakaanlah bagi setiap pengumpat lagi pencela,"
  }, {
    "number": 2,
    "text": "ٱلَّذِى جَمَعَ مَالًا وَعَدَّدَهُۥ",
    "translation_en": "Who collects wealth and [continuously] counts it.",
    "translation_id": "yang mengumpulkan harta dan menghitung-hitung,"
  }, {
    "number": 3,
    "text": "يَحْسَبُ أَنَّ مَالَهُۥٓ أَخْلَدَهُۥ",
    "translation_en": "He thinks that his wealth will make him immortal.",
    "translation_id": "dia mengira bahwa hartanya itu dapat mengkekalkannya,"
  }, {
    "number": 4,
    "text": "كَلَّا لَيُنۢبَذَنَّ فِى ٱلْحُطَمَةِ",
    "translation_en": "No! He will surely be thrown into the Crusher.",
    "translation_id": "sekali-kali tidak! Sesungguhnya dia benar-benar akan dilemparkan ke dalam Huthamah."
  }, {
    "number": 5,
    "text": "وَمَآ أَدْرَىٰكَ مَا ٱلْحُطَمَةُ",
    "translation_en": "And what can make you know what is the Crusher?",
    "translation_id": "Dan tahukah kamu apa Huthamah itu?"
  }, {
    "number": 6,
    "text": "نَارُ ٱللَّهِ ٱلْمُوقَدَةُ",
    "translation_en": "It is the fire of Allah, [eternally] fueled,",
    "translation_id": "(yaitu) api (yang disediakan) Allah yang dinyalakan,"
  }, {
    "number": 7,
    "text": "ٱلَّتِى تَطَّلِعُ عَلَى ٱلْأَفْـِٔدَةِ",
    "translation_en": "Which mounts directed at the hearts.",
    "translation_id": "yang (membakar) sampai ke hati."
  }, {
    "number": 8,
    "text": "إِنَّهَا عَلَيْهِم مُّؤْصَدَةٌ",
    "translation_en": "Indeed, Hellfire will be closed down upon them",
    "translation_id": "Sesungguhnya api itu ditutup rapat atas mereka,"
  }, {
    "number": 9,
    "text": "فِى عَمَدٍ مُّمَدَّدَةٍۭ",
    "translation_en": "In extended columns.",
    "translation_id": "(sedang mereka itu) diikat pada tiang-tiang yang panjang."
  }],
  "tafsir": {
    "id": {
      "kemenag": {
        "name": "Kemenag",
        "source": "Aplikasi Quran Kementrian Agama Republik Indonesia",
        "text": {
          "1": "Dalam ayat ini, Allah mengancam bahwa kemurkaan dan azab-Nya akan ditimpakan kepada setiap orang yang mengumpat, mencela, dan menyakiti mereka baik di hadapan maupun di belakang mereka. Firman Allah:\n\nWahai orang-orang yang beriman! Jauhilah banyak dari prasangka, sesungguhnya sebagian prasangka itu dosa dan janganlah kamu mencari-cari kesalahan orang lain dan janganlah ada di antara kamu yang menggunjing sebagian yang lain. Apakah ada di antara kamu yang suka memakan daging saudaranya yang sudah mati? Tentu kamu merasa jijik. Dan bertakwalah kepada Allah, sesungguhnya Allah Maha Penerima tobat, Maha Penyayang. (al-hujurat/49: 12)",
          "2": "Ayat ini menerangkan bahwa orang yang menimbun harta juga diancam neraka karena memperkaya diri sendiri serta selalu menghitung-hitung harta kekayaannya. Hal itu ia lakukan karena sangat cinta dan senangnya kepada harta seakan-akan tidak ada kebahagiaan dan kemuliaan dalam hidup kecuali dengan harta. Bila ia menoleh kepada hartanya yang banyak itu, ia merasakan bahwa kedudukannya sudah tinggi dari orang-orang sekelilingnya.\n\nDia tidak merasa khawatir akan ditimpa musibah karena mencerca dan merobek-robek kehormatan orang lain. Karena kecongkakannya, ia lupa dan tidak sadar bahwa maut selalu mengintainya, tidak memikirkan apa yang akan terjadi sesudah mati, dan tidak pula merenungkan apa-apa yang akan terjadi atas dirinya.",
          "3": "Kemudian Allah menyatakan kesalahan anggapan pengumpat dan pencerca bahwa harta yang dimilikinya itu menjaminnya akan tetap hidup di dunia selamanya. Oleh karena itu, tindakannya sama dengan tindakan orang yang akan hidup selama-lamanya dan bila ia mati tidak akan hidup kembali untuk menerima balasan atas kejahatannya selama hidup di dunia.",
          "4": "Sesudah mengancam orang-orang yang bersifat demikian dengan siksaan yang pedih, Allah menyebutkan pula sebab yang membuat mereka mengerjakan sifat-sifat yang terkutuk itu. Penyebabnya adalah anggapan mereka bahwa semua harta yang dimiliki dapat menolong mereka dalam menghadapi kesulitan-kesulitan yang dihadapi. Ancaman dalam bentuk pertanyaan, \"Siapakah yang menyangka bahwa hartanya itu dapat menjamin dirinya dari mati?\" Allah menjawab, \"Tidak! Sekali-kali tidak bahkan dia akan dilemparkan ke dalam neraka Huthamah, tidak ada yang memperhatikannya dan tidak pula yang mempedulikan.\"\n\n'Ali bin Abi thalib pernah memberi nasihat kepada Kumail bahwa orang-orang penimbun harta akan binasa, padahal mereka masih hidup, sedangkan para ulama akan kekal abadi meskipun jasad mereka sudah hilang, karena sifat-sifat keutamaan mereka tetap dikenang dalam hati. Maksudnya, penimbunan harta dikutuk, dicela, dan dibenci karena manusia tidak mendapat apa-apa dari harta mereka. Sedang para sarjana dan ulama terus-menerus terpuji selama terdapat di bumi orang-orang yang mengambil manfaat dari ilmu mereka.",
          "5": "Dalam ayat-ayat ini, Allah menggambarkan kedahsyatan neraka Huthamah dalam bentuk pertanyaan, \"Tahukah engkau apa Huthamah?\" Allah menjelaskan sendiri bahwa Huthamah adalah api yang disediakan-Nya untuk menyiksa orang-orang yang durhaka dan berdosa. Tidak ada yang mampu mengetahui apa hakikatnya kecuali Allah penciptanya.",
          "6": "Dalam ayat-ayat ini, Allah menggambarkan kedahsyatan neraka Huthamah dalam bentuk pertanyaan, \"Tahukah engkau apa Huthamah?\" Allah menjelaskan sendiri bahwa Huthamah adalah api yang disediakan-Nya untuk menyiksa orang-orang yang durhaka dan berdosa. Tidak ada yang mampu mengetahui apa hakikatnya kecuali Allah penciptanya.",
          "7": "Allah lalu menyatakan bahwa api yang menyala-nyala itu berbeda dengan api dunia. Ia menjilat dan naik sampai ke hulu hati, kemudian masuk ke dalam rongga perut sampai ke dada dan membakar hati. Hati adalah yang merasa paling sakit dari anggota-anggota badan lainnya. Apabila api sampai membakar hati, berarti siksa yang dirasakannya sudah sampai ke puncaknya.",
          "8": "Dalam ayat ini, Allah mengungkapkan bahwa api tersebut berlapis-lapis mengelilingi mereka. Mereka tidak dikeluarkan daripadanya dan tidak pula mampu keluar sendiri. Dalam ayat lain, Allah berfirman:\n\nSetiap kali mereka hendak keluar darinya (neraka) karena tersiksa, mereka dikembalikan (lagi) ke dalamnya. (al-hajj/22: 22)",
          "9": "Allah menjelaskan melalui ayat ini keadaan orang-orang penghuni neraka Huthamah. Menurut Muqatil, pintu-pintu neraka itu ditutup rapat, sedangkan para penghuninya diikat pada tiang-tiang besi. Pintu-pintu itu tidak pernah dibuka dan di sana penuh dengan segala macam penderitaan. Tujuannya adalah untuk menjadikan mereka putus asa karena tidak dapat keluar dari neraka Huthamah itu. Semoga Allah menyelamatkan kita dari kemurkaan-Nya dan memelihara kita dari kedahsyatan api neraka dengan anugerah dan karunia-Nya."
        }
      }
    }
  }
}