{
  "name": "Al-Masad",
  "name_translations": {
    "ar": "المسد",
    "en": "The Palm Fibre",
    "id": "Api Yang Bergejolak"
  },
  "number_of_ayah": 5,
  "number_of_surah": 111,
  "place": "Mecca",
  "recitations": [{
    "name": "Mishari Rashid al-`Afasy",
    "audio_url": "https://download.quranicaudio.com/quran/mishaari_raashid_al_3afaasee/111.mp3"
  }, {
    "name": "Abdur-Rahman as-Sudais",
    "audio_url": "https://download.quranicaudio.com/quran/abdurrahmaan_as-sudays/111.mp3"
  }, {
    "name": "Saad al-Ghamdi",
    "audio_url": "https://download.quranicaudio.com/quran/sa3d_al-ghaamidi/complete/111.mp3"
  }],
  "type": "Makkiyah",
  "verses": [{
    "number": 1,
    "text": "بِسْمِ ٱللَّهِ ٱلرَّحْمَٰنِ ٱلرَّحِيمِ تَبَّتْ يَدَآ أَبِى لَهَبٍ وَتَبَّ",
    "translation_en": "May the hands of Abu Lahab be ruined, and ruined is he.",
    "translation_id": "Binasalah kedua tangan Abu Lahab dan sesungguhnya dia akan binasa."
  }, {
    "number": 2,
    "text": "مَآ أَغْنَىٰ عَنْهُ مَالُهُۥ وَمَا كَسَبَ",
    "translation_en": "His wealth will not avail him or that which he gained.",
    "translation_id": "Tidaklah berfaedah kepadanya harta bendanya dan apa yang ia usahakan."
  }, {
    "number": 3,
    "text": "سَيَصْلَىٰ نَارًا ذَاتَ لَهَبٍ",
    "translation_en": "He will [enter to] burn in a Fire of [blazing] flame",
    "translation_id": "Kelak dia akan masuk ke dalam api yang bergejolak."
  }, {
    "number": 4,
    "text": "وَٱمْرَأَتُهُۥ حَمَّالَةَ ٱلْحَطَبِ",
    "translation_en": "And his wife [as well] - the carrier of firewood.",
    "translation_id": "Dan (begitu pula) istrinya, pembawa kayu bakar."
  }, {
    "number": 5,
    "text": "فِى جِيدِهَا حَبْلٌ مِّن مَّسَدٍۭ",
    "translation_en": "Around her neck is a rope of [twisted] fiber.",
    "translation_id": "Yang di lehernya ada tali dari sabut."
  }],
  "tafsir": {
    "id": {
      "kemenag": {
        "name": "Kemenag",
        "source": "Aplikasi Quran Kementrian Agama Republik Indonesia",
        "text": {
          "1": "Dalam ayat ini Allah menerangkan bahwa Abu Lahab akan rugi dan binasa dan kata-kata ini sebagai kutukan dari Allah baginya. Binasa pada kedua belah tangannya karena tangan adalah alat bekerja dan bertindak. Bila kedua belah tangan seseorang telah binasa, berarti ia telah binasa.\n\nDikatakan Abu Lahab, padahal namanya Abdul-'Uzza, karena ia berwajah tampan menawan. Namun para ulama berpendapat bahwa dikatakan Abu Lahab karena ia pasti menjadi penghuni neraka yang bergejolak apinya. Hal itu seperti orang komunis memilih syiar merah dan golongan kiri karena golongan kiri adalah ashabusy-syimal.\n\nPermulaan ayat ini adalah kutukan atas kebinasaan Abu Lahab dan penutupnya adalah sebagai keterangan dari Allah bahwa kutukan tersebut telah terbukti dan Abu Lahab pasti rugi di dunia dan di akhirat.\n\nKetika ayat tabbat yadA abi lahabin watabba turun, Ummu Jamil al-'AurA (wanita yang sebelah matanya buta) binti harb datang sambil berteriak-teriak. Ia membawa batu sekepalan tangan, seraya berkata. \"Dia mencela (agama kami), kami menolak. Agamanya kami benci dan perintahnya kami bantah.\" Ketika itu Nabi saw. duduk di dalam masjid bersama Abu Bakar. Ketika Abu Bakar melihat wanita itu, beliau berkata, Wahai Rasulullah, wanita itu telah datang. Saya khawatir dia melihatmu.\" Maka Rasulullah saw. berkata \"Dia tidak akan melihatku.\" Kemudian Nabi membaca sebuah ayat dan berlindung dengan menggunakan ayat itu. Beliau membaca \"Dan apabila kamu membaca Al-Qur'an, kami jadikan diantara kamu dan orang-orang yang tidak beriman itu penghalang yang tertutup.\" Wanita itu berdiri di depan Abu Bakar, namum ia tidak bisa melihat Rasulullah saw. Ia berkata, \"Hai Abu Bakar, aku mendapat kabar bahwa temanmu itu telah menghinaku.\" Abu Bakar berkata, \"Tidak. Demi Tuhan Pemilik Ka'bah. Dia tidak mencelamu.\" Lalu wanita itu berpaling sambil berkata, \"Kaum Quraisy telah tahu kalau aku adalah putri pembesarnya.\" (Riwayat al-hakim)",
          "2": "Dalam ayat ini, Allah menjelaskan bahwa apa yang menjadi kebanggaan Abu Lahab dalam hidup, yaitu harta dan kedudukan, ternyata sama sekali tidak dapat menyelamatkannya dari azab Allah pada hari Kiamat. Begitu pula usahanya untuk memusuhi dan mengalahkan Nabi Muhammad tidak berhasil sama sekali.\n\nAbu Lahab sangat membenci Nabi saw dan paling gigih mengajak orang untuk menentangnya dan paling kasar menghadapinya. Raba'ah bin 'Ubbad berkata:\n\nSaya melihat Nabi Muhammad saw pada masa Jahiliah di pasar dzu al-Majaz bersabda, \"Ucapkanlah tiada Tuhan melainkan Allah niscaya kamu akan berbahagia!\" Orang-orang berkumpul di sekitar beliau. Di belakang beliau seorang laki-laki, putih warna mukanya, juling matanya, mempunyai dua untaian rambut di kepalanya, berkata, \"Dia (Muhammad) beragama sabi' dan pembohong.\" Ia mengikuti Nabi ke mana saja beliau pergi, lalu saya bertanya, \"Siapakah orang itu?\" Mereka menjawab, \"Itu adalah pamannya sendiri Abu Lahab.\" (Riwayat Ahmad)\n\nDengan ini dijelaskan bahwa Abu Lahab selalu menentang kebenaran dan menjauhkan orang dari mengikuti kebenaran. Ia menyatakan bahwa Nabi Muhammad saw adalah seorang pendusta. Ia juga menentang beliau dan merendahkan nilai agama serta petunjuk yang beliau bawa.",
          "3": "Dalam ayat ini, Allah menegaskan bahwa Abu Lahab akan masuk neraka yang bergejolak dan merasakan panasnya azab neraka. Maksud pernyataan ini adalah bahwa sesungguhnya Abu Lahab akan mengalami kerugian, usahanya tidak akan berhasil dalam menentang agama Allah. Tidak ada gunanya harta, usaha, dan daya upaya untuk itu, karena Allah yang meninggikan kalimah Rasul-Nya, dan menyebarluaskan dakwahnya. Abu Lahab akan diazab pada hari Kiamat dengan neraka yang menyemburkan bunga api dan suhunya yang sangat panas, Azab itu disediakan Allah untuk orang-orang seperti Abu Lahab dari kalangan orang-orang kafir yang menentang Nabi, selain azab di dunia dengan kegagalan usahanya. Istrinya sebagai pembantu utama dalam usaha menentang dan menyakiti Rasulullah saw akan diazab juga bersama-sama. Selain daripada itu, istrinya juga menyebar fitnah ke mana-mana, menyebar berita-berita bohong, dan menghidupkan api permusuhan.",
          "4": "Allah menegaskan bahwa istri Abu Lahab akan diazab sebagaimana suaminya. Istrinya bernama Arwa binti Harb, saudara perempuan Abu Sufyan bin Harb. Dia diazab karena usahanya menyebarkan fitnah dan memadamkan dakwah Nabi Muhammad. Orang Arab mengatakan bahwa orang yang berusaha menyebarkan dan merusak hubungan antara manusia seolah-olah ia membawa kayu api antara manusia, seakan-akan dia membakar silaturrahim antara mereka.\n\nAda pula yang mengatakan bahwa istri Abu Lahab menaruh duri, pecahan kaca, dan kotoran di jalan yang biasa dilalui Nabi Muhammad dengan maksud untuk menyakiti beliau.",
          "5": "Dalam ayat ini, Allah menyatakan keburukan perbuatan istri Abu Lahab, kerendahan budi dan kejelekan amal perbuatannya. Pada lehernya selalu ada seutas tali yang kuat, digunakannya untuk memikul duri-duri yang akan diletakkannya pada jalan yang dilalui Nabi. Pernyataan ini merupakan penghinaan bagi dirinya dan suaminya.\n\nUsaha istri Abu Lahab begitu keras untuk menyalakan permusuhan antara manusia, sehingga Allah mengisahkan dia sebagai seorang perempuan yang membawa kayu bakar yang digantungkan pada lehernya ke mana saja ia pergi. Ini adalah seburuk-buruknya perumpamaan bagi seorang perempuan.\n\nTelah diriwayatkan dari Sa'id bin Musayyab bahwa Ummu Jamil (panggilan istri Abu Lahab) mempunyai sebuah kalung yang sangat mahal, dan ia berkata, \"Sesungguhnya aku akan mempergunakan harga kalung ini untuk memusuhi Muhammad.\" Lalu Allah mengganti kalung tersebut dengan kalung dari api neraka."
        }
      }
    }
  }
}