{
  "name": "An-Nas",
  "name_translations": {
    "ar": "الناس",
    "en": "Mankind",
    "id": "Manusia"
  },
  "number_of_ayah": 6,
  "number_of_surah": 114,
  "place": "Mecca",
  "recitations": [{
    "name": "Mishari Rashid al-`Afasy",
    "audio_url": "https://download.quranicaudio.com/quran/mishaari_raashid_al_3afaasee/114.mp3"
  }, {
    "name": "Abdur-Rahman as-Sudais",
    "audio_url": "https://download.quranicaudio.com/quran/abdurrahmaan_as-sudays/114.mp3"
  }, {
    "name": "Saad al-Ghamdi",
    "audio_url": "https://download.quranicaudio.com/quran/sa3d_al-ghaamidi/complete/114.mp3"
  }],
  "type": "Makkiyah",
  "verses": [{
    "number": 1,
    "text": "بِسْمِ ٱللَّهِ ٱلرَّحْمَٰنِ ٱلرَّحِيمِ قُلْ أَعُوذُ بِرَبِّ ٱلنَّاسِ",
    "translation_en": "Say, \"I seek refuge in the Lord of mankind,",
    "translation_id": "Katakanlah: \"Aku berlindung kepada Tuhan (yang memelihara dan menguasai) manusia."
  }, {
    "number": 2,
    "text": "مَلِكِ ٱلنَّاسِ",
    "translation_en": "The Sovereign of mankind.",
    "translation_id": "Raja manusia."
  }, {
    "number": 3,
    "text": "إِلَٰهِ ٱلنَّاسِ",
    "translation_en": "The God of mankind,",
    "translation_id": "Sembahan manusia."
  }, {
    "number": 4,
    "text": "مِن شَرِّ ٱلْوَسْوَاسِ ٱلْخَنَّاسِ",
    "translation_en": "From the evil of the retreating whisperer -",
    "translation_id": "Dari kejahatan (bisikan) syaitan yang biasa bersembunyi,"
  }, {
    "number": 5,
    "text": "ٱلَّذِى يُوَسْوِسُ فِى صُدُورِ ٱلنَّاسِ",
    "translation_en": "Who whispers [evil] into the breasts of mankind -",
    "translation_id": "yang membisikkan (kejahatan) ke dalam dada manusia,"
  }, {
    "number": 6,
    "text": "مِنَ ٱلْجِنَّةِ وَٱلنَّاسِ",
    "translation_en": "From among the jinn and mankind.\"",
    "translation_id": "dari (golongan) jin dan manusia."
  }],
  "tafsir": {
    "id": {
      "kemenag": {
        "name": "Kemenag",
        "source": "Aplikasi Quran Kementrian Agama Republik Indonesia",
        "text": {
          "1": "Dalam ayat ini, Allah memerintahkan Nabi Muhammad termasuk pula di dalamnya seluruh umatnya agar memohon perlindungan kepada Tuhan yang menciptakan, menjaga, menumbuhkan, mengembangkan, dan menjaga kelangsungan hidup manusia dengan nikmat dan kasih sayang-Nya serta memberi peringatan kepada mereka dengan ancaman-ancaman-Nya.",
          "2": "Allah menjelaskan bahwa Tuhan yang mendidik manusia itu adalah yang memiliki dan yang mengatur semua syariat, yang membuat undang-undang, peraturan-peraturan, dan hukum-hukum agama. Barang siapa yang mematuhinya akan berbahagia hidup di dunia dan di akhirat.",
          "3": "Allah menambah keterangan tentang Tuhan pendidik manusia ialah yang menguasai jiwa mereka dengan kebesaran-Nya. Mereka tidak mengetahui kekuasaan Allah itu secara keseluruhan, tetapi mereka tunduk kepada-Nya dengan sepenuh hati dan mereka tidak mengetahui bagaimana datangnya dorongan hati kepada mereka itu, sehingga dapat mempengaruhi seluruh jiwa raga mereka.\n\nAyat-ayat ini mendahulukan kata Rabb (pendidik) dari kata Malik dan Ilah karena pendidikan adalah nikmat Allah yang paling utama dan terbesar bagi manusia. Kemudian yang kedua diikuti dengan kata Malik (Raja) karena manusia harus tunduk kepada kerajaan Allah sesudah mereka dewasa dan berakal. Kemudian diikuti dengan kata Ilah (sembahan), karena manusia sesudah berakal menyadari bahwa hanya kepada Allah mereka harus tunduk dan hanya Dia saja yang berhak untuk disembah.\n\nAllah menyatakan dalam ayat-ayat ini bahwa Dia Raja manusia. Pemilik manusia dan Tuhan manusia, bahkan Dia adalah Tuhan segala sesuatu. Tetapi di lain pihak, manusialah yang membuat kesalahan dan kekeliruan dalam menyifati Allah sehingga mereka tersesat dari jalan lurus. Mereka menjadikan tuhan-tuhan lain yang mereka sembah dengan anggapan bahwa tuhan-tuhan itulah yang memberi nikmat dan bahagia serta menolak bahaya dari mereka, yang mengatur hidup mereka, menggariskan batas-batas yang boleh atau tidak boleh mereka lakukan. Mereka memberi nama tuhan-tuhan itu dengan pembantu-pembantunya dan menyangka bahwa tuhan-tuhan itulah yang mengatur segala gerak-gerik mereka. Dalam ayat lain, Allah berfirman:\n\nMereka menjadikan orang-orang alim (Yahudi), dan rahib-rahibnya (Nasrani) sebagai tuhan selain Allah, dan (juga) Al-Masih putra Maryam; padahal mereka hanya disuruh menyembah Tuhan Yang Maha Esa; tidak ada tuhan selain Dia. Mahasuci Dia dari apa yang mereka persekutukan. (at-Taubah/9: 31)\n\nDan tidak (mungkin pula baginya) menyuruh kamu menjadikan para malaikat dan para nabi sebagai Tuhan. Apakah (patut) dia menyuruh kamu menjadi kafir setelah kamu menjadi Muslim? (Ali 'Imran/3: 80)\n\nMaksudnya, dengan ini Allah memperingatkan manusia bahwa Dia-lah yang mendidik mereka sedang mereka adalah manusia-manusia yang suka berpikir dan Dia Raja mereka dan Dia pula Tuhan mereka menurut pikiran mereka. Maka tidak benarlah apa yang mereka ada-adakan untuk mendewa-dewakan diri mereka padahal mereka manusia biasa.",
          "4": "Dalam ayat ini, Allah memerintahkan manusia agar berlindung kepada Allah Rabbul-'Alamin dari kejahatan bisikan setan yang senantiasa bersembunyi di dalam hati manusia. Bisikan dan was-was yang berasal dari godaan setan itu bila dihadapkan kepada akal yang sehat mesti kalah dan orang yang tergoda menjadi sadar kembali, karena semua bisikan dan was-was setan yang akan menyakiti manusia itu akan menjadi hampa bila jiwa sadar kembali kepada perintah-perintah agama. Begitu pula bila seorang menggoda temannya yang lain untuk melakukan suatu kejahatan, tetapi temannya itu berpegang kuat dengan perintah-perintah agama niscaya akan berhenti menggoda dan merasa kecewa karena godaannya itu tidak berhasil namun ia tetap menunggu kesempatan yang lain.",
          "5": "Allah menerangkan dalam ayat ini tentang godaan tersebut, yaitu bisikan setan yang tersembunyi yang ditiupkan ke dalam dada manusia, yang mungkin datangnya dari jin atau manusia, sebagaimana dalam ayat lain Allah berfirman:\n\nDan demikianlah untuk setiap nabi Kami menjadikan musuh yang terdiri dari setan-setan manusia dan jin. (al-An'am/6: 112)\n\nSetan-setan jin itu seringkali membisikkan suatu keraguan dengan cara yang sangat halus kepada manusia. Seringkali dia menampakkan dirinya sebagai penasihat yang ikhlas, tetapi bila engkau menghardiknya ia mundur dan bila diperhatikan bicaranya ia terus melanjutkan godaannya secara berlebih-lebihan. \n\nSurah ini dimulai dengan kata pendidik, karena itu Tuhan sebagai pendidik manusia, berkuasa untuk menolak semua godaan setan dan bisikannya dari manusia. Allah memberi petunjuk dalam surah ini agar manusia memohon pertolongan hanya kepada Allah sebagaimana Dia telah memberi petunjuk yang serupa dalam surah al-Fatihah, bahwa dasar yang terpenting dalam agama adalah menghadapkan diri dengan penuh keikhlasan kepada Allah baik dalam ucapan, maupun perbuatan lainnya dan memohon perlindungan kepada-Nya dari segala godaan setan yang ia sendiri tidak mampu menolaknya.",
          "6": "Allah menerangkan dalam ayat ini tentang godaan tersebut, yaitu bisikan setan yang tersembunyi yang ditiupkan ke dalam dada manusia, yang mungkin datangnya dari jin atau manusia, sebagaimana dalam ayat lain Allah berfirman:\n\nDan demikianlah untuk setiap nabi Kami menjadikan musuh yang terdiri dari setan-setan manusia dan jin. (al-An'am/6: 112)\n\nSetan-setan jin itu seringkali membisikkan suatu keraguan dengan cara yang sangat halus kepada manusia. Seringkali dia menampakkan dirinya sebagai penasihat yang ikhlas, tetapi bila engkau menghardiknya ia mundur dan bila diperhatikan bicaranya ia terus melanjutkan godaannya secara berlebih-lebihan. \n\nSurah ini dimulai dengan kata pendidik, karena itu Tuhan sebagai pendidik manusia, berkuasa untuk menolak semua godaan setan dan bisikannya dari manusia. Allah memberi petunjuk dalam surah ini agar manusia memohon pertolongan hanya kepada Allah sebagaimana Dia telah memberi petunjuk yang serupa dalam surah al-Fatihah, bahwa dasar yang terpenting dalam agama adalah menghadapkan diri dengan penuh keikhlasan kepada Allah baik dalam ucapan, maupun perbuatan lainnya dan memohon perlindungan kepada-Nya dari segala godaan setan yang ia sendiri tidak mampu menolaknya."
        }
      }
    }
  }
}