{
  "name": "Luqman",
  "name_translations": {
    "ar": "لقمان",
    "en": "Luqman",
    "id": "Luqman"
  },
  "number_of_ayah": 34,
  "number_of_surah": 31,
  "place": "Mecca",
  "recitations": [{
    "name": "Mishari Rashid al-`Afasy",
    "audio_url": "https://download.quranicaudio.com/quran/mishaari_raashid_al_3afaasee/031.mp3"
  }, {
    "name": "Abdur-Rahman as-Sudais",
    "audio_url": "https://download.quranicaudio.com/quran/abdurrahmaan_as-sudays/031.mp3"
  }, {
    "name": "Saad al-Ghamdi",
    "audio_url": "https://download.quranicaudio.com/quran/sa3d_al-ghaamidi/complete/031.mp3"
  }],
  "type": "Makkiyah",
  "verses": [{
    "number": 1,
    "text": "بِسْمِ ٱللَّهِ ٱلرَّحْمَٰنِ ٱلرَّحِيمِ الٓمٓ",
    "translation_en": "Alif, Lam, Meem.",
    "translation_id": "Alif Laam Miim"
  }, {
    "number": 2,
    "text": "تِلْكَ ءَايَٰتُ ٱلْكِتَٰبِ ٱلْحَكِيمِ",
    "translation_en": "These are verses of the wise Book,",
    "translation_id": "Inilah ayat-ayat Al Quran yang mengandung hikmat,"
  }, {
    "number": 3,
    "text": "هُدًى وَرَحْمَةً لِّلْمُحْسِنِينَ",
    "translation_en": "As guidance and mercy for the doers of good",
    "translation_id": "menjadi petunjuk dan rahmat bagi orang-orang yang berbuat kebaikan,"
  }, {
    "number": 4,
    "text": "ٱلَّذِينَ يُقِيمُونَ ٱلصَّلَوٰةَ وَيُؤْتُونَ ٱلزَّكَوٰةَ وَهُم بِٱلْءَاخِرَةِ هُمْ يُوقِنُونَ",
    "translation_en": "Who establish prayer and give zakah, and they, of the Hereafter, are certain [in faith].",
    "translation_id": "(yaitu) orang-orang yang mendirikan shalat, menunaikan zakat dan mereka yakin akan adanya negeri akhirat."
  }, {
    "number": 5,
    "text": "أُو۟لَٰٓئِكَ عَلَىٰ هُدًى مِّن رَّبِّهِمْ وَأُو۟لَٰٓئِكَ هُمُ ٱلْمُفْلِحُونَ",
    "translation_en": "Those are on [right] guidance from their Lord, and it is those who are the successful.",
    "translation_id": "Mereka itulah orang-orang yang tetap mendapat petunjuk dari Tuhannya dan mereka itulah orang-orang yang beruntung."
  }, {
    "number": 6,
    "text": "وَمِنَ ٱلنَّاسِ مَن يَشْتَرِى لَهْوَ ٱلْحَدِيثِ لِيُضِلَّ عَن سَبِيلِ ٱللَّهِ بِغَيْرِ عِلْمٍ وَيَتَّخِذَهَا هُزُوًا أُو۟لَٰٓئِكَ لَهُمْ عَذَابٌ مُّهِينٌ",
    "translation_en": "And of the people is he who buys the amusement of speech to mislead [others] from the way of Allah without knowledge and who takes it in ridicule. Those will have a humiliating punishment.",
    "translation_id": "Dan di antara manusia (ada) orang yang mempergunakan perkataan yang tidak berguna untuk menyesatkan (manusia) dari jalan Allah tanpa pengetahuan dan menjadikan jalan Allah itu olok-olokan. Mereka itu akan memperoleh azab yang menghinakan."
  }, {
    "number": 7,
    "text": "وَإِذَا تُتْلَىٰ عَلَيْهِ ءَايَٰتُنَا وَلَّىٰ مُسْتَكْبِرًا كَأَن لَّمْ يَسْمَعْهَا كَأَنَّ فِىٓ أُذُنَيْهِ وَقْرًا فَبَشِّرْهُ بِعَذَابٍ أَلِيمٍ",
    "translation_en": "And when our verses are recited to him, he turns away arrogantly as if he had not heard them, as if there was in his ears deafness. So give him tidings of a painful punishment.",
    "translation_id": "Dan apabila dibacakan kepadanya ayat-ayat Kami dia berpaling dengan menyombongkan diri seolah-olah dia belum mendengarnya, seakan-akan ada sumbat di kedua telinganya; maka beri kabar gembiralah dia dengan azab yang pedih."
  }, {
    "number": 8,
    "text": "إِنَّ ٱلَّذِينَ ءَامَنُوا۟ وَعَمِلُوا۟ ٱلصَّٰلِحَٰتِ لَهُمْ جَنَّٰتُ ٱلنَّعِيمِ",
    "translation_en": "Indeed, those who believe and do righteous deeds - for them are the Gardens of Pleasure.",
    "translation_id": "Sesungguhnya orang-orang yang beriman dan mengerjakan amal-amal saleh, bagi mereka surga-surga yang penuh kenikmatan,"
  }, {
    "number": 9,
    "text": "خَٰلِدِينَ فِيهَا وَعْدَ ٱللَّهِ حَقًّا وَهُوَ ٱلْعَزِيزُ ٱلْحَكِيمُ",
    "translation_en": "Wherein they abide eternally; [it is] the promise of Allah [which is] truth. And He is the Exalted in Might, the Wise.",
    "translation_id": "Kekal mereka di dalamnya; sebagai janji Allah yang benar. Dan Dialah Yang Maha Perkasa lagi Maha Bijaksana."
  }, {
    "number": 10,
    "text": "خَلَقَ ٱلسَّمَٰوَٰتِ بِغَيْرِ عَمَدٍ تَرَوْنَهَا وَأَلْقَىٰ فِى ٱلْأَرْضِ رَوَٰسِىَ أَن تَمِيدَ بِكُمْ وَبَثَّ فِيهَا مِن كُلِّ دَآبَّةٍ وَأَنزَلْنَا مِنَ ٱلسَّمَآءِ مَآءً فَأَنۢبَتْنَا فِيهَا مِن كُلِّ زَوْجٍ كَرِيمٍ",
    "translation_en": "He created the heavens without pillars that you see and has cast into the earth firmly set mountains, lest it should shift with you, and dispersed therein from every creature. And We sent down rain from the sky and made grow therein [plants] of every noble kind.",
    "translation_id": "Dia menciptakan langit tanpa tiang yang kamu melihatnya dan Dia meletakkan gunung-gunung (di permukaan) bumi supaya bumi itu tidak menggoyangkan kamu; dan memperkembang biakkan padanya segala macam jenis binatang. Dan Kami turunkan air hujan dari langit, lalu Kami tumbuhkan padanya segala macam tumbuh-tumbuhan yang baik."
  }, {
    "number": 11,
    "text": "هَٰذَا خَلْقُ ٱللَّهِ فَأَرُونِى مَاذَا خَلَقَ ٱلَّذِينَ مِن دُونِهِۦ بَلِ ٱلظَّٰلِمُونَ فِى ضَلَٰلٍ مُّبِينٍ",
    "translation_en": "This is the creation of Allah. So show Me what those other than Him have created. Rather, the wrongdoers are in clear error.",
    "translation_id": "Inilah ciptaan Allah, maka perlihatkanlah olehmu kepadaku apa yang telah diciptakan oleh sembahan-sembahan(mu) selain Allah. Sebenarnya orang-orang yang zalim itu berada di dalam kesesatan yang nyata."
  }, {
    "number": 12,
    "text": "وَلَقَدْ ءَاتَيْنَا لُقْمَٰنَ ٱلْحِكْمَةَ أَنِ ٱشْكُرْ لِلَّهِ وَمَن يَشْكُرْ فَإِنَّمَا يَشْكُرُ لِنَفْسِهِۦ وَمَن كَفَرَ فَإِنَّ ٱللَّهَ غَنِىٌّ حَمِيدٌ",
    "translation_en": "And We had certainly given Luqman wisdom [and said], \"Be grateful to Allah.\" And whoever is grateful is grateful for [the benefit of] himself. And whoever denies [His favor] - then indeed, Allah is Free of need and Praiseworthy.",
    "translation_id": "Dan sesungguhnya telah Kami berikan hikmat kepada Luqman, yaitu: \"Bersyukurlah kepada Allah. Dan barangsiapa yang bersyukur (kepada Allah), maka sesungguhnya ia bersyukur untuk dirinya sendiri; dan barangsiapa yang tidak bersyukur, maka sesungguhnya Allah Maha Kaya lagi Maha Terpuji\"."
  }, {
    "number": 13,
    "text": "وَإِذْ قَالَ لُقْمَٰنُ لِٱبْنِهِۦ وَهُوَ يَعِظُهُۥ يَٰبُنَىَّ لَا تُشْرِكْ بِٱللَّهِ إِنَّ ٱلشِّرْكَ لَظُلْمٌ عَظِيمٌ",
    "translation_en": "And [mention, O Muhammad], when Luqman said to his son while he was instructing him, \"O my son, do not associate [anything] with Allah. Indeed, association [with him] is great injustice.\"",
    "translation_id": "Dan (ingatlah) ketika Luqman berkata kepada anaknya, di waktu ia memberi pelajaran kepadanya: \"Hai anakku, janganlah kamu mempersekutukan Allah, sesungguhnya mempersekutukan (Allah) adalah benar-benar kezaliman yang besar\"."
  }, {
    "number": 14,
    "text": "وَوَصَّيْنَا ٱلْإِنسَٰنَ بِوَٰلِدَيْهِ حَمَلَتْهُ أُمُّهُۥ وَهْنًا عَلَىٰ وَهْنٍ وَفِصَٰلُهُۥ فِى عَامَيْنِ أَنِ ٱشْكُرْ لِى وَلِوَٰلِدَيْكَ إِلَىَّ ٱلْمَصِيرُ",
    "translation_en": "And We have enjoined upon man [care] for his parents. His mother carried him, [increasing her] in weakness upon weakness, and his weaning is in two years. Be grateful to Me and to your parents; to Me is the [final] destination.",
    "translation_id": "Dan Kami perintahkan kepada manusia (berbuat baik) kepada dua orang ibu-bapaknya; ibunya telah mengandungnya dalam keadaan lemah yang bertambah-tambah, dan menyapihnya dalam dua tahun. Bersyukurlah kepada-Ku dan kepada dua orang ibu bapakmu, hanya kepada-Kulah kembalimu."
  }, {
    "number": 15,
    "text": "وَإِن جَٰهَدَاكَ عَلَىٰٓ أَن تُشْرِكَ بِى مَا لَيْسَ لَكَ بِهِۦ عِلْمٌ فَلَا تُطِعْهُمَا وَصَاحِبْهُمَا فِى ٱلدُّنْيَا مَعْرُوفًا وَٱتَّبِعْ سَبِيلَ مَنْ أَنَابَ إِلَىَّ ثُمَّ إِلَىَّ مَرْجِعُكُمْ فَأُنَبِّئُكُم بِمَا كُنتُمْ تَعْمَلُونَ",
    "translation_en": "But if they endeavor to make you associate with Me that of which you have no knowledge, do not obey them but accompany them in [this] world with appropriate kindness and follow the way of those who turn back to Me [in repentance]. Then to Me will be your return, and I will inform you about what you used to do.",
    "translation_id": "Dan jika keduanya memaksamu untuk mempersekutukan dengan Aku sesuatu yang tidak ada pengetahuanmu tentang itu, maka janganlah kamu mengikuti keduanya, dan pergaulilah keduanya di dunia dengan baik, dan ikutilah jalan orang yang kembali kepada-Ku, kemudian hanya kepada-Kulah kembalimu, maka Kuberitakan kepadamu apa yang telah kamu kerjakan."
  }, {
    "number": 16,
    "text": "يَٰبُنَىَّ إِنَّهَآ إِن تَكُ مِثْقَالَ حَبَّةٍ مِّنْ خَرْدَلٍ فَتَكُن فِى صَخْرَةٍ أَوْ فِى ٱلسَّمَٰوَٰتِ أَوْ فِى ٱلْأَرْضِ يَأْتِ بِهَا ٱللَّهُ إِنَّ ٱللَّهَ لَطِيفٌ خَبِيرٌ",
    "translation_en": "[And Luqman said], \"O my son, indeed if wrong should be the weight of a mustard seed and should be within a rock or [anywhere] in the heavens or in the earth, Allah will bring it forth. Indeed, Allah is Subtle and Acquainted.",
    "translation_id": "(Luqman berkata): \"Hai anakku, sesungguhnya jika ada (sesuatu perbuatan) seberat biji sawi, dan berada dalam batu atau di langit atau di dalam bumi, niscaya Allah akan mendatangkannya (membalasinya). Sesungguhnya Allah Maha Halus lagi Maha Mengetahui."
  }, {
    "number": 17,
    "text": "يَٰبُنَىَّ أَقِمِ ٱلصَّلَوٰةَ وَأْمُرْ بِٱلْمَعْرُوفِ وَٱنْهَ عَنِ ٱلْمُنكَرِ وَٱصْبِرْ عَلَىٰ مَآ أَصَابَكَ إِنَّ ذَٰلِكَ مِنْ عَزْمِ ٱلْأُمُورِ",
    "translation_en": "O my son, establish prayer, enjoin what is right, forbid what is wrong, and be patient over what befalls you. Indeed, [all] that is of the matters [requiring] determination.",
    "translation_id": "Hai anakku, dirikanlah shalat dan suruhlah (manusia) mengerjakan yang baik dan cegahlah (mereka) dari perbuatan yang mungkar dan bersabarlah terhadap apa yang menimpa kamu. Sesungguhnya yang demikian itu termasuk hal-hal yang diwajibkan (oleh Allah)."
  }, {
    "number": 18,
    "text": "وَلَا تُصَعِّرْ خَدَّكَ لِلنَّاسِ وَلَا تَمْشِ فِى ٱلْأَرْضِ مَرَحًا إِنَّ ٱللَّهَ لَا يُحِبُّ كُلَّ مُخْتَالٍ فَخُورٍ",
    "translation_en": "And do not turn your cheek [in contempt] toward people and do not walk through the earth exultantly. Indeed, Allah does not like everyone self-deluded and boastful.",
    "translation_id": "Dan janganlah kamu memalingkan mukamu dari manusia (karena sombong) dan janganlah kamu berjalan di muka bumi dengan angkuh. Sesungguhnya Allah tidak menyukai orang-orang yang sombong lagi membanggakan diri."
  }, {
    "number": 19,
    "text": "وَٱقْصِدْ فِى مَشْيِكَ وَٱغْضُضْ مِن صَوْتِكَ إِنَّ أَنكَرَ ٱلْأَصْوَٰتِ لَصَوْتُ ٱلْحَمِيرِ",
    "translation_en": "And be moderate in your pace and lower your voice; indeed, the most disagreeable of sounds is the voice of donkeys.\"",
    "translation_id": "Dan sederhanalah kamu dalam berjalan dan lunakkanlah suaramu. Sesungguhnya seburuk-buruk suara ialah suara keledai."
  }, {
    "number": 20,
    "text": "أَلَمْ تَرَوْا۟ أَنَّ ٱللَّهَ سَخَّرَ لَكُم مَّا فِى ٱلسَّمَٰوَٰتِ وَمَا فِى ٱلْأَرْضِ وَأَسْبَغَ عَلَيْكُمْ نِعَمَهُۥ ظَٰهِرَةً وَبَاطِنَةً وَمِنَ ٱلنَّاسِ مَن يُجَٰدِلُ فِى ٱللَّهِ بِغَيْرِ عِلْمٍ وَلَا هُدًى وَلَا كِتَٰبٍ مُّنِيرٍ",
    "translation_en": "Do you not see that Allah has made subject to you whatever is in the heavens and whatever is in the earth and amply bestowed upon you His favors, [both] apparent and unapparent? But of the people is he who disputes about Allah without knowledge or guidance or an enlightening Book [from Him].",
    "translation_id": "Tidakkah kamu perhatikan sesungguhnya Allah telah menundukkan untuk (kepentingan)mu apa yang di langit dan apa yang di bumi dan menyempurnakan untukmu nikmat-Nya lahir dan batin. Dan di antara manusia ada yang membantah tentang (keesaan) Allah tanpa ilmu pengetahuan atau petunjuk dan tanpa Kitab yang memberi penerangan."
  }, {
    "number": 21,
    "text": "وَإِذَا قِيلَ لَهُمُ ٱتَّبِعُوا۟ مَآ أَنزَلَ ٱللَّهُ قَالُوا۟ بَلْ نَتَّبِعُ مَا وَجَدْنَا عَلَيْهِ ءَابَآءَنَآ أَوَلَوْ كَانَ ٱلشَّيْطَٰنُ يَدْعُوهُمْ إِلَىٰ عَذَابِ ٱلسَّعِيرِ",
    "translation_en": "And when it is said to them, \"Follow what Allah has revealed,\" they say, \"Rather, we will follow that upon which we found our fathers.\" Even if Satan was inviting them to the punishment of the Blaze?",
    "translation_id": "Dan apabila dikatakan kepada mereka: \"Ikutilah apa yang diturunkan Allah\". Mereka menjawab: \"(Tidak), tapi kami (hanya) mengikuti apa yang kami dapati bapak-bapak kami mengerjakannya\". Dan apakah mereka (akan mengikuti bapak-bapak mereka) walaupun syaitan itu menyeru mereka ke dalam siksa api yang menyala-nyala (neraka)?"
  }, {
    "number": 22,
    "text": "وَمَن يُسْلِمْ وَجْهَهُۥٓ إِلَى ٱللَّهِ وَهُوَ مُحْسِنٌ فَقَدِ ٱسْتَمْسَكَ بِٱلْعُرْوَةِ ٱلْوُثْقَىٰ وَإِلَى ٱللَّهِ عَٰقِبَةُ ٱلْأُمُورِ",
    "translation_en": "And whoever submits his face to Allah while he is a doer of good - then he has grasped the most trustworthy handhold. And to Allah will be the outcome of [all] matters.",
    "translation_id": "Dan barangsiapa yang menyerahkan dirinya kepada Allah, sedang dia orang yang berbuat kebaikan, maka sesungguhnya ia telah berpegang kepada buhul tali yang kokoh. Dan hanya kepada Allah-lah kesudahan segala urusan."
  }, {
    "number": 23,
    "text": "وَمَن كَفَرَ فَلَا يَحْزُنكَ كُفْرُهُۥٓ إِلَيْنَا مَرْجِعُهُمْ فَنُنَبِّئُهُم بِمَا عَمِلُوٓا۟ إِنَّ ٱللَّهَ عَلِيمٌۢ بِذَاتِ ٱلصُّدُورِ",
    "translation_en": "And whoever has disbelieved - let not his disbelief grieve you. To Us is their return, and We will inform them of what they did. Indeed, Allah is Knowing of that within the breasts.",
    "translation_id": "Dan barangsiapa kafir maka kekafirannya itu janganlah menyedihkanmu. Hanya kepada Kami-lah mereka kembali, lalu Kami beritakan kepada mereka apa yang telah mereka kerjakan. Sesungguhnya Allah Maha Mengetahui segala isi hati."
  }, {
    "number": 24,
    "text": "نُمَتِّعُهُمْ قَلِيلًا ثُمَّ نَضْطَرُّهُمْ إِلَىٰ عَذَابٍ غَلِيظٍ",
    "translation_en": "We grant them enjoyment for a little; then We will force them to a massive punishment.",
    "translation_id": "Kami biarkan mereka bersenang-senang sebentar, kemudian Kami paksa mereka (masuk) ke dalam siksa yang keras."
  }, {
    "number": 25,
    "text": "وَلَئِن سَأَلْتَهُم مَّنْ خَلَقَ ٱلسَّمَٰوَٰتِ وَٱلْأَرْضَ لَيَقُولُنَّ ٱللَّهُ قُلِ ٱلْحَمْدُ لِلَّهِ بَلْ أَكْثَرُهُمْ لَا يَعْلَمُونَ",
    "translation_en": "And if you asked them, \"Who created the heavens and earth?\" they would surely say, \"Allah.\" Say, \"[All] praise is [due] to Allah \"; but most of them do not know.",
    "translation_id": "Dan sesungguhnya jika kamu tanyakan kepada mereka: \"Siapakah yang menciptakan langit dan bumi?\" Tentu mereka akan menjawab: \"Allah\". Katakanlah: \"Segala puji bagi Allah\"; tetapi kebanyakan mereka tidak mengetahui."
  }, {
    "number": 26,
    "text": "لِلَّهِ مَا فِى ٱلسَّمَٰوَٰتِ وَٱلْأَرْضِ إِنَّ ٱللَّهَ هُوَ ٱلْغَنِىُّ ٱلْحَمِيدُ",
    "translation_en": "To Allah belongs whatever is in the heavens and earth. Indeed, Allah is the Free of need, the Praiseworthy.",
    "translation_id": "Kepunyaan Allah-lah apa yang di langit dan yang di bumi. Sesungguhnya Allah Dialah Yang Maha Kaya lagi Maha Terpuji."
  }, {
    "number": 27,
    "text": "وَلَوْ أَنَّمَا فِى ٱلْأَرْضِ مِن شَجَرَةٍ أَقْلَٰمٌ وَٱلْبَحْرُ يَمُدُّهُۥ مِنۢ بَعْدِهِۦ سَبْعَةُ أَبْحُرٍ مَّا نَفِدَتْ كَلِمَٰتُ ٱللَّهِ إِنَّ ٱللَّهَ عَزِيزٌ حَكِيمٌ",
    "translation_en": "And if whatever trees upon the earth were pens and the sea [was ink], replenished thereafter by seven [more] seas, the words of Allah would not be exhausted. Indeed, Allah is Exalted in Might and Wise.",
    "translation_id": "Dan seandainya pohon-pohon di bumi menjadi pena dan laut (menjadi tinta), ditambahkan kepadanya tujuh laut (lagi) sesudah (kering)nya, niscaya tidak akan habis-habisnya (dituliskan) kalimat Allah. Sesungguhnya Allah Maha Perkasa lagi Maha Bijaksana."
  }, {
    "number": 28,
    "text": "مَّا خَلْقُكُمْ وَلَا بَعْثُكُمْ إِلَّا كَنَفْسٍ وَٰحِدَةٍ إِنَّ ٱللَّهَ سَمِيعٌۢ بَصِيرٌ",
    "translation_en": "Your creation and your resurrection will not be but as that of a single soul. Indeed, Allah is Hearing and Seeing.",
    "translation_id": "Tidaklah Allah menciptakan dan membangkitkan kamu (dari dalam kubur) itu melainkan hanyalah seperti (menciptakan dan membangkitkan) satu jiwa saja. Sesungguhnya Allah Maha Mendengar lagi Maha Melihat."
  }, {
    "number": 29,
    "text": "أَلَمْ تَرَ أَنَّ ٱللَّهَ يُولِجُ ٱلَّيْلَ فِى ٱلنَّهَارِ وَيُولِجُ ٱلنَّهَارَ فِى ٱلَّيْلِ وَسَخَّرَ ٱلشَّمْسَ وَٱلْقَمَرَ كُلٌّ يَجْرِىٓ إِلَىٰٓ أَجَلٍ مُّسَمًّى وَأَنَّ ٱللَّهَ بِمَا تَعْمَلُونَ خَبِيرٌ",
    "translation_en": "Do you not see that Allah causes the night to enter the day and causes the day to enter the night and has subjected the sun and the moon, each running [its course] for a specified term, and that Allah, with whatever you do, is Acquainted?",
    "translation_id": "Tidakkah kamu memperhatikan, bahwa sesungguhnya Allah memasukkan malam ke dalam siang dan memasukkan siang ke dalam malam dan Dia tundukkan matahari dan bulan masing-masing berjalan sampai kepada waktu yang ditentukan, dan sesungguhnya Allah Maha Mengetahui apa yang kamu kerjakan."
  }, {
    "number": 30,
    "text": "ذَٰلِكَ بِأَنَّ ٱللَّهَ هُوَ ٱلْحَقُّ وَأَنَّ مَا يَدْعُونَ مِن دُونِهِ ٱلْبَٰطِلُ وَأَنَّ ٱللَّهَ هُوَ ٱلْعَلِىُّ ٱلْكَبِيرُ",
    "translation_en": "That is because Allah is the Truth, and that what they call upon other than Him is falsehood, and because Allah is the Most High, the Grand.",
    "translation_id": "Demikianlah, karena sesungguhnya Allah, Dialah yang hak dan sesungguhnya apa saja yang mereka seru selain dari Allah itulah yang batil; dan sesungguhnya Allah Dialah Yang Maha Tinggi lagi Maha Besar."
  }, {
    "number": 31,
    "text": "أَلَمْ تَرَ أَنَّ ٱلْفُلْكَ تَجْرِى فِى ٱلْبَحْرِ بِنِعْمَتِ ٱللَّهِ لِيُرِيَكُم مِّنْ ءَايَٰتِهِۦٓ إِنَّ فِى ذَٰلِكَ لَءَايَٰتٍ لِّكُلِّ صَبَّارٍ شَكُورٍ",
    "translation_en": "Do you not see that ships sail through the sea by the favor of Allah that He may show you of His signs? Indeed in that are signs for everyone patient and grateful.",
    "translation_id": "Tidakkah kamu memperhatikan bahwa sesungguhnya kapal itu berlayar di laut dengan nikmat Allah, supaya diperlihatkan-Nya kepadamu sebahagian dari tanda-tanda (kekuasaan)-Nya. Sesungguhnya pada yang demikian itu benar-benar terdapat tanda-tanda bagi semua orang yang sangat sabar lagi banyak bersyukur."
  }, {
    "number": 32,
    "text": "وَإِذَا غَشِيَهُم مَّوْجٌ كَٱلظُّلَلِ دَعَوُا۟ ٱللَّهَ مُخْلِصِينَ لَهُ ٱلدِّينَ فَلَمَّا نَجَّىٰهُمْ إِلَى ٱلْبَرِّ فَمِنْهُم مُّقْتَصِدٌ وَمَا يَجْحَدُ بِـَٔايَٰتِنَآ إِلَّا كُلُّ خَتَّارٍ كَفُورٍ",
    "translation_en": "And when waves come over them like canopies, they supplicate Allah, sincere to Him in religion. But when He delivers them to the land, there are [some] of them who are moderate [in faith]. And none rejects Our signs except everyone treacherous and ungrateful.",
    "translation_id": "Dan apabila mereka dilamun ombak yang besar seperti gunung, mereka menyeru Allah dengan memurnikan ketaatan kepada-Nya maka tatkala Allah menyelamatkan mereka sampai di daratan, lalu sebagian mereka tetap menempuh jalan yang lurus. Dan tidak ada yang mengingkari ayat-ayat Kami selain orang-orang yang tidak setia lagi ingkar."
  }, {
    "number": 33,
    "text": "يَٰٓأَيُّهَا ٱلنَّاسُ ٱتَّقُوا۟ رَبَّكُمْ وَٱخْشَوْا۟ يَوْمًا لَّا يَجْزِى وَالِدٌ عَن وَلَدِهِۦ وَلَا مَوْلُودٌ هُوَ جَازٍ عَن وَالِدِهِۦ شَيْـًٔا إِنَّ وَعْدَ ٱللَّهِ حَقٌّ فَلَا تَغُرَّنَّكُمُ ٱلْحَيَوٰةُ ٱلدُّنْيَا وَلَا يَغُرَّنَّكُم بِٱللَّهِ ٱلْغَرُورُ",
    "translation_en": "O mankind, fear your Lord and fear a Day when no father will avail his son, nor will a son avail his father at all. Indeed, the promise of Allah is truth, so let not the worldly life delude you and be not deceived about Allah by the Deceiver.",
    "translation_id": "Hai manusia, bertakwalah kepada Tuhanmu dan takutilah suatu hari yang (pada hari itu) seorang bapak tidak dapat menolong anaknya dan seorang anak tidak dapat (pula) menolong bapaknya sedikitpun. Sesungguhnya janji Allah adalah benar, maka janganlah sekali-kali kehidupan dunia memperdayakan kamu, dan jangan (pula) penipu (syaitan) memperdayakan kamu dalam (mentaati) Allah."
  }, {
    "number": 34,
    "text": "إِنَّ ٱللَّهَ عِندَهُۥ عِلْمُ ٱلسَّاعَةِ وَيُنَزِّلُ ٱلْغَيْثَ وَيَعْلَمُ مَا فِى ٱلْأَرْحَامِ وَمَا تَدْرِى نَفْسٌ مَّاذَا تَكْسِبُ غَدًا وَمَا تَدْرِى نَفْسٌۢ بِأَىِّ أَرْضٍ تَمُوتُ إِنَّ ٱللَّهَ عَلِيمٌ خَبِيرٌۢ",
    "translation_en": "Indeed, Allah [alone] has knowledge of the Hour and sends down the rain and knows what is in the wombs. And no soul perceives what it will earn tomorrow, and no soul perceives in what land it will die. Indeed, Allah is Knowing and Acquainted.",
    "translation_id": "Sesungguhnya Allah, hanya pada sisi-Nya sajalah pengetahuan tentang Hari Kiamat; dan Dialah Yang menurunkan hujan, dan mengetahui apa yang ada dalam rahim. Dan tiada seorangpun yang dapat mengetahui (dengan pasti) apa yang akan diusahakannya besok. Dan tiada seorangpun yang dapat mengetahui di bumi mana dia akan mati. Sesungguhnya Allah Maha Mengetahui lagi Maha Mengenal."
  }],
  "tafsir": {
    "id": {
      "kemenag": {
        "name": "Kemenag",
        "source": "Aplikasi Quran Kementrian Agama Republik Indonesia",
        "text": {
          "1": "Surah Luqman ini dimulai dengan huruf-huruf hijaiyah \"Alif Lam Mim\". Selanjutnya lihat tafsir Alif Lam Mim pada jilid I.",
          "2": "Ayat ini menerangkan bahwa ayat-ayat Al-Qur'an itu disusun dengan rapi dan teliti, dengan gaya bahasa yang tinggi nilai sastranya, dan dengan tujuan yang agung dan mulia bagi manusia yang mengikuti petunjuk-petunjuknya. Tidak terdapat di dalamnya cacat, cela, dan kekurangan walaupun sedikit. Juga tidak ada satu pun dari ayat-ayatnya yang bertentangan satu sama lain. Perintah-perintahnya mudah dilaksanakan oleh siapa pun, dalam keadaan bagaimanapun dan di mana pun ia berada.",
          "3": "Ayat-ayat ini menegaskan bahwa ayat-ayat Al-Qur'an berisi petunjuk-petunjuk bagi manusia dalam mengarungi semua sisi kehidupan di dunia yang mengantar dan memimpinnya mencapai kebahagiaan hidup di akhirat kelak.\n\nJika manusia membuka lembaran-lembaran sejarah dari zaman dahulu sampai sekarang, ia akan berkesimpulan bahwa dengan diutusnya Nabi Muhammad oleh Allah dengan membawa Al-Qur'an yang berisi pokok-pokok risalah yang dibawanya, maka terbukalah pintu-pintu kebajikan bagi semesta alam. Dengan hal itu, bertambah pulalah perkembangan ilmu pengetahuan dengan segala macam cabangnya.\n\nSekalipun telah ada kebudayaan yang tinggi sebagai hasil pemikiran manusia pada periode sebelum ini, seperti kebudayaan Mesir kuno, Babilonia, Yunani, dan sebagainya, namun semua itu belum mempunyai dasar-dasar yang kuat dan kukuh untuk mencapai perkembangan manusia lebih lanjut dan sempurna di kemudian hari.\n\nDalam bidang hidup dan kehidupan manusia, Al-Qur'an memberi petunjuk agar manusia menjaga keseimbangan antara kehidupan jasmani dan rohani, serta keseimbangan dalam mencapai kehidupan duniawi dan ukhrawi. Demikian pula dalam hidup bermasyarakat dan bernegara, apa yang halal dan baik untuk dimakan boleh dimakan dan apa yang tidak baik jangan dimakan. Juga terdapat tuntunan cara berbicara dan bergaul yang baik dan sebagainya. Al-Qur'an memberi petunjuk dan aturannya, kemudian manusia mengolah dan menyesuaikan dirinya dengan alam sekelilingnya berdasarkan petunjuk dan aturan itu, mana yang paling baik dan tepat untuk dilaksanakan, dan mana yang harus dijauhi dan ditinggalkan. Orang-orang yang memikirkan, merenungkan, mengolah, dan mengamalkan petunjuk-petunjuk Al-Qur'an dengan sebaik-baiknya adalah \"orang-orang yang muhsin\".",
          "4": "Pada ayat-ayat ini disebutkan bahwa di antara tanda-tanda orang yang muhsin itu adalah:\n\n1. Selalu mengerjakan salat lima waktu yang diwajibkan kepadanya pada setiap waktu yang telah ditentukan. Ia selalu berusaha untuk melaksanakan salat itu dengan sebaik-baiknya lengkap dengan rukun dan syaratnya.\n\n2. Selalu menunaikan zakat jika telah terpenuhi syarat-syarat wajibnya. Ia yakin bahwa menunaikan zakat itu adalah kewajiban karena dalam hartanya itu terdapat hak orang lain yang harus segera diserahkan.\n\n3. Yakin bahwa masih ada hidup sesudah mati, yaitu di akhirat. Pada kehidupan akhirat itu setiap manusia akan memperoleh keadilan yang sempurna dari Allah. Perbuatan baik di balas dengan surga dan perbuatan jahat dibalas dengan siksaan neraka.",
          "5": "Orang-orang yang mempunyai tanda-tanda dan sifat-sifat yang disebutkan pada ayat-ayat yang lalu adalah orang-orang yang mengikuti petunjuk Tuhannya. Ia mendapatkan keberuntungan karena memperoleh hasil yang baik dan menyenangkan hatinya, setelah bekerja dan berusaha mengikuti petunjuk-petunjuk Al-Qur'an. Seorang yang beramal saleh akan mendapatkan keberuntungan hidup di dunia dan di akhirat nanti, dan hal itu diperoleh dengan melakukan perbuatan yang baik.",
          "6": "Ayat ini menerangkan bahwa di antara manusia ada yang tidak menghiraukan perkataan yang bermanfaat, yang dapat menambah keyakinan manusia kepada agama dan memperbaiki budi pekertinya. Mereka lebih suka mengatakan perkataan-perkataan yang tidak ada manfaatnya, menyampaikan khurafat-khurafat, dongengan-dongengan orang masa lalu, lelucon-lelucon yang tidak ada artinya. Di antara contohnya adalah seperti yang dilakukan Nadhar bin haris, dengan cara membeli buku-buku berbahasa Persia yang berisi cerita-cerita, kemudian dia mencemoohkannya kepada orang-orang Quraisy. Kalau perlu, mereka menggaji penyanyi-penyanyi untuk diperdengarkan suaranya kepada orang banyak. Isi nyanyian dan suaranya itu dibuat sedemikian rupa sehingga dapat merangsang orang yang mendengarkannya untuk melakukan perbuatan-perbuatan yang dilarang, dan makin menjauhkannya dari agama.\n\nDiriwayatkan dari Nafi', ia berkata, \"Aku berjalan bersama 'Abdullah bin 'Umar dalam suatu perjalanan, maka terdengar bunyi seruling. 'Abdullah lalu meletakkan jarinya ke lubang telinga, agar tidak mendengar bunyi seruling itu dan ia berbelok melalui jalan yang lain. Kemudian ia berkata, Nafi apakah engkau masih mendengar suara itu? Aku menjawab, 'Tidak. Maka ia mengeluarkan anak jarinya dari telinganya dan berkata, 'Beginilah aku melihat yang diperbuat Rasulullah saw jika mendengar bunyi semacam itu.\"\n\nPada riwayat yang lain dari 'Abdurrahman bin 'Auf bahwa Rasulullah saw bersabda:\n\nAku dilarang (mendengarkan) dua macam suara (bunyi) yang tidak ada artinya dan menimbulkan perbuatan jahat, yaitu suara lagu yang melalaikan dan seruling-seruling setan dan (kedua) suara ketika ditimpa musibah, yaitu yang menampar muka, mengoyak-ngoyak baju, dan nyanyian setan. (Riwayat at-Tirmidzi)\n\nMenurut Ibnu Mas'ud, yang dimaksud dengan perkataan lahw al-hadis dalam ayat ini ialah nyanyian karena ia dapat menimbulkan kemunafikan di dalam hati. Sebagian ulama mengatakan bahwa semua suara, perkataan, nyanyian, bunyi-bunyian yang dapat merusak ketaatan kepada Allah dan mendorong orang-orang yang mendengarnya melakukan perbuatan yang terlarang, disebut lahw al-hadis.\n\nDari ayat dan hadis-hadis di atas dapat diambil kesimpulan bahwa yang dilarang itu ialah mendengarkan nyanyian yang dapat membangkitkan nafsu birahi dan menjurus ke perbuatan zina, seperti nyanyian yang berisi kata-kata kotor. Termasuk juga nyanyian atau musik yang menyebabkan pendengarnya mengerjakan perbuatan-perbuatan terlarang, seperti minum khamar dan sebagainya.\n\nMendengar nyanyian atau musik yang tujuannya untuk melapangkan pikiran pada waktu istirahat atau hari raya tidak dilarang. Bahkan disuruh mendengarkannya jika nyanyian atau musik itu mempunyai arti yang baik, menambah iman, memperbaiki budi pekerti, dan menambah semangat bekerja dan berjuang.\n\nQusyairi berkata, \"Ditabuh rebana di hadapan Nabi saw ketika beliau memasuki kota Medinah, lalu Abu Bakar ingin menghentikannya, maka Rasulullah saw berkata, 'Biarkanlah mereka menabuh rebana, hai Abu Bakar, hingga orang-orang Yahudi mengetahui bahwa agama kita tidak sempit. Mereka menabuh rebana disertai dengan nyanyian-nyanyian dan syair-syair, di antara bait-baitnya berbunyi: \"Nahnu banatun Najjar, habbadha Muhammadun min jar\" (kami adalah perempuan-perempuan Bani Najjar, alangkah baiknya nasib kami jika Muhammad menjadi tetangga kami).\"\n\nPada ayat ini, Allah menerangkan akibat mendengar dan memperdengarkan nyanyian, musik, dan perkataan yang terlarang. Mereka akan memperoleh azab yang sangat menghinakan di hari Kiamat akibat perbuatan mereka yang tidak mengindahkan yang hak dan memilih kebatilan, serta menukar petunjuk dengan dosa.",
          "7": "Pada ayat ini, Allah menerangkan sifat-sifat orang-orang yang menukar kitab-kitab Allah dengan dongengan-dongengan yang tidak berguna. Apabila dibacakan kepada mereka ayat-ayat Allah, mereka membelakanginya dengan sikap angkuh dan sombong, seakan-akan mereka tidak mendengarnya karena telinga mereka telah tersumbat dan tuli.\n\nPada ayat yang lain Allah berfirman:\n\nKatakanlah, \"Al-Qur'an adalah petunjuk dan penyembuh bagi orang-orang yang beriman. Dan orang-orang yang tidak beriman pada telinga mereka ada sumbatan, dan (Al-Qur'an) itu merupakan kegelapan bagi mereka. (Fushshilat/41: 44) \n\nKarena perbuatan itu, mereka akan mendapat azab yang pedih di akhirat. Itu sebagai balasan dari perbuatan dan tindakan mereka.",
          "8": "Ayat ini menerangkan bahwa bagi orang-orang yang beriman kepada Allah, membenarkan para rasul, dan mengerjakan amal saleh, baik yang terdapat di dalam kitab yang diturunkan-Nya maupun yang disampaikan oleh rasul, menghentikan semua yang dilarang-Nya, tidak mendengarkan nyanyian, dongengan, dan segala macam bunyi-bunyian yang dapat merusak iman, me-ngurangi ketaatan, dan membawa ke jalan yang menjurus kepada perbuatan jahat, disediakan surga yang penuh kenikmatan. Di dalamnya terdapat segala macam kesenangan yang diinginkan, seperti makanan, minuman, pakaian, kamar-kamar, dan sebagai-nya.",
          "9": "Mereka kekal di dalam surga itu selama-lamanya. Semua itu adalah janji Allah kepada makhluk-Nya, yang pasti terjadi, dan tidak akan dimungkiri sedikit pun. Di sisi lain, sangat keras pula azab yang ditimpakan-Nya kepada orang-orang yang berdosa dan menghalangi manusia menempuh jalan-Nya. Allah Maha Bijaksana dalam mengurus dan menyelesaikan segala urusan makhluk-Nya.",
          "10": "Ayat ini menerangkan beberapa tanda dan bukti kekuasaan Allah yang terdapat di alam ini, yaitu:\n\n1. Menciptakan alam semesta dengan segala macam isinya, berupa planet-planet yang tidak terhitung jumlahnya. Planet-planet yang banyak itu merupakan bola-bola besar yang terapung di angkasa luas. Dalam ayat ini disebutkan \"tanpa tiang sebagaimana kamu lihat\". Dari perkataan ini dapat dipahami bahwa langit itu mempunyai tiang, yakni satu kekuatan yang menopangnya dan berfungsi sebagai tiang, sehingga planet-planet itu tidak jatuh berserakan. Hanya orang-orang yang berilmulah yang dapat melihat tiang-tiang yang kukuh itu dengan ilmu batiniah mereka.\n\n2. Allah menciptakan gunung-gunung di permukaan bumi agar bumi itu stabil, tidak berguncang, sehingga manusia, binatang, dan tumbuh-tumbuhan dapat hidup tenang di atasnya. Gunung itu seakan-akan merupakan pasak yang dapat mengokohkan permukaan bumi seperti halnya tiang-tiang kapal yang menjulang, yang dapat menstabilkan kapal itu berlayar dan berlabuh di tengah lautan, sehingga ia tidak oleng. Di samping itu, gunung juga mempunyai manfaat lain bagi manusia, di antaranya untuk mengatur pembagian dan penyaluran air hujan yang dicurahkan dari langit, sehingga air itu tetap ada di permukaan bumi meskipun musim kemarau. Banyak lagi manfaat gunung bagi manusia dan makhluk Allah yang lain.\n\n3. Allah menciptakan binatang yang tidak dapat dihitung jumlah dan jenisnya, bentuk dan warnanya, sejak dari yang besar sampai ke yang kecil sehingga tidak kelihatan oleh mata. Semua binatang yang diciptakan itu ada manfaat dan faedahnya. Kadang-kadang manusia, karena tidak mengetahui faedah dan guna binatang-binatang itu, mereka membunuh dan menumpasnya, sehingga tanpa mereka sadari timbullah kerusakan di alam ini. Akan tetapi, Allah mengetahui dengan pasti jumlah, jenis, warna, kegunaan, dan faedah semua binatang-binatang yang diciptakan-Nya itu.\n\n4. Allah menurunkan hujan dari langit. Hujan itu berasal dari awan yang dihalau-Nya ke suatu tempat tertentu, kemudian berubah menjadi hujan yang membasahi permukaan bumi. Dengan air hujan itu, tumbuhlah segala macam tumbuh-tumbuhan yang beraneka ragam, dengan warna yang indah dan manfaat yang banyak.\n\nMenurut para saintis, langit dengan kenyataannya yang tampak, seluas mata memandang tidak sepotong tiang pun yang menyangganya. Logika manusia mengharuskan ada tiang penyangga agar tidak roboh. Akan tetapi, Allah dengan kekuasaan-Nya mampu berbuat di luar jangkauan logika manusia. Manusia dan semua makhluk yang hidup di bumi berada di bawah sistem gravitasi (gaya tarik) bumi. Dengan demikian, mereka bisa stabil mengerjakan pekerjaan mereka di bumi, tidak melayang-layang di udara.\n\nKetika keluar dari bumi memasuki alam yang tak bergravitasi, manusia pun tahu bahwa di sana semua benda menjadi melayang-layang tak berbobot, termasuk manusia sendiri. Sungguh mudah bagi Allah untuk membuat apa saja sesuai kehendak-Nya, termasuk membuat langit menjadi \"ringan\" tak berbobot sehingga tidak diperlukan tiang-tiang untuk menyangganya. Tapi dapat juga dianggap bahwa medan-medan gaya yang ada dalam alam semesta ini sebagai \"tiang maya\" yang tidak tampak oleh mata?",
          "11": "Pada ayat ini, Allah menegaskan bahwa yang disebutkan pada ayat di atas itu adalah ciptaan Allah, baik yang ada di langit maupun di bumi. Tidak ada sesuatu pun yang bersekutu dengan Allah dalam menciptakan semua makhluk itu, dan tidak sesuatu pun yang berkuasa atasnya selain Allah. Segala keperluan untuk kelangsungan hidup makhluk itu, di mana ia dapat hidup dan di tempat mana ia akan mati, demikian pula tentang kegunaan dan bahaya yang dapat ditimbulkan makhluk itu, semuanya diketahui, diatur, dan dipelihara oleh Allah.\n\nKemudian Allah menantang orang-orang yang mempersekutukan-Nya, \"Cobalah tunjukkan kepada-Ku apa yang telah diciptakan berhala-berhala dan patung-patung yang kamu sembah itu. Apakah patung-patung itu berbuat sesuatu sehingga dapat diyakini sebagai Tuhan selain Aku.\"\n\nPada akhir ayat ini diterangkan bahwa orang-orang yang menyembah Tuhan selain Allah adalah orang yang bodoh, sesat, dan memperturutkan hawa nafsunya. Mereka adalah orang yang zalim kepada dirinya sendiri, sehingga mereka ditimpa azab karena memperturutkan hawa nafsunya.",
          "12": "Ayat ini menerangkan bahwa Allah menganugerahkan kepada Lukman hikmah, yaitu perasaan yang halus, akal pikiran, dan kearifan yang dapat menyampaikannya kepada pengetahuan yang hakiki dan jalan yang benar menuju kebahagiaan abadi. Oleh karena itu, ia bersyukur kepada Allah yang telah memberinya nikmat itu. Hal itu menunjukkan bahwa pengetahuan dan ajaran-ajaran yang disampaikan Lukman itu bukanlah berasal dari wahyu yang diturunkan Allah kepadanya, tetapi semata-mata berdasarkan ilmu dan hikmah yang telah dianugerahkan Allah kepadanya.\n\nBerdasarkan riwayat Ibnu Abi Syaibah, Ahmad, Ibnu Abi Dunya, Ibnu Jarir ath-thabari, Ibnu Mundzir, dan Ibnu Abi hatim dari Ibnu 'Abbas bahwa Lukman adalah seorang hamba/budak dan tukang kayu dari Habasyah. Kebanyakan ulama mengatakan bahwa Lukman adalah seorang yang arif, bijak, dan bukan nabi.\n\nBanyak riwayat yang menerangkan asal-usul Lukman ini, dan riwayat-riwayat itu antara yang satu dengan yang lain tidak ada kesesuaian. Said bin Musayyab mengatakan bahwa Lukman berasal dari Sudan, sebelah selatan Mesir. Zamakhsyari dan Ibnu Ishaq mengatakan bahwa Lukman termasuk keturunan Bani Israil dan salah seorang cucu Azar, ayah Ibrahim. Menurut pendapat ini, Lukman hidup sebelum kedatangan Nabi Daud. Sedang menurut al-Waqidi, ia salah seorang qadhi Bani Israil. Ada pula riwayat yang menerangkan bahwa Lukman hanyalah seorang yang sangat saleh (wali), bukan seorang nabi. \n\nTerlepas dari semua pendapat riwayat di atas, apakah Lukman itu seorang nabi atau bukan, apakah ia orang Sudan atau keturunan Bani Israil, maka yang jelas dan diyakini ialah Lukman adalah seorang hamba Allah yang telah dianugerahi hikmah, mempunyai akidah yang benar, memahami dasar-dasar agama Allah, dan mengetahui akhlak yang mulia. Namanya disebut dalam Al-Qur'an sebagai salah seorang yang selalu menghambakan diri kepada-Nya.\n\nSebagai tanda bahwa Lukman itu seorang hamba Allah yang selalu taat kepada-Nya, merasakan kebesaran dan kekuasaan-Nya di alam semesta ini adalah sikapnya yang selalu bersyukur kepada Allah. Ia merasa dirinya sangat tergantung kepada nikmat Allah itu dan merasa dia telah mendapat hikmah dari-Nya.\n\nMenurut riwayat dari Ibnu 'Umar bahwa ia pernah mendengar Rasulullah bersabda, \"Lukman bukanlah seorang nabi, tetapi ia adalah seorang hamba yang banyak melakukan tafakur, ia mencintai Allah, maka Allah mencintainya pula.\"\n\nPada akhir ayat ini, Allah menerangkan bahwa orang yang bersyukur kepada Allah, berarti ia bersyukur untuk kepentingan dirinya sendiri. Sebab, Allah akan menganugerahkan kepadanya pahala yang banyak karena syukurnya itu. Allah berfirman:\n\nBarang siapa bersyukur, maka sesungguhnya dia bersyukur untuk (kebaikan) dirinya sendiri, dan barang siapa ingkar, maka sesungguhnya Tuhanku Mahakaya, Mahamulia. (an-Naml/27: 40) \n\nSufyan bin Uyainah berkata, \"Siapa yang melakukan salat lima waktu berarti ia bersyukur kepada Allah, dan orang yang berdoa untuk kedua orang tuanya setiap usai salat, ia telah bersyukur kepada keduanya.\"\n\nOrang-orang yang mengingkari nikmat Allah dan tidak bersyukur kepada-Nya berarti ia telah berbuat aniaya terhadap dirinya sendiri, karena Allah tidak akan memberinya pahala bahkan menyiksanya dengan siksaan yang pedih. Allah sendiri tidak memerlukan syukur hamba-Nya karena syukur hamba-Nya itu tidak akan memberikan keuntungan kepada-Nya sedikit pun, dan tidak pula akan menambah kemuliaan-Nya. Dia Mahakuasa lagi Maha Terpuji.",
          "13": "Allah mengingatkan kepada Rasulullah nasihat yang pernah diberikan Lukman kepada putranya ketika ia memberi pelajaran kepadanya. Nasihat itu ialah, \"Wahai anakku, janganlah engkau mempersekutukan sesuatu dengan Allah, sesungguhnya mempersekutukan Allah itu adalah kezaliman yang sangat besar.\"\n\nMempersekutukan Allah dikatakan kezaliman karena perbuatan itu berarti menempatkan sesuatu tidak pada tempatnya, yaitu menyamakan sesuatu yang melimpahkan nikmat dan karunia dengan sesuatu yang tidak sanggup memberikan semua itu. Menyamakan Allah sebagai sumber nikmat dan karunia dengan patung-patung yang tidak dapat berbuat apa-apa adalah perbuatan zalim. Perbuatan itu dianggap sebagai kezaliman yang besar karena yang disamakan dengan makhluk yang tidak bisa berbuat apa-apa itu adalah Allah Pencipta dan Penguasa semesta alam, yang seharusnya semua makhluk mengabdi dan mengham-bakan diri kepada-Nya.\n\nDiriwayatkan oleh al-Bukhari dari Ibnu Mas'ud bahwa tatkala turun ayat:\n\nOrang-orang yang beriman dan tidak mencampuradukkan iman mereka dengan syirik, mereka itulah orang-orang yang mendapat rasa aman dan mereka mendapat petunjuk. (al-An'am/6: 82) \n\ntimbullah keresahan di antara para sahabat Rasulullah saw. Mereka berpendapat bahwa amat berat menjaga keimanan agar tidak bercampur dengan kezaliman. Mereka lalu berkata kepada Rasulullah saw, \"Siapakah di antara kami yang tidak mencampuradukkan keimanan dengan kezaliman?\" Maka Rasulullah menjawab, \"Maksudnya bukan demikian, apakah kamu tidak mendengar perkataan Lukman, 'Hai anakku, jangan kamu menyekutukan sesuatu dengan Allah, sesungguhnya memper-sekutukan Allah adalah kezaliman yang besar.\"\n\nDari ayat ini dipahami bahwa di antara kewajiban ayah kepada anak-anaknya ialah memberi nasihat dan pelajaran, sehingga anak-anaknya dapat menempuh jalan yang benar, dan terhindar dari kesesatan. Hal ini sesuai dengan firman Allah:\n\nWahai orang-orang yang beriman! Peliharalah dirimu dan keluargamu dari api neraka yang bahan bakarnya adalah manusia dan batu. (at-Tahrim/66: 6) \n\nJika diperhatikan susunan kalimat ayat ini, maka dapat diambil kesimpulan bahwa Lukman melarang anaknya menyekutukan Tuhan. Larangan ini adalah sesuatu yang memang patut disampaikan Lukman kepada putranya karena menyekutukan Allah adalah perbuatan dosa yang paling besar.\n\nAnak adalah generasi penerus dari orang tuanya. Cita-cita yang belum dicapai orang tua selama hidup di dunia diharapkan dapat tercapai oleh anaknya. Demikian pula kepercayaan yang dianut orang tuanya, di samping budi pekerti yang luhur, anak-anak diharapkan mewarisi dan memiliki semua nilai-nilai yang diikuti ayahnya itu di kemudian hari. Lukman telah melakukan tugas yang sangat penting kepada anaknya, dengan menyampaikan agama yang benar dan budi pekerti yang luhur. Cara Lukman menyampaikan pesan itu wajib dicontoh oleh setiap orang tua yang mengaku dirinya muslim.",
          "14": "Dalam ayat ini, Allah memerintahkan kepada manusia agar berbakti kepada kedua orang tuanya dengan berusaha melaksanakan perintah-perintahnya dan mewujudkan keinginannya. Pada ayat-ayat lain, Allah juga memerintahkan yang demikian, firman-Nya:\n\nDan Tuhanmu telah memerintahkan agar kamu jangan menyembah selain Dia dan hendaklah berbuat baik kepada ibu bapak. (al-Isra'/17: 23) \n\nHal-hal yang menyebabkan seorang anak diperintahkan berbuat baik kepada ibu adalah:\n\n1. Ibu mengandung seorang anak sampai ia dilahirkan. Selama masa mengandung itu, ibu menahan dengan sabar penderitaan yang cukup berat, mulai pada bulan-bulan pertama, kemudian kandungan itu semakin lama semakin berat, dan ibu semakin lemah, sampai ia melahirkan. Kekuatannya baru pulih setelah habis masa nifas.\n\n2. Ibu menyusui anaknya sampai usia dua tahun. Banyak penderitaan dan kesukaran yang dialami ibu dalam masa menyusukan anaknya. Hanya Allah yang mengetahui segala penderitaan itu.\n\nDalam ayat ini yang disebutkan hanya alasan mengapa seorang anak harus taat dan berbuat baik kepada ibunya, tidak disebutkan apa sebabnya seorang anak harus taat dan berbuat baik kepada bapaknya. Hal ini menunjukkan bahwa kesukaran dan penderitaan ibu dalam mengandung, memelihara, dan mendidik anaknya jauh lebih berat bila dibandingkan dengan penderitaan yang dialami bapak dalam memelihara anaknya. Penderitaan itu tidak hanya berupa pengorbanan sebagian dari waktu hidupnya untuk memelihara anaknya, tetapi juga penderitaan jasmani dan rohani. Seorang ibu juga menyediakan zat-zat penting dalam tubuhnya untuk makanan anaknya selama anaknya masih berupa janin di dalam kandungan. \n\nSesudah lahir ke dunia, sang anak itu lalu disusukannya dalam masa dua tahun (yang utama). Air susu ibu (ASI) juga terdiri dari zat-zat penting dalam darah ibu, yang disuguhkan dengan kasih sayang untuk dihisap oleh anaknya. Dalam ASI ini terdapat segala macam zat yang diperlukan untuk pertumbuhan jasmani dan rohani anak, dan untuk mencegah segala macam penyakit. Zat-zat ini tidak terdapat pada susu sapi. Oleh sebab itu, susu sapi dan yang sejenisnya tidak akan sama mutunya dengan ASI. Segala macam susu bubuk atau susu kaleng tidak ada yang sama mutunya dengan ASI.\n\nSeorang ibu sangat dihimbau untuk menyusui anaknya dengan ASI. Janganlah ia menggantinya dengan susu bubuk, kecuali dalam situasi yang sangat memaksa. Mendapatkan ASI dari ibunya adalah hak anak, dan menyusukan anak adalah suatu kewajiban yang telah dibebankan Allah kepada ibunya.\n\nDalam ayat ini, Allah hanya menyebutkan sebab-sebab manusia harus taat dan berbuat baik kepada ibunya. Nabi saw sendiri memerintahkan agar seorang anak lebih mendahulukan berbuat baik kepada ibunya daripada kepada bapaknya, sebagaimana diterangkan dalam hadis:\n\nDari Bahz bin hakim, dari bapaknya, dari kakeknya, ia berkata, \"Aku bertanya ya Rasulullah, kepada siapakah aku wajib berbakti?\" Rasulullah menjawab, \"Kepada ibumu.\" Aku bertanya, \"Kemudian kepada siapa?\" Rasulullah menjawab, \"Kepada ibumu.\" Aku bertanya, \"Kemudian kepada siapa lagi?\" Rasulullah menjawab, \"Kepada ibumu.\" Aku bertanya, \"Kemudian kepada siapa lagi?\" Rasulullah menjawab, \"Kepada bapakmu. Kemudian kepada kerabat yang lebih dekat, kemudian kerabat yang lebih dekat.\" (Riwayat Abu Dawud dan at-Tirmidzi) \n\nAdapun tentang lamanya menyusukan anak, Al-Qur'an memerintahkan agar seorang ibu menyusukan anaknya paling lama dua tahun, sebagaimana yang diterangkan dalam ayat ini, dengan firman-Nya, \"dan menyapihnya dalam masa dua tahun.\" Dalam ayat lain, Allah menentukan masa untuk menyusukan anak itu selama dua tahun. Allah berfirman:\n\nDan ibu-ibu hendaklah menyusui anak-anaknya selama dua tahun penuh, bagi yang ingin menyusui secara sempurna. (al-Baqarah/2: 233) \n\nFirman-Nya lagi:\n\nMasa mengandung sampai menyapihnya selama tiga puluh bulan. (al-Ahqaf/46: 15) \n\nPengertian ayat di atas adalah waktu yang dibutuhkan seorang ibu mengandung anaknya minimal enam bulan, dan masa menyusui dua puluh empat bulan atau dua tahun. Jika keduanya dijumlahkan akan ketemu bilangan 30 bulan.\n\nAl-Qur'an mengajarkan bahwa seorang ibu hendaknya menyusui anaknya dalam masa dua tahun. Pada ayat 233 surah al-Baqarah diterangkan bahwa masa menyusui dua tahun itu adalah bagi seorang ibu yang hendak menyusukan anaknya dengan sempurna. Maksudnya, bila ada sesuatu halangan, atau masa dua tahun itu dirasakan amat berat, maka boleh dikurangi.\n\nMasa menyusui dua tahun mengandung hikmah lainnya, yaitu untuk menjarangkan kelahiran. Dengan menjalankan pengaturan yang alami ini, seorang ibu hanya akan melahirkan paling cepat sekali dalam masa tiga tahun, atau kurang sedikit. Sebab dalam masa menyusui, seorang perempuan pada umumnya sukar untuk hamil kembali.\n\nKemudian Allah menjelaskan bahwa maksud dari \"berbuat baik\" dalam ayat ini adalah agar manusia selalu bersyukur setiap menerima nikmat-nikmat yang telah dilimpahkan kepada mereka, dan bersyukur pula kepada ibu bapak karena keduanya yang membesarkan, memelihara, dan mendidik serta bertanggung jawab atas diri mereka, sejak dalam kandungan sampai mereka dewasa dan sanggup berdiri sendiri. Masa membesarkan anak merupakan masa sulit karena ibu bapak menanggung segala macam kesusahan dan penderitaan, baik dalam menjaga maupun dalam usaha mencarikan nafkah anaknya. \n\nIbu-bapak dalam ayat ini disebut secara umum, tidak dibedakan antara ibu bapak yang muslim dengan yang kafir. Oleh karena itu, dapat dipahami bahwa anak wajib berbuat baik kepada ibu bapaknya, apakah ibu bapaknya itu muslim atau kafir.\n\nDi samping apa yang disebutkan di atas, masih ada beberapa hal yang mengharuskan anak menghormati dan berbuat baik kepada ibu bapak, antara lain:\n\n1. Ibu dan bapak telah mencurahkan kasih sayangnya kepada anak-anaknya. Cinta dan kasih sayang itu terwujud dalam berbagai bentuk, di antaranya ialah membesarkan, mendidik, menjaga, dan memenuhi keinginan-keinginan anaknya. Usaha-usaha yang tidak mengikat itu dilakukan tanpa mengharapkan balasan apa pun dari anak-anaknya, kecuali agar mereka di kemudian hari menjadi anak yang berguna bagi agama, nusa, dan bangsa.\n\n2. Anak adalah buah hati dan jantung dari ibu bapaknya, seperti yang disebutkan dalam suatu riwayat bahwa Rasulullah bersabda, \"Fatimah adalah buah hatiku.\"\n\n3. Sejak dalam kandungan, lalu dilahirkan ke dunia hingga dewasa, kebutuhan makan, minum, pakaian, dan keperluan lain anak-anak ditanggung oleh ibu bapaknya.\n\nDengan perkataan lain dapat diungkapkan bahwa nikmat yang paling besar yang diterima oleh seorang manusia adalah nikmat dari Allah, kemudian nikmat yang diterima dari ibu bapaknya. Itulah sebabnya, Allah meletakkan kewajiban berbuat baik kepada kedua ibu bapak, sesudah kewajiban beribadah kepada-Nya.\n\nPada akhir ayat ini, Allah memperingatkan bahwa manusia akan kembali kepada-Nya, bukan kepada orang lain. Pada saat itu, Dia akan memberikan pembalasan yang adil kepada hamba-hamba-Nya. Perbuatan baik akan dibalas pahala yang berlipat ganda berupa surga, sedangkan perbuatan jahat akan dibalas dengan azab neraka.",
          "15": "Diriwayatkan bahwa ayat ini diturunkan berhubungan dengan Sa'ad bin Abi Waqqash, ia berkata, \"Tatkala aku masuk Islam, ibuku bersumpah bahwa beliau tidak akan makan dan minum sebelum aku meninggalkan agama Islam itu. Untuk itu pada hari pertama aku mohon agar beliau mau makan dan minum, tetapi beliau menolaknya dan tetap bertahan pada pendiriannya. Pada hari kedua, aku juga mohon agar beliau mau makan dan minum, tetapi beliau masih tetap pada pendiriannya. Pada hari ketiga, aku mohon kepada beliau agar mau makan dan minum, tetapi tetap menolaknya. Oleh karena itu, aku berkata kepadanya, 'Demi Allah, seandainya ibu mempunyai seratus jiwa dan keluar satu persatu di hadapan saya sampai ibu mati, aku tidak akan meninggalkan agama yang aku peluk ini. Setelah ibuku melihat keyakinan dan kekuatan pendirianku, maka beliau pun mau makan.\"\n\nDari sebab turun ayat ini dapat diambil pengertian bahwa Sa'ad tidak berdosa karena tidak mengikuti kehendak ibunya untuk kembali kepada agama syirik. Hukum ini berlaku pula untuk seluruh umat Nabi Muhammad yang tidak boleh taat kepada orang tuanya mengikuti agama syirik dan perbuatan dosa yang lain.\n\nAyat ini menerangkan bahwa dalam hal tertentu, seorang anak dilarang menaati ibu bapaknya jika mereka memerintahkannya untuk menyekutukan Allah, yang dia sendiri memang tidak mengetahui bahwa Allah mempunyai sekutu, karena memang tidak ada sekutu bagi-Nya. Sepanjang pengetahuan manusia, Allah tidak mempunyai sekutu. Karena menurut naluri, manusia harus mengesakan Tuhan.\n\nSelanjutnya Allah memerintahkan agar seorang anak tetap bersikap baik kepada kedua ibu bapaknya dalam urusan dunia, seperti menghormati, menyenangkan hati, serta memberi pakaian dan tempat tinggal yang layak baginya, walaupun mereka memaksanya mempersekutukan Tuhan atau melakukan dosa yang lain.\n\nPada ayat lain diperingatkan bahwa seseorang anak wajib mengucapkan kata-kata yang baik kepada ibu bapaknya. Jangan sekali-kali bertindak atau mengucapkan kata-kata yang menyinggung hatinya, sekalipun hanya kata-kata \"ah\". Allah berfirman:\n\n¦maka sekali-kali janganlah engkau mengatakan kepada keduanya perkataan \"ah\". (al-Isra'/17: 23) \n\nPada akhir ayat ini kaum Muslimin diperintahkan agar mengikuti jalan orang yang menuju kepada Allah, Tuhan Yang Maha Esa, dan tidak mengikuti jalan orang yang menyekutukan-Nya dengan makhluk. Kemudian ayat ini ditutup dengan peringatan dari Allah bahwa hanya kepada-Nya manusia kembali, dan Ia akan memberitahukan apa-apa yang telah mereka kerjakan selama hidup di dunia.",
          "16": "Lukman berwasiat kepada anaknya agar beramal dengan baik karena apa yang dilakukan manusia, dari yang besar sampai yang sekecil-kecilnya, yang tampak dan yang tidak tampak, yang terlihat dan yang tersembunyi, baik di langit maupun di bumi, pasti diketahui Allah. Oleh karena itu, Allah pasti akan memberikan balasan yang setimpal dengan perbuatan manusia itu. Perbuatan baik akan dibalas dengan surga, sedang perbuatan jahat dan dosa akan dibalas dengan neraka. Pengetahuan Allah meliputi segala sesuatu dan tidak ada yang luput sedikit pun dari pengetahuan-Nya. \n\nAllah kemudian melukiskan dalam firman-Nya tentang penimbangan perbuatan manusia:\n\nDan Kami akan memasang timbangan yang tepat pada hari Kiamat, maka tidak seorang pun dirugikan walau sedikit. (al-Anbiya'/21: 47)",
          "17": "Pada ayat ini, Lukman mewasiatkan kepada anaknya hal-hal berikut:\n\na.Selalu mendirikan salat dengan sebaik-baiknya, sehingga diridai Allah. Jika salat yang dikerjakan itu diridai Allah, perbuatan keji dan perbuatan mungkar dapat dicegah, jiwa menjadi bersih, tidak ada kekhawatiran terhadap diri orang itu, dan mereka tidak akan bersedih hati jika ditimpa cobaan, dan merasa dirinya semakin dekat dengan Tuhannya.\n\nNabi saw bersabda:\n\nSembahlah Allah seakan-akan engkau melihat-Nya, maka jika engkau tidak melihat-Nya, maka sesungguhnya Dia melihat engkau. (Riwayat al-Bukhari dan Muslim) \n\nb.Berusaha mengajak manusia mengerjakan perbuatan-perbuatan baik yang diridai Allah, berusaha membersihkan jiwa dan mencapai keberuntungan, serta mencegah mereka agar tidak mengerjakan perbuatan-perbuatan dosa. Allah berfirman:\n\nSungguh beruntung orang yang menyucikannya (jiwa itu), dan sungguh rugi orang yang mengotorinya. (asy-Syams/91: 9-10)\n\nc.Selalu bersabar dan tabah terhadap segala macam cobaan yang menimpa, akibat dari mengajak manusia berbuat baik dan meninggalkan perbuatan yang mungkar, baik cobaan itu dalam bentuk kesenangan dan kemegahan, maupun dalam bentuk ke-sengsaraan dan penderitaan.\n\nPada akhir ayat ini diterangkan bahwa Allah memerintahkan tiga hal tersebut di atas karena merupakan pekerjaan yang amat besar faedahnya bagi yang mengerjakannya dan memberi manfaat di dunia dan di akhirat.",
          "18": "Ayat ini menerangkan lanjutan wasiat Lukman kepada anaknya, yaitu agar anaknya berbudi pekerti yang baik, dengan cara:\n\n1. Jangan sekali-kali bersifat angkuh dan sombong, membanggakan diri dan memandang rendah orang lain. Tanda-tanda seseorang yang bersifat angkuh dan sombong itu ialah:\n\n-Bila berjalan dan bertemu dengan orang lain, ia memalingkan mukanya, tidak mau menegur atau memperlihatkan sikap ramah.\n\n-Berjalan dengan sikap angkuh, seakan-akan ia yang berkuasa dan yang paling terhormat. Firman Allah:\n\nDan janganlah engkau berjalan di bumi ini dengan sombong, karena sesungguhnya engkau tidak akan dapat menembus bumi dan tidak akan mampu menjulang setinggi gunung. (al-Isra'/17: 37)\n\nDalam sebuah hadis, Rasulullah bersabda:\n\nJanganlah kamu saling membenci, janganlah kamu saling membelakangi dan janganlah kamu saling mendengki, dan jadilah kamu hamba Allah yang bersaudara. Tidak boleh bagi seorang muslim memencilkan (tidak berbaik) dengan temannya lebih dari tiga hari. (Riwayat Malik dari Anas bin Malik)\n\n2. Hendaklah berjalan secara wajar, tidak dibuat-buat dan kelihatan angkuh atau sombong, dan lemah lembut dalam berbicara, sehingga orang yang melihat dan mendengarnya merasa senang dan tenteram hatinya. Berbicara dengan sikap keras, angkuh, dan sombong dilarang Allah karena gaya bicara yang semacam itu tidak enak didengar, menyakitkan hati dan telinga. Hal itu diibaratkan Allah dengan suara keledai yang tidak nyaman didengar.\n\nYahya bin Jabir ath-tha'i meriwayatkan dari Gudhaif bin haris, ia berkata, \"Aku duduk dekat 'Abdullah bin 'Amr bin al-'ash, maka aku mendengar ia berkata, 'Sesungguhnya kubur itu akan berbicara dengan orang yang dikuburkan di dalamnya, ia berkata, 'Hai anak Adam apakah yang telah memperdayakan engkau, sehingga engkau masuk ke dalam liangku? Tidakkah engkau mengetahui bahwa aku rumah tempat engkau berada sendirian? Tidakkah engkau mengetahui bahwa aku tempat yang gelap? Tidakkah engkau mengetahui bahwa aku rumah kebenaran? Apakah yang memperdayakan engkau sehingga engkau masuk ke dalam liangku? Sesungguhnya engkau waktu hidup menyombongkan diri.\"\n\nSederhana atau wajar dalam berjalan dan berbicara bukan berarti berjalan dengan menundukkan kepala dan berbicara dengan lunak. Akan tetapi, maksudnya ialah berjalan dan berbicara dengan sopan dan lemah lembut, sehingga orang merasa senang melihatnya. Adapun berjalan dengan sikap gagah dan wajar, serta berkata dengan tegas yang menunjukkan suatu pendirian yang kuat, tidak dilarang oleh agama.\n\nMenurut suatu riwayat dari 'Aisyah r.a. bahwa beliau melihat seorang laki-laki berjalan menunduk lemah, seakan-akan telah kehilangan kekuatan tubuhnya, maka beliau pun bertanya, \"Mengapa orang itu berjalan terlalu lemah dan lambat?\" Seseorang menjawab, \"Dia adalah seorang fuqaha yang sangat alim.\" Mendengar jawaban itu 'Aisyah berkata, \"Umar adalah penghulu fuqaha, tetapi apabila berjalan, ia berjalan dengan sikap yang gagah, apabila berkata, ia bersuara sedikit keras, dan apabila memukul, maka pukulannya sangat keras.\"",
          "19": "Ayat ini menerangkan lanjutan wasiat Lukman kepada anaknya, yaitu agar anaknya berbudi pekerti yang baik, dengan cara:\n\n1. Jangan sekali-kali bersifat angkuh dan sombong, membanggakan diri dan memandang rendah orang lain. Tanda-tanda seseorang yang bersifat angkuh dan sombong itu ialah:\n\n-Bila berjalan dan bertemu dengan orang lain, ia memalingkan mukanya, tidak mau menegur atau memperlihatkan sikap ramah.\n\n-Berjalan dengan sikap angkuh, seakan-akan ia yang berkuasa dan yang paling terhormat. Firman Allah:\n\nDan janganlah engkau berjalan di bumi ini dengan sombong, karena sesungguhnya engkau tidak akan dapat menembus bumi dan tidak akan mampu menjulang setinggi gunung. (al-Isra'/17: 37)\n\nDalam sebuah hadis, Rasulullah bersabda:\n\nJanganlah kamu saling membenci, janganlah kamu saling membelakangi dan janganlah kamu saling mendengki, dan jadilah kamu hamba Allah yang bersaudara. Tidak boleh bagi seorang muslim memencilkan (tidak berbaik) dengan temannya lebih dari tiga hari. (Riwayat Malik dari Anas bin Malik)\n\n2. Hendaklah berjalan secara wajar, tidak dibuat-buat dan kelihatan angkuh atau sombong, dan lemah lembut dalam berbicara, sehingga orang yang melihat dan mendengarnya merasa senang dan tenteram hatinya. Berbicara dengan sikap keras, angkuh, dan sombong dilarang Allah karena gaya bicara yang semacam itu tidak enak didengar, menyakitkan hati dan telinga. Hal itu diibaratkan Allah dengan suara keledai yang tidak nyaman didengar.\n\nYahya bin Jabir ath-tha'i meriwayatkan dari Gudhaif bin haris, ia berkata, \"Aku duduk dekat 'Abdullah bin 'Amr bin al-'ash, maka aku mendengar ia berkata, 'Sesungguhnya kubur itu akan berbicara dengan orang yang dikuburkan di dalamnya, ia berkata, 'Hai anak Adam apakah yang telah memperdayakan engkau, sehingga engkau masuk ke dalam liangku? Tidakkah engkau mengetahui bahwa aku rumah tempat engkau berada sendirian? Tidakkah engkau mengetahui bahwa aku tempat yang gelap? Tidakkah engkau mengetahui bahwa aku rumah kebenaran? Apakah yang memperdayakan engkau sehingga engkau masuk ke dalam liangku? Sesungguhnya engkau waktu hidup menyombongkan diri.\"\n\nSederhana atau wajar dalam berjalan dan berbicara bukan berarti berjalan dengan menundukkan kepala dan berbicara dengan lunak. Akan tetapi, maksudnya ialah berjalan dan berbicara dengan sopan dan lemah lembut, sehingga orang merasa senang melihatnya. Adapun berjalan dengan sikap gagah dan wajar, serta berkata dengan tegas yang menunjukkan suatu pendirian yang kuat, tidak dilarang oleh agama.\n\nMenurut suatu riwayat dari 'Aisyah r.a. bahwa beliau melihat seorang laki-laki berjalan menunduk lemah, seakan-akan telah kehilangan kekuatan tubuhnya, maka beliau pun bertanya, \"Mengapa orang itu berjalan terlalu lemah dan lambat?\" Seseorang menjawab, \"Dia adalah seorang fuqaha yang sangat alim.\" Mendengar jawaban itu 'Aisyah berkata, \"Umar adalah penghulu fuqaha, tetapi apabila berjalan, ia berjalan dengan sikap yang gagah, apabila berkata, ia bersuara sedikit keras, dan apabila memukul, maka pukulannya sangat keras.\"",
          "20": "Ayat ini mengingatkan manusia dengan menanyakan apakah mereka tidak memperhatikan tanda-tanda keesaan dan kekuasaan Allah di alam yang luas ini? Apakah mereka tidak memperhatikan bahwa Allah-lah yang menundukkan untuk mereka semua yang ada di alam ini, sehingga mereka dapat mengambil manfaat daripadanya. Dialah yang menjadikan matahari bersinar, sehingga siang menjadi terang benderang. Sinar matahari itu dapat menumbuhkan tumbuh-tumbuhan yang akan menjadi bahan makanan bagi manusia. \n\nBulan dan bintang dijadikan-Nya bercahaya, yang dapat menerangi malam yang gelap dan menjadi petunjuk bagi kapal yang mengarungi lautan. Diturunkannya hujan yang membasahi bumi dan menyuburkan tumbuh-tumbuhan, dan airnya untuk minuman manusia dan binatang, dan sebagian air itu disimpan dalam tanah sebagai persiapan musim kemarau. Dia menjadikan aneka ragam barang tambang, gas alam, dan sebagainya, yang semuanya itu dapat diambil manfaatnya oleh manusia. Tidaklah ada yang sanggup menghitung nikmat Allah yang telah dilimpahkan-Nya kepada manusia. \n\nDari Ibnu 'Abbas r.a., \"Saya bertanya kepada Nabi saw, 'Hai Rasulullah, apa makna nikmat lahiriah? Beliau menjawab, 'Budi baik seseorang. Dan nikmat batiniah adalah dia diberi hidayah beragama Islam.\" (Riwayat al-Baihaqi)\n\nAda orang yang berpendapat bahwa adh-dhahirah ialah kesehatan dan budi pekerti yang luhur, dan al-bathinah ialah pengetahuan dan akal pikiran. Ada pula yang mengartikan adh-dhahirah dengan semua nikmat Allah yang tampak, seperti harta kekayaan, kemegahan, kecantikan, dan ketaatan, sedang al-bathinah ialah pengetahuan tentang Allah, keyakinan yang baik, pengetahuan tentang hakikat hidup yang sebenarnya, dan sebagainya. Sekalipun terdapat perbedaan tentang arti adh-dhahirah dan al-bathinah itu, namun dapat diambil kesimpulan bahwa keduanya merupakan nikmat-nikmat yang dilimpahkan Allah kepada manusia dan dapat dirasakannya.\n\nPada akhir ayat ini, Allah memperingatkan bahwa sekalipun Ia telah melimpahkan nikmat yang tidak terhingga kepada manusia, namun masih banyak manusia yang membantah dan mengingkari nikmat-nikmat itu, seperti Nadhar bin haris, Ubay bin Khalaf, dan lain-lain. Mereka membantah bukti yang dikemukakan Al-Qur'an dan seruan Nabi dengan tidak berdasarkan pada ilmu pengetahuan, hujah yang benar, dan wahyu dan kitab yang diturunkan Allah.",
          "21": "Ayat ini menerangkan bahwa orang kafir seperti yang disebutkan ayat di atas tidak dapat diharapkan lagi untuk beriman karena mereka sangat ingkar dan pikiran mereka telah ditutupi oleh taklid buta kepada nenek moyang mereka. Oleh karena itu, mereka tidak lagi menghiraukan dalil-dalil yang dike-mukakan. Sifat dan sikap mereka digambarkan Allah dalam ayat ini dengan mengatakan, \"Apabila dikatakan kepada orang-orang yang membantah keesaan Allah itu, 'Ikutilah apa yang diturunkan Allah kepada Rasul-Nya, mereka menjawab, 'Kami mengikuti apa yang telah diajarkan kepada kami oleh bapak-bapak kami, dan mereka telah mengajarkan agama yang benar dan ketentuan-ketentuan yang baik bagi kami.\"\n\nPada akhir ayat ini diterangkan bahwa orang-orang musyrik itu tetap mengikuti agama nenek moyang mereka, walaupun orang-orang tua mereka itu tidak berpengetahuan dan tidak pernah mendapat petunjuk. Hal itu menunjukkan bahwa dalam hal kepercayaan, mereka tidak lagi menggunakan akal pikiran, tetapi telah diperbudak oleh hawa nafsu. Hawa nafsu yang demikian itu diembuskan dan ditanamkan oleh setan ke dalam hati orang-orang kafir, sehingga mereka tidak akan dapat melihat kebenaran. Akibat dari tindakan itu, mereka akan terjerumus ke dalam azab neraka Jahanam di akhirat nanti.",
          "22": "Ayat ini menerangkan bahwa orang-orang yang menyembah Allah, tunduk dan merendahkan diri kepada-Nya, ikhlas dan sungguh-sungguh dalam melaksanakan perintah-perintah-Nya, dan meninggalkan semua perbuatan maksiat dan mungkar, berarti telah berpegang pada buhul tali yang kukuh.\n\nMaksud perkataan \"ihsan\" dalam ayat ini ialah beribadah kepada Allah dengan sungguh-sungguh, sehingga merasakan seolah-olah berhadapan langsung dengan-Nya, sebagaimana yang diterangkan oleh hadis, bahwa Nabi saw ditanya Jibril:\n\nTerangkanlah kepadaku tentang ihsan, Nabi saw menjawab, \"Bahwa engkau menyembah Allah, seakan-akan engkau melihat-Nya, maka jika engkau tidak melihat-Nya, sesungguhnya Dia melihat engkau.\" (Riwayat Muslim dari 'Umar) \n\nAllah mengibaratkan orang yang melakukan \"ihsan\" yang benar-benar beriman kepada-Nya, taat melaksanakan perintah-perintah-Nya, dan menghentikan larangan-larangan-Nya adalah sebagai pendaki gunung, yang menggunakan tali yang dibundelkan pada tempat berpegang. Ia tidak usah khawatir karena ia menggunakan tali dengan buhul-buhul yang kuat dan kukuh tempat berpegang. Tidak ada kekhawatiran sedikit pun dalam hatinya akan jatuh.\n\nPada akhir ayat ini diterangkan bahwa semua makhluk kembali kepada Allah saja. Oleh karena itu, hanya Dialah yang memberikan penghargaan yang baik kepada orang yang bertawakal dengan memberikan pembalasan yang baik pula.",
          "23": "Ayat ini merupakan hiburan kepada Nabi saw dan para sahabat yang merasa sedih oleh sikap dan tingkah laku orang-orang musyrik kepada mereka. Seakan-akan Allah mengatakan, \"Hai Nabi, janganlah engkau bersedih hati lantaran kekafiran mereka. Sebab, tugasmu hanya menyampaikan agama-Ku kepada mereka, bukan untuk menjadikan mereka beriman. Mereka semua akan kembali kepada-Ku pada hari Kiamat, lalu dikabarkan kepada mereka segala yang pernah mereka perbuat selama hidup di dunia. Aku akan mengadakan penilaian yang adil terhadapnya karena Aku mengetahui semua yang terkandung di dalam hati mereka.\"",
          "24": "Ayat ini menerangkan kepada orang-orang kafir bahwa mereka hanya diberi kesenangan hidup yang sebentar dan bersifat sementara. Selama waktu yang sedikit itu, mereka dapat mempergunakan nikmat-nikmat yang disediakan Allah dan mengecap kesenangan hidup. Akan tetapi, kesenangan sementara itu tidak ada artinya sama sekali jika dibandingkan dengan kesenangan ukhrawi. Kesenangan sementara itu akan hilang, seakan-akan tidak pernah mereka alami, di saat mereka menemui azab yang pedih di alam neraka nanti. Hal ini dikuatkan oleh firman Allah yang lain:\n\nKatakanlah, \"Sesungguhnya orang-orang yang mengada-adakan kebohongan terhadap Allah tidak akan beruntung.\" (Bagi mereka) kesenangan (sesaat) ketika di dunia, selanjutnya kepada Kamilah mereka kembali, kemudian Kami rasakan kepada mereka azab yang berat, karena kekafiran mereka. (Yunus/10: 69-70)",
          "25": "Ayat ini menyatakan kebodohan dan kefanatikan orang-orang musyrik terhadap agama nenek moyang mereka. Bukti kebodohan mereka itu dinyatakan Allah, \"Dan jika engkau tanyakan kepada orang-orang musyrik itu, hai Muhammad, tentang siapa yang menciptakan langit dan bumi, mereka akan menjawab bahwa yang menciptakan keduanya itu dan apa yang terdapat di dalamnya adalah Allah.\"\n\nPengakuan mereka ini adalah pengakuan yang benar, dan mereka akan terpaksa menjawab demikian, karena memang sudah amat jelas bahwa yang menjadikan alam ini adalah Allah. Berdasarkan pengakuan itu seharusnya mereka menyembah dan menghambakan diri kepada Allah saja, karena Dialah Tuhan yang berhak disembah. Akan tetapi, perbuatan dan sikap mereka itu berlawanan dengan pengakuan mereka karena mempersekutukan Allah dengan sesuatu yang tidak memberi manfaat dan tidak pula memberi mudarat.\n\nKemudian Allah mengajarkan kepada Rasul-Nya bahwa di kala orang-orang musyrik itu menjawab demikian, maka ucapkanlah, \"Segala puji bagi Allah.\" Karena dengan jawaban semacam itu, mereka telah mengakui kesalahan mereka menyembah apa yang sepatutnya tidak disembah. \n\nAllah memperingatkan pula bahwa jika mereka melakukan perbuatan yang berlawanan dengan pengakuan mereka sendiri, maka hal itu disebabkan karena kebanyakan dari orang-orang musyrik itu tidak mengetahui siapa yang berhak mendapat pujian dan ungkapan syukur manusia. Pada pengakuan kaum musyrik itu terdapat suatu kenyataan bahwa walaupun mereka mendustakan Nabi Muhammad, tetapi karena mereka percaya bahwa alam semesta ini adalah ciptaan Tuhan, maka pada hakikatnya mereka mengakui kerasulan. Menurut logika dan pikiran, Allah telah menciptakan alam ini, termasuk manusia, tentu Ia tidak akan melepaskannya begitu saja. Tuhan tentu mengirim rasul-rasul untuk memberi taufik dan hidayah-Nya kepada manusia.",
          "26": "Hanya Allah yang memiliki langit dan bumi beserta segala sesuatu yang ada di dalamnya, tidak ada yang lain karena Dialah yang menciptakannya. Dialah yang mengatur, menjaga, memelihara, dan menentukan akhir kejadiannya. Dia berbuat menurut apa yang dikehendaki-Nya. Oleh karena itu, pantaslah ia dipuji dan disanjung, serta pantas pula dipanjatkan syukur kepada-Nya. Dia tidak memerlukan sesuatu apa pun dari makhluk-Nya.\n\nDari ayat ini dapat dipahami bahwa menurut agama Islam, harta ini adalah milik Allah. Manusia hanya dipinjamkan dan diperbolehkan untuk memanfaatkannya, sesuai dengan ketentuan-ketentuan agama. Oleh karena itu, Allah bisa saja mengambil secara paksa seluruh milik manusia. Namun demikian, karena Allah tahu bahwa manusia mempunyai sifat kikir, maka Ia tidak melakukan hal itu. Allah hanya mengambil sebagian dari harta yang wajib dizakati. Dalam hal ini, waliyyul-amri (pemerintah) berhak mengambil, kalau perlu secara paksa, harta zakat yang ada pada kaum Muslimin, untuk disalurkan pada jalan Allah.",
          "27": "Diriwayatkan bahwa tatkala Rasulullah masih berada di Mekah turunlah ayat:\n\nDan mereka bertanya kepadamu (Muhammad) tentang ruh. Katakanlah, \"Ruh itu termasuk urusan Tuhanku, sedangkan kamu diberi pengetahuan hanya sedikit.\" (al- Isra'/17: 85)\n\nTatkala berhijrah ke Medinah, Rasulullah datang kepada rahib-rahib Yahudi. Mereka berkata, \"Ya Muhammad, telah sampai kepada kami bahwa engkau berkata, 'dan tidaklah kamu diberi pengetahuan melainkan sedikit. Apakah kami yang kamu maksudkan dengan perkataan itu, atau kaummu?\" Rasulullah menjawab, \"Semuanya yang aku maksudkan.\" Mereka berkata, \"Bukankah telah engkau baca dalam kitab yang diturunkan kepadamu bahwa kepada kami telah diturunkan Taurat dan di dalamnya terdapat ilmu tentang segala sesuatu.\" Rasulullah berkata, \"Ilmu dalam Taurat itu sedikit, jika dibandingkan dengan ilmu Allah, dan sesungguhnya Allah menurunkan kepadaku sesuatu, yang jika kamu amalkan, niscaya akan memberi manfaat kepadamu.\" Mereka berkata, \"Ya Muhammad, kenapa kamu mengatakan demikian, sedang engkau mengatakan, 'dan barang siapa yang diberi hikmah, sungguh telah diberikan kebajikan yang banyak. Bagaimana mungkin berkumpul pada sesuatu, ilmu yang sedikit dan kebaikan yang banyak?\" Maka Allah menurunkan ayat ini sebagai jawaban.\n\nAyat ini menerangkan tentang keluasan ilmu Allah. Hal ini diibaratkan bahwa seandainya seluruh pohon-pohon yang di muka bumi dijadikan pena untuk mencatat ilmu Allah itu, dan seluruh air laut dijadikan tintanya, kemudian ditambah dengan tujuh kali sebanyak itu, maka kalimat Allah itu belum juga habis tertulis. Dalam ayat lain, Allah berfirman:\n\nKatakanlah (Muhammad), \"Seandainya lautan menjadi tinta untuk (menulis) kalimat-kalimat Tuhanku, maka pasti habislah lautan itu sebelum selesai (penulisan) kalimat-kalimat Tuhanku, meskipun Kami datangkan tambahan sebanyak itu (pula).\" (al- Kahf/18: 109)\n\nArti \"kalimat Allah\" dalam ayat ini banyak sekali, termasuk di dalamnya kekuasaan Allah, hakikat segala sesuatu, ketentuan dan perkataan Allah, ilmu dan segala macam ciptaan-Nya. Di samping itu, juga termasuk ke dalamnya penciptaan langit dan bumi dengan segala macam yang ada di dalamnya, sejak dari yang besar sampai kepada yang halus, sejak dari binatang yang paling besar sampai kepada ribuan bakteri yang paling halus. Tumbuh-tumbuhan yang beraneka ragam, binatang-binatang yang ada di cakrawala dengan segala aturan-aturan dan banyak lagi yang lain yang tidak terhitung jumlahnya, semuanya termasuk dalam kalimat Allah.\n\nPada ayat ini ditegaskan bahwa Allah Mahakeras tuntutan-Nya. Segala kehendak dan keputusan-Nya pasti terlaksana dan Dia Maha Bijaksana dalam segala tindakan-Nya.",
          "28": "Ayat ini menerangkan bahwa menjadikan segala sesuatu merupakan hal yang mudah bagi Allah. Apakah menjadikan sesuatu yang besar, kecil, ruwet, atau menjadikan sesuatu dalam jumlah yang sedikit, semuanya sama saja bagi Allah. Begitu pula membangkitkan manusia dari dalam kuburnya di hari Kiamat adalah mudah bagi Allah. Membangkitkan seluruh manusia bagi Allah tidak ubahnya seperti membangkitkan seorang saja. Tidak ada sesuatu pun yang sukar bagi-Nya. Jika Allah berkehendak terjadinya sesuatu, cukuplah Dia mengucapkan, \"Kun\" (jadilah), maka jadilah yang dikehendaki-Nya itu. Allah berfirman:\n\nSesungguhnya urusan-Nya apabila Dia menghendaki sesuatu Dia hanya berkata kepadanya, \"Jadilah!\" Maka jadilah sesuatu itu. (Yasin/36: 82) \n\nDan firman Allah:\n\nDan perintah Kami hanyalah (dengan) satu perkataan seperti kejapan mata. (al-Qamar/54: 50)\n\nPada akhir ayat ini, Allah menyatakan bahwa Dia mendengar segala perkataan hamba-Nya dan Maha Melihat segala perbuatan mereka.",
          "29": "Dalam ayat ini, Allah menyuruh manusia memperhatikan dan memikirkan kekuasaan-Nya. Dia memasukkan malam kepada siang, dan memasukkan siang kepada malam. Maksudnya ialah bahwa Allah mengambil sebagian dari waktu malam, lalu ditambahkannya kepada waktu siang, maka terjadilah perpanjangan waktu siang itu, sebaliknya malam menjadi pendek, akan tetapi sehari semalam tetap 24 jam. Hal ini terjadi pada musim panas. Sementara itu, Allah juga mengambil sebagian dari waktu siang, lalu dimasukkan-Nya kepada waktu malam, maka menjadi panjanglah waktu malam itu, dan sebaliknya waktu siang menjadi pendek. Hal ini terjadi di musim dingin.\n\nKejadian seperti di atas amat jelas kelihatannya dan dialami oleh penduduk negeri-negeri yang terletak di daerah-daerah yang mempunyai empat macam musim dalam setahun, yaitu musim panas, musim gugur, musim dingin, dan musim semi, yaitu daerah Sedang Utara dan Sedang Selatan. Adapun di negeri-negeri yang berada di daerah khatulistiwa, maka dalam setahun hanya ada dua musim, yaitu musim kemarau dan musim hujan. Sedang pada saat-saat malam lebih panjang dari siang, atau siang lebih panjang dari malam, perbedaan itu tidak terasa karena perbedaan panjang pendeknya malam atau siang itu tidak seberapa.\n\nTerjadinya empat macam musim dalam setahun, dan terjadinya siang lebih panjang dari malam itu atau sebaliknya di daerah Sedang Utara dan Sedang Selatan, adalah karena Allah memiringkan letak bumi di garis lintang 22 Â½ derajat, sebagaimana yang dikenal dalam Ilmu Falak. Semua itu mengandung hikmah-hikmah yang sangat besar.\n\nAllah juga menundukkan matahari dan bulan untuk kepentingan manusia. Sinar matahari merupakan lampu yang menerangi manusia di siang hari, sehingga mereka dapat bekerja dan berusaha. Sinar matahari juga menyuburkan tumbuh-tumbuhan, menimbulkan angin dan awan, serta berbagai kegunaan lainnya. Demikian pula bulan dan cahayanya serta berlainan bentuknya, amat banyak kegunaannya bagi manusia, tetapi sebagian kecil saja dari kegunaan itu yang diketahuinya.\n\nBulan dan matahari beredar di garis orbitnya masing-masing, sesuai dengan ketentuan yang telah ditentukan Allah, sampai kepada waktu yang telah ditentukan-Nya. Apabila waktu yang telah ditentukan itu datang, maka langit dan bumi akan digulung, sebagaimana firman Allah:\n\n(Ingatlah) pada hari langit Kami gulung seperti menggulung lembaran-lembaran kertas. (al-Anbiya'/21: 104) \n\nPada akhir ayat ini dinyatakan bahwa Allah mengetahui segala perbuatan yang telah dikerjakan hamba-Nya, apakah itu perbuatan baik ataupun perbuatan buruk. Tidak ada yang luput dari pengetahuan-Nya. Allah akan memberinya pembalasan yang adil.",
          "30": "Ayat ini menerangkan bahwa tujuan Allah memperlihatkan tanda-tanda kekuasaan-Nya kepada manusia adalah untuk menjadi dalil dan bukti yang kuat bagi mereka bahwa manusia wajib beribadah kepada-Nya dan hanyalah Dia yang berhak disembah. Menyembah atau beribadah kepada selain Allah adalah tindakan yang batil karena semua yang selain Dia adalah fana, tidak kekal. Dia Mahakaya dan tidak memerlukan yang lain, sedangkan semua makhluk sangat tergantung kepada nikmat-Nya.\n\nAkhirnya ayat ini menegaskan bahwa Allah Mahatinggi, mengatasi segala sesuatu, Mahabesar, dan menguasai segala sesuatu. Semua tunduk dan patuh kepada-Nya.\n\n(31) Pada ayat ini, Allah memerintahkan agar manusia melihat tanda-tanda kekuasaan dan kebesaran-Nya yang ada di bumi dengan mengatakan, \"Apakah tidak engkau perhatikan, hai Muhammad, bahtera yang berlayar di lautan yang menghubungkan negeri-negeri yang berjauhan letaknya.\" Dengan adanya hubungan itu, penduduk suatu negeri akan mengenal penduduk negeri lain. Keperluan dan kebutuhan rakyat yang tidak ada di negerinya dapat diambil dan diangkut oleh kapal-kapal dari negeri-negeri yang lain, seperti bahan makanan, pakaian, obat-obatan, perhiasan, mesin-mesin, dan sebagainya. Dengan adanya kapal-kapal itu, seakan-akan hubungan antara bangsa-bangsa dan negara-negara dewasa ini semakin dekat.\n\nKapal dibuat pertama kali oleh Nabi Nuh sesuai dengan perintah Allah dalam misi penyelamatan manusia beriman ditambah dengan sejumlah pasangan hewan (lebih lanjut baca Surah Hud/11: 40). Namun demikian, dengan kemampuan berpikir manusia, maka teknologi kapal berkembang. Kapal tidak saja dibuat dari bahan kayu saja bahkan sudah berkembang dengan menggunakan logam. Walaupun akhir-akhir ini dengan berkembangnya teknologi bahan, manusia telah mampu \"meramu\" dari bahan yang tersedia menjadi bahan yang lebih ringan, kompak, mudah dibentuk, kuat, tahan cuaca, dan tahan benturan. Besi yang mestinya tenggelam, karena massa jenis logam jauh lebih besar di atas massa jenis air, tetapi dengan pemanfaatan ilmu pengetahuan dan teknologi (iptek), yakni dengan menerapkan hukum Archimides (fisika), maka besi tadi dapat mengapung di permukaan air. Hakikatnya hukum fisika itu adalah ketetapan Allah. Ketetapan Allah yang dapat dirasakan manfaatnya dalam kehidupan manusia. Itulah nikmat Allah yang sesungguhnya.\n\nSemua yang diterangkan Allah itu adalah bukti-bukti atas kekuasaan dan kebesaran-Nya yang nyata bagi orang-orang yang sabar dalam menghadapi segala macam cobaan dan kesukaran, serta bagi orang-orang yang mensyukuri nikmat-nikmat Allah yang telah dilimpahkan kepadanya. Tanda orang bersyukur kepada Allah itu ialah dengan menyatakan ungkapan syukur dalam bentuk perkataan atau perbuatan ketika menerima nikmat itu.\n\nAsy-Sya'bi berkata, \"Sabar itu adalah sebagian dari iman, syukur itu adalah sebagian iman, dan yakin adalah iman seluruhnya. Tidakkah engkau perhatikan firman Allah yang terdapat pada akhir ayat ini dan firman-Nya: \"wa fi al-ardhi ayatun li al-muqinin\" (dan pada bumi itu terdapat tanda-tanda kekuasaan Allah bagi orang-orang yang yakin) dan sabda Rasulullah saw:\n\nIman itu ada dua bagian, yaitu sebagian dalam sabar dan sebagian dalam syukur. (Riwayat al-Baihaqi dari Anas)",
          "31": "Ayat ini menerangkan bahwa tujuan Allah memperlihatkan tanda-tanda kekuasaan-Nya kepada manusia adalah untuk menjadi dalil dan bukti yang kuat bagi mereka bahwa manusia wajib beribadah kepada-Nya dan hanyalah Dia yang berhak disembah. Menyembah atau beribadah kepada selain Allah adalah tindakan yang batil karena semua yang selain Dia adalah fana, tidak kekal. Dia Mahakaya dan tidak memerlukan yang lain, sedangkan semua makhluk sangat tergantung kepada nikmat-Nya.\n\nAkhirnya ayat ini menegaskan bahwa Allah Mahatinggi, mengatasi segala sesuatu, Mahabesar, dan menguasai segala sesuatu. Semua tunduk dan patuh kepada-Nya.",
          "32": "Pada ayat ini, Allah memerintahkan agar manusia melihat tanda-tanda kekuasaan dan kebesaran-Nya yang ada di bumi dengan mengatakan, \"Apakah tidak engkau perhatikan, hai Muhammad, bahtera yang berlayar di lautan yang menghubungkan negeri-negeri yang berjauhan letaknya.\" Dengan adanya hubungan itu, penduduk suatu negeri akan mengenal penduduk negeri lain. Keperluan dan kebutuhan rakyat yang tidak ada di negerinya dapat diambil dan diangkut oleh kapal-kapal dari negeri-negeri yang lain, seperti bahan makanan, pakaian, obat-obatan, perhiasan, mesin-mesin, dan sebagainya. Dengan adanya kapal-kapal itu, seakan-akan hubungan antara bangsa-bangsa dan negara-negara dewasa ini semakin dekat.\n\nKapal dibuat pertama kali oleh Nabi Nuh sesuai dengan perintah Allah dalam misi penyelamatan manusia beriman ditambah dengan sejumlah pasangan hewan (lebih lanjut baca Surah Hud/11: 40). Namun demikian, dengan kemampuan berpikir manusia, maka teknologi kapal berkembang. Kapal tidak saja dibuat dari bahan kayu saja bahkan sudah berkembang dengan menggunakan logam. Walaupun akhir-akhir ini dengan berkembangnya teknologi bahan, manusia telah mampu \"meramu\" dari bahan yang tersedia menjadi bahan yang lebih ringan, kompak, mudah dibentuk, kuat, tahan cuaca, dan tahan benturan. Besi yang mestinya tenggelam, karena massa jenis logam jauh lebih besar di atas massa jenis air, tetapi dengan pemanfaatan ilmu pengetahuan dan teknologi (iptek), yakni dengan menerapkan hukum Archimides (fisika), maka besi tadi dapat mengapung di permukaan air. Hakikatnya hukum fisika itu adalah ketetapan Allah. Ketetapan Allah yang dapat dirasakan manfaatnya dalam kehidupan manusia. Itulah nikmat Allah yang sesungguhnya.\n\nSemua yang diterangkan Allah itu adalah bukti-bukti atas kekuasaan dan kebesaran-Nya yang nyata bagi orang-orang yang sabar dalam menghadapi segala macam cobaan dan kesukaran, serta bagi orang-orang yang mensyukuri nikmat-nikmat Allah yang telah dilimpahkan kepadanya. Tanda orang bersyukur kepada Allah itu ialah dengan menyatakan ungkapan syukur dalam bentuk perkataan atau perbuatan ketika menerima nikmat itu.\n\nAsy-Sya'bi berkata, \"Sabar itu adalah sebagian dari iman, syukur itu adalah sebagian iman, dan yakin adalah iman seluruhnya. Tidakkah engkau perhatikan firman Allah yang terdapat pada akhir ayat ini dan firman-Nya: \"wa fi al-ardhi ayatun li al-muqinin\" (dan pada bumi itu terdapat tanda-tanda kekuasaan Allah bagi orang-orang yang yakin) dan sabda Rasulullah saw:\n\nIman itu ada dua bagian, yaitu sebagian dalam sabar dan sebagian dalam syukur. (Riwayat al-Baihaqi dari Anas)",
          "33": "Ayat ini menerangkan sifat-sifat orang-orang musyrik dengan melukiskan mereka, \"Apabila orang-orang musyrik penyembah patung dan pemuja dewa itu berlayar ke tengah lautan, tiba-tiba datang gelombang besar dan menghempaskan bahtera mereka ke kiri dan ke kanan, dan merasa bahwa mereka tidak akan selamat, bahkan akan mati ditelan gelombang, maka di saat itulah mereka kembali kepada fitrahnya, dengan berdoa kepada Tuhan Yang Maha Esa dengan setulus-tulusnya. Pada saat serupa itu mereka berkeyakinan bahwa tidak ada sesuatupun yang dapat menyelamatkan mereka kecuali Allah semata, seperti yang pernah dilakukan Fir'aun di saat-saat ia akan tenggelam di laut.\n\nSetelah Allah menerima doa dan menyelamatkan mereka dari amukan gelombang itu, maka di antara mereka hanya sebagian saja yang tetap mengakui keesaan Allah, adapun yang lainnya kembali menyekutukan Tuhan. \n\nPada akhir ayat ini, Allah menegaskan bahwa yang mengingkari ayat-ayat-Nya itu dan kembali mempersekutukan Tuhan ialah orang-orang yang dalam hidupnya penuh dengan tipu daya dan kebusukan, serta mengingkari nikmat Allah.\n\n(33) Pada ayat ini, Allah memerintahkan kepada manusia untuk melaksanakan perintah-perintah dan menjauhkan diri dari hal-hal yang dilarang. Tuhan yang telah menciptakan manusia dan menciptakan langit dan bumi dengan segala isinya untuk kepentingannya. Manusia hendaklah takut pada hari dimana terjadi malapetaka yang dahsyat, tidak seorang pun yang dapat menyelamatkan dirinya dari malapetaka itu. Pada waktu itu, seorang ayah tidak kuasa menolong anaknya, demikian pula seorang anak tidak dapat menolong bapaknya, karena segala urusan waktu itu berada di tangan Allah. Tiap-tiap orang bertanggung jawab terhadap segala perbuatan yang telah dilakukannya. Mereka memikul dosanya masing-masing. Hanya perbuatan baik yang telah dilakukannya selama hidup di dunia yang dapat menolong manusia dari malapetaka itu.\n\nAllah memperingatkan bahwa janji-Nya membangkitkan manusia dari kubur adalah sesuatu yang benar-benar akan terjadi dan suatu kebenaran yang tidak dapat diragukan sedikit pun. Oleh karena itu, janganlah sekali-kali manusia tertipu oleh kesenangan hidup di dunia dan segala kenikmatan yang ada padanya, sehingga mereka berusaha dan menghabiskan seluruh waktu yang ada untuk memperoleh dan menikmati kesenangan-kesenangan duniawi. Akibatnya, tidak ada waktu lagi untuk beribadah kepada Allah, serta mengerjakan kebajikan dan amal saleh. Padahal kehidupan akhirat itulah kehidupan yang sebenarnya, kehidupan yang kekal dan lebih baik.\n\nDemikian pula Allah memperingatkan manusia akan tipu daya setan, yang selalu mencari-cari kesempatan untuk memperdaya manusia. Setan itu menjadikan kehidupan dunia itu indah dalam pandangan matanya, sehingga mereka lupa kepada tugas yang dipikulkan Allah kepada mereka sebagai khalifatullah fil ardh (makhluk yang diberi-Nya tugas memakmurkan bumi).",
          "34": "Pada ayat ini, Allah menerangkan lima perkara gaib yang hanya Dia yang mengetahuinya, yaitu:\n\n1. Hanya Allah yang mengetahui kapan datangnya Hari Kiamat. Tidak ada satu makhluk pun yang mengetahui meskipun itu malaikat, padahal malaikat adalah makhluk yang paling dekat dengan-Nya. Hal ini juga tidak diketahui oleh para nabi yang diutus.\n\nTidak ada (seorang pun) yang dapat menjelaskan waktu terjadinya selain Dia. (al-A'raf/7: 187) \n\n2. Hanya Allah yang menurunkan hujan. Dia yang menetapkan kapan, dimana, dan berapa banyak kadar air yang akan dicurahkan-Nya. Ketetapan ini tidak seorang pun yang dapat mengetahuinya. \n\n3. Hanya Allah yang dapat mengetahui dengan pasti apa yang ada dalam kandungan seorang perempuan, apakah cacat atau sempurna, dan kapan ia akan dilahirkan.\n\n4. Hanya Dia pula yang mengetahui dengan pasti apa yang akan dikerjakan oleh seseorang esok harinya. Sekalipun manusia dapat merencanakan apa yang akan dikerjakannya itu, namun semuanya itu hanyalah bersifat rencana saja. Jika Allah menghendaki, pekerjaan itu akan terlaksana. Akan tetapi, jika Ia tidak menghendaki, tidak sukar bagi-Nya untuk menghalangi terlaksananya.\n\n5. Seseorang tidak mengetahui di mana ia akan meninggal dunia nanti. Apakah di daratan, di lautan, ataupun di udara. Apakah di negeri ini, atau di negeri yang lain. Hanya Allah saja yang dapat mengetahuinya dengan pasti.\n\nDiriwayatkan dari Ibnu Mundzir dari 'Ikrimah bahwa seorang laki-laki bernama al-Waris bin 'Amr bin harisah datang kepada Nabi saw, ia bertanya, \"Ya Muhammad, kapan akan datang hari Kiamat? Bumi kita telah kering, kapan akan menjadi subur? Sesungguhnya aku meninggalkan istriku dalam keadaan hamil, kapan ia akan melahirkan? Aku mengetahui apa yang aku kerjakan sekarang, maka apakah yang akan aku kerjakan esok harinya? Aku mengetahui tempat aku dilahirkan, maka di tempat manakah aku akan meninggal? Sebagai jawabannya, turunlah ayat ini.\n\nDiriwayatkan oleh al-Bukhari dan Muslim dari Ibnu 'Umar bahwa Rasulullah saw bersabda:\n\nKunci masalah yang gaib itu ada lima, \"Sesungguhnya hanya pada Allah sajalah pengetahuan tentang Hari Kiamat. Dialah yang menurunkan hujan, Dia mengetahui apa yang dalam rahim, seseorang tidak mengetahui apa yang akan dikerjakannya esok harinya, dan ia juga tidak mengetahui di bumi mana ia akan meninggal dunia. Sesungguhnya Allah Maha Mengetahui lagi Maha Penyayang.\" (Riwayat al-Bukhari dan Muslim dari Ibnu 'Umar)"
        }
      }
    }
  }
}