{
  "name": "Az-Zariyat",
  "name_translations": {
    "ar": "الذاريات",
    "en": "The Winnowing Winds",
    "id": "Angin yang Menerbangkan"
  },
  "number_of_ayah": 60,
  "number_of_surah": 51,
  "place": "Mecca",
  "recitations": [{
    "name": "Mishari Rashid al-`Afasy",
    "audio_url": "https://download.quranicaudio.com/quran/mishaari_raashid_al_3afaasee/051.mp3"
  }, {
    "name": "Abdur-Rahman as-Sudais",
    "audio_url": "https://download.quranicaudio.com/quran/abdurrahmaan_as-sudays/051.mp3"
  }, {
    "name": "Saad al-Ghamdi",
    "audio_url": "https://download.quranicaudio.com/quran/sa3d_al-ghaamidi/complete/051.mp3"
  }],
  "type": "Makkiyah",
  "verses": [{
    "number": 1,
    "text": "بِسْمِ ٱللَّهِ ٱلرَّحْمَٰنِ ٱلرَّحِيمِ وَٱلذَّٰرِيَٰتِ ذَرْوًا",
    "translation_en": "By those [winds] scattering [dust] dispersing",
    "translation_id": "Demi (angin) yang menerbangkan debu dengan kuat."
  }, {
    "number": 2,
    "text": "فَٱلْحَٰمِلَٰتِ وِقْرًا",
    "translation_en": "And those [clouds] carrying a load [of water]",
    "translation_id": "dan awan yang mengandung hujan,"
  }, {
    "number": 3,
    "text": "فَٱلْجَٰرِيَٰتِ يُسْرًا",
    "translation_en": "And those [ships] sailing with ease",
    "translation_id": "dan kapal-kapal yang berlayar dengan mudah."
  }, {
    "number": 4,
    "text": "فَٱلْمُقَسِّمَٰتِ أَمْرًا",
    "translation_en": "And those [angels] apportioning [each] matter,",
    "translation_id": "dan (malaikat-malaikat) yang membagi-bagi urusan,"
  }, {
    "number": 5,
    "text": "إِنَّمَا تُوعَدُونَ لَصَادِقٌ",
    "translation_en": "Indeed, what you are promised is true.",
    "translation_id": "sesungguhnya apa yang dijanjikan kepadamu pasti benar."
  }, {
    "number": 6,
    "text": "وَإِنَّ ٱلدِّينَ لَوَٰقِعٌ",
    "translation_en": "And indeed, the recompense is to occur.",
    "translation_id": "dan sesungguhnya (hari) pembalasan pasti terjadi."
  }, {
    "number": 7,
    "text": "وَٱلسَّمَآءِ ذَاتِ ٱلْحُبُكِ",
    "translation_en": "By the heaven containing pathways,",
    "translation_id": "Demi langit yang mempunyai jalan-jalan,"
  }, {
    "number": 8,
    "text": "إِنَّكُمْ لَفِى قَوْلٍ مُّخْتَلِفٍ",
    "translation_en": "Indeed, you are in differing speech.",
    "translation_id": "sesungguhnya kamu benar-benar dalam keadaan berbeda pendapat,"
  }, {
    "number": 9,
    "text": "يُؤْفَكُ عَنْهُ مَنْ أُفِكَ",
    "translation_en": "Deluded away from the Qur'an is he who is deluded.",
    "translation_id": "dipalingkan daripadanya (Rasul dan Al-Quran) orang yang dipalingkan."
  }, {
    "number": 10,
    "text": "قُتِلَ ٱلْخَرَّٰصُونَ",
    "translation_en": "Destroyed are the falsifiers",
    "translation_id": "Terkutuklah orang-orang yang banyak berdusta,"
  }, {
    "number": 11,
    "text": "ٱلَّذِينَ هُمْ فِى غَمْرَةٍ سَاهُونَ",
    "translation_en": "Who are within a flood [of confusion] and heedless.",
    "translation_id": "(yaitu) orang-orang yang terbenam dalam kebodohan yang lalai,"
  }, {
    "number": 12,
    "text": "يَسْـَٔلُونَ أَيَّانَ يَوْمُ ٱلدِّينِ",
    "translation_en": "They ask, \"When is the Day of Recompense?\"",
    "translation_id": "mereka bertanya: \"Bilakah hari pembalasan itu?\""
  }, {
    "number": 13,
    "text": "يَوْمَ هُمْ عَلَى ٱلنَّارِ يُفْتَنُونَ",
    "translation_en": "[It is] the Day they will be tormented over the Fire",
    "translation_id": "(Hari pembalasan itu) ialah pada hari ketika mereka diazab di atas api neraka."
  }, {
    "number": 14,
    "text": "ذُوقُوا۟ فِتْنَتَكُمْ هَٰذَا ٱلَّذِى كُنتُم بِهِۦ تَسْتَعْجِلُونَ",
    "translation_en": "[And will be told], \"Taste your torment. This is that for which you were impatient.\"",
    "translation_id": "(Dikatakan kepada mereka): \"Rasakanlah azabmu itu. Inilah azab yang dulu kamu minta untuk disegerakan\"."
  }, {
    "number": 15,
    "text": "إِنَّ ٱلْمُتَّقِينَ فِى جَنَّٰتٍ وَعُيُونٍ",
    "translation_en": "Indeed, the righteous will be among gardens and springs,",
    "translation_id": "Sesungguhnya orang-orang yang bertakwa itu berada dalam taman-taman (surga) dan mata air-mata air,"
  }, {
    "number": 16,
    "text": "ءَاخِذِينَ مَآ ءَاتَىٰهُمْ رَبُّهُمْ إِنَّهُمْ كَانُوا۟ قَبْلَ ذَٰلِكَ مُحْسِنِينَ",
    "translation_en": "Accepting what their Lord has given them. Indeed, they were before that doers of good.",
    "translation_id": "sambil menerima segala pemberian Rabb mereka. Sesungguhnya mereka sebelum itu di dunia adalah orang-orang yang berbuat kebaikan."
  }, {
    "number": 17,
    "text": "كَانُوا۟ قَلِيلًا مِّنَ ٱلَّيْلِ مَا يَهْجَعُونَ",
    "translation_en": "They used to sleep but little of the night,",
    "translation_id": "Di dunia mereka sedikit sekali tidur diwaktu malam."
  }, {
    "number": 18,
    "text": "وَبِٱلْأَسْحَارِ هُمْ يَسْتَغْفِرُونَ",
    "translation_en": "And in the hours before dawn they would ask forgiveness,",
    "translation_id": "Dan selalu memohonkan ampunan diwaktu pagi sebelum fajar."
  }, {
    "number": 19,
    "text": "وَفِىٓ أَمْوَٰلِهِمْ حَقٌّ لِّلسَّآئِلِ وَٱلْمَحْرُومِ",
    "translation_en": "And from their properties was [given] the right of the [needy] petitioner and the deprived.",
    "translation_id": "Dan pada harta-harta mereka ada hak untuk orang miskin yang meminta dan orang miskin yang tidak mendapat bagian."
  }, {
    "number": 20,
    "text": "وَفِى ٱلْأَرْضِ ءَايَٰتٌ لِّلْمُوقِنِينَ",
    "translation_en": "And on the earth are signs for the certain [in faith]",
    "translation_id": "Dan di bumi itu terdapat tanda-tanda (kekuasaan Allah) bagi orang-orang yang yakin."
  }, {
    "number": 21,
    "text": "وَفِىٓ أَنفُسِكُمْ أَفَلَا تُبْصِرُونَ",
    "translation_en": "And in yourselves. Then will you not see?",
    "translation_id": "dan (juga) pada dirimu sendiri. Maka apakah kamu tidak memperhatikan?"
  }, {
    "number": 22,
    "text": "وَفِى ٱلسَّمَآءِ رِزْقُكُمْ وَمَا تُوعَدُونَ",
    "translation_en": "And in the heaven is your provision and whatever you are promised.",
    "translation_id": "Dan di langit terdapat (sebab-sebab) rezekimu dan terdapat (pula) apa yang dijanjikan kepadamu."
  }, {
    "number": 23,
    "text": "فَوَرَبِّ ٱلسَّمَآءِ وَٱلْأَرْضِ إِنَّهُۥ لَحَقٌّ مِّثْلَ مَآ أَنَّكُمْ تَنطِقُونَ",
    "translation_en": "Then by the Lord of the heaven and earth, indeed, it is truth - just as [sure as] it is that you are speaking.",
    "translation_id": "Maka demi Tuhan langit dan bumi, sesungguhnya yang dijanjikan itu adalah benar-benar (akan terjadi) seperti perkataan yang kamu ucapkan."
  }, {
    "number": 24,
    "text": "هَلْ أَتَىٰكَ حَدِيثُ ضَيْفِ إِبْرَٰهِيمَ ٱلْمُكْرَمِينَ",
    "translation_en": "Has there reached you the story of the honored guests of Abraham? -",
    "translation_id": "Sudahkah sampai kepadamu (Muhammad) cerita tentang tamu Ibrahim (yaitu malaikat-malaikat) yang dimuliakan?"
  }, {
    "number": 25,
    "text": "إِذْ دَخَلُوا۟ عَلَيْهِ فَقَالُوا۟ سَلَٰمًا قَالَ سَلَٰمٌ قَوْمٌ مُّنكَرُونَ",
    "translation_en": "When they entered upon him and said, \"[We greet you with] peace.\" He answered, \"[And upon you] peace, [you are] a people unknown.",
    "translation_id": "(Ingatlah) ketika mereka masuk ke tempatnya lalu mengucapkan: \"Salaamun\". Ibrahim menjawab: \"Salaamun (kamu) adalah orang-orang yang tidak dikenal\"."
  }, {
    "number": 26,
    "text": "فَرَاغَ إِلَىٰٓ أَهْلِهِۦ فَجَآءَ بِعِجْلٍ سَمِينٍ",
    "translation_en": "Then he went to his family and came with a fat [roasted] calf",
    "translation_id": "Maka dia pergi dengan diam-diam menemui keluarganya, kemudian dibawanya daging anak sapi gemuk."
  }, {
    "number": 27,
    "text": "فَقَرَّبَهُۥٓ إِلَيْهِمْ قَالَ أَلَا تَأْكُلُونَ",
    "translation_en": "And placed it near them; he said, \"Will you not eat?\"",
    "translation_id": "Lalu dihidangkannya kepada mereka. Ibrahim lalu berkata: \"Silahkan anda makan\"."
  }, {
    "number": 28,
    "text": "فَأَوْجَسَ مِنْهُمْ خِيفَةً قَالُوا۟ لَا تَخَفْ وَبَشَّرُوهُ بِغُلَٰمٍ عَلِيمٍ",
    "translation_en": "And he felt from them apprehension. They said, \"Fear not,\" and gave him good tidings of a learned boy.",
    "translation_id": "(Tetapi mereka tidak mau makan), karena itu Ibrahim merasa takut terhadap mereka. Mereka berkata: \"Janganlah kamu takut\", dan mereka memberi kabar gembira kepadanya dengan (kelahiran) seorang anak yang alim (Ishak)."
  }, {
    "number": 29,
    "text": "فَأَقْبَلَتِ ٱمْرَأَتُهُۥ فِى صَرَّةٍ فَصَكَّتْ وَجْهَهَا وَقَالَتْ عَجُوزٌ عَقِيمٌ",
    "translation_en": "And his wife approached with a cry [of alarm] and struck her face and said, \"[I am] a barren old woman!\"",
    "translation_id": "Kemudian isterinya datang memekik lalu menepuk mukanya sendiri seraya berkata: \"(Aku adalah) seorang perempuan tua yang mandul\"."
  }, {
    "number": 30,
    "text": "قَالُوا۟ كَذَٰلِكِ قَالَ رَبُّكِ إِنَّهُۥ هُوَ ٱلْحَكِيمُ ٱلْعَلِيمُ",
    "translation_en": "They said, \"Thus has said your Lord; indeed, He is the Wise, the Knowing.\"",
    "translation_id": "Mereka berkata: \"Demikianlah Tuhanmu memfirmankan\" Sesungguhnya Dialah yang Maha Bijaksana lagi Maha Mengetahui."
  }, {
    "number": 31,
    "text": "قَالَ فَمَا خَطْبُكُمْ أَيُّهَا ٱلْمُرْسَلُونَ",
    "translation_en": "[Abraham] said, \"Then what is your business [here], O messengers?\"",
    "translation_id": "Ibrahim bertanya: \"Apakah urusanmu hai para utusan?\""
  }, {
    "number": 32,
    "text": "قَالُوٓا۟ إِنَّآ أُرْسِلْنَآ إِلَىٰ قَوْمٍ مُّجْرِمِينَ",
    "translation_en": "They said, \"Indeed, we have been sent to a people of criminals",
    "translation_id": "Mereka menjawab: \"Sesungguhnya kami diutus kepada kaum yang berdosa (kaum Luth),"
  }, {
    "number": 33,
    "text": "لِنُرْسِلَ عَلَيْهِمْ حِجَارَةً مِّن طِينٍ",
    "translation_en": "To send down upon them stones of clay,",
    "translation_id": "agar kami timpakan kepada mereka batu-batu dari tanah,"
  }, {
    "number": 34,
    "text": "مُّسَوَّمَةً عِندَ رَبِّكَ لِلْمُسْرِفِينَ",
    "translation_en": "Marked in the presence of your Lord for the transgressors.\"",
    "translation_id": "yang ditandai di sisi Tuhanmu untuk membinasakan orang-orang yang melampaui batas\"."
  }, {
    "number": 35,
    "text": "فَأَخْرَجْنَا مَن كَانَ فِيهَا مِنَ ٱلْمُؤْمِنِينَ",
    "translation_en": "So We brought out whoever was in the cities of the believers.",
    "translation_id": "Lalu Kami keluarkan orang-orang yang beriman yang berada di negeri kaum Luth itu."
  }, {
    "number": 36,
    "text": "فَمَا وَجَدْنَا فِيهَا غَيْرَ بَيْتٍ مِّنَ ٱلْمُسْلِمِينَ",
    "translation_en": "And We found not within them other than a [single] house of Muslims.",
    "translation_id": "Dan Kami tidak mendapati negeri itu, kecuali sebuah rumah dari orang yang berserah diri."
  }, {
    "number": 37,
    "text": "وَتَرَكْنَا فِيهَآ ءَايَةً لِّلَّذِينَ يَخَافُونَ ٱلْعَذَابَ ٱلْأَلِيمَ",
    "translation_en": "And We left therein a sign for those who fear the painful punishment.",
    "translation_id": "Dan Kami tinggalkan pada negeri itu suatu tanda bagi orang-orang yang takut kepada siksa yang pedih."
  }, {
    "number": 38,
    "text": "وَفِى مُوسَىٰٓ إِذْ أَرْسَلْنَٰهُ إِلَىٰ فِرْعَوْنَ بِسُلْطَٰنٍ مُّبِينٍ",
    "translation_en": "And in Moses [was a sign], when We sent him to Pharaoh with clear authority.",
    "translation_id": "Dan juga pada Musa (terdapat tanda-tanda kekuasaan Allah) ketika Kami mengutusnya kepada Fir'aun dengan membawa mukjizat yang nyata."
  }, {
    "number": 39,
    "text": "فَتَوَلَّىٰ بِرُكْنِهِۦ وَقَالَ سَٰحِرٌ أَوْ مَجْنُونٌ",
    "translation_en": "But he turned away with his supporters and said,\" A magician or a madman.\"",
    "translation_id": "Maka dia (Fir'aun) berpaling (dari iman) bersama tentaranya dan berkata: \"Dia adalah seorang tukang sihir atau seorang gila\"."
  }, {
    "number": 40,
    "text": "فَأَخَذْنَٰهُ وَجُنُودَهُۥ فَنَبَذْنَٰهُمْ فِى ٱلْيَمِّ وَهُوَ مُلِيمٌ",
    "translation_en": "So We took him and his soldiers and cast them into the sea, and he was blameworthy.",
    "translation_id": "Maka Kami siksa dia dan tentaranya lalu Kami lemparkan mereka ke dalam laut, sedang dia melakukan pekerjaan yang tercela."
  }, {
    "number": 41,
    "text": "وَفِى عَادٍ إِذْ أَرْسَلْنَا عَلَيْهِمُ ٱلرِّيحَ ٱلْعَقِيمَ",
    "translation_en": "And in 'Aad [was a sign], when We sent against them the barren wind.",
    "translation_id": "Dan juga pada (kisah) Aad ketika Kami kirimkan kepada mereka angin yang membinasakan,"
  }, {
    "number": 42,
    "text": "مَا تَذَرُ مِن شَىْءٍ أَتَتْ عَلَيْهِ إِلَّا جَعَلَتْهُ كَٱلرَّمِيمِ",
    "translation_en": "It left nothing of what it came upon but that it made it like disintegrated ruins.",
    "translation_id": "angin itu tidak membiarkan satupun yang dilaluinya, melainkan dijadikannya seperti serbuk."
  }, {
    "number": 43,
    "text": "وَفِى ثَمُودَ إِذْ قِيلَ لَهُمْ تَمَتَّعُوا۟ حَتَّىٰ حِينٍ",
    "translation_en": "And in Thamud, when it was said to them, \"Enjoy yourselves for a time.\"",
    "translation_id": "Dan pada (kisah) kaum Tsamud ketika dikatakan kepada mereka: \"Bersenang-senanglah kalian sampai suatu waktu\"."
  }, {
    "number": 44,
    "text": "فَعَتَوْا۟ عَنْ أَمْرِ رَبِّهِمْ فَأَخَذَتْهُمُ ٱلصَّٰعِقَةُ وَهُمْ يَنظُرُونَ",
    "translation_en": "But they were insolent toward the command of their Lord, so the thunderbolt seized them while they were looking on.",
    "translation_id": "Maka mereka berlaku angkuh terhadap perintah Tuhannya, lalu mereka disambar petir dan mereka melihatnya."
  }, {
    "number": 45,
    "text": "فَمَا ٱسْتَطَٰعُوا۟ مِن قِيَامٍ وَمَا كَانُوا۟ مُنتَصِرِينَ",
    "translation_en": "And they were unable to arise, nor could they defend themselves.",
    "translation_id": "Maka mereka sekali-kali tidak dapat bangun dan tidak pula mendapat pertolongan,"
  }, {
    "number": 46,
    "text": "وَقَوْمَ نُوحٍ مِّن قَبْلُ إِنَّهُمْ كَانُوا۟ قَوْمًا فَٰسِقِينَ",
    "translation_en": "And [We destroyed] the people of Noah before; indeed, they were a people defiantly disobedient.",
    "translation_id": "dan (Kami membinasakan) kaum Nuh sebelum itu. Sesungguhnya mereka adalah kaum yang fasik."
  }, {
    "number": 47,
    "text": "وَٱلسَّمَآءَ بَنَيْنَٰهَا بِأَيْي۟دٍ وَإِنَّا لَمُوسِعُونَ",
    "translation_en": "And the heaven We constructed with strength, and indeed, We are [its] expander.",
    "translation_id": "Dan langit itu Kami bangun dengan kekuasaan (Kami) dan sesungguhnya Kami benar-benar berkuasa"
  }, {
    "number": 48,
    "text": "وَٱلْأَرْضَ فَرَشْنَٰهَا فَنِعْمَ ٱلْمَٰهِدُونَ",
    "translation_en": "And the earth We have spread out, and excellent is the preparer.",
    "translation_id": "Dan bumi itu Kami hamparkan, maka sebaik-baik yang menghamparkan (adalah Kami)."
  }, {
    "number": 49,
    "text": "وَمِن كُلِّ شَىْءٍ خَلَقْنَا زَوْجَيْنِ لَعَلَّكُمْ تَذَكَّرُونَ",
    "translation_en": "And of all things We created two mates; perhaps you will remember.",
    "translation_id": "Dan segala sesuatu Kami ciptakan berpasang-pasangan supaya kamu mengingat kebesaran Allah."
  }, {
    "number": 50,
    "text": "فَفِرُّوٓا۟ إِلَى ٱللَّهِ إِنِّى لَكُم مِّنْهُ نَذِيرٌ مُّبِينٌ",
    "translation_en": "So flee to Allah. Indeed, I am to you from Him a clear warner.",
    "translation_id": "Maka segeralah kembali kepada (mentaati) Allah. Sesungguhnya aku seorang pemberi peringatan yang nyata dari Allah untukmu."
  }, {
    "number": 51,
    "text": "وَلَا تَجْعَلُوا۟ مَعَ ٱللَّهِ إِلَٰهًا ءَاخَرَ إِنِّى لَكُم مِّنْهُ نَذِيرٌ مُّبِينٌ",
    "translation_en": "And do not make [as equal] with Allah another deity. Indeed, I am to you from Him a clear warner.",
    "translation_id": "Dan janganlah kamu mengadakan tuhan yang lain disamping Allah. Sesungguhnya aku seorang pemberi peringatan yang nyata dari Allah untukmu."
  }, {
    "number": 52,
    "text": "كَذَٰلِكَ مَآ أَتَى ٱلَّذِينَ مِن قَبْلِهِم مِّن رَّسُولٍ إِلَّا قَالُوا۟ سَاحِرٌ أَوْ مَجْنُونٌ",
    "translation_en": "Similarly, there came not to those before them any messenger except that they said, \"A magician or a madman.\"",
    "translation_id": "Demikianlah tidak seorang rasulpun yang datang kepada orang-orang yang sebelum mereka, melainkan mereka mengatakan: \"Dia adalah seorang tukang sihir atau seorang gila\"."
  }, {
    "number": 53,
    "text": "أَتَوَاصَوْا۟ بِهِۦ بَلْ هُمْ قَوْمٌ طَاغُونَ",
    "translation_en": "Did they suggest it to them? Rather, they [themselves] are a transgressing people.",
    "translation_id": "Apakah mereka saling berpesan tentang apa yang dikatakan itu. Sebenarnya mereka adalah kaum yang melampaui batas."
  }, {
    "number": 54,
    "text": "فَتَوَلَّ عَنْهُمْ فَمَآ أَنتَ بِمَلُومٍ",
    "translation_en": "So leave them, [O Muhammad], for you are not to be blamed.",
    "translation_id": "Maka berpalinglah kamu dari mereka dan kamu sekali-kali tidak tercela."
  }, {
    "number": 55,
    "text": "وَذَكِّرْ فَإِنَّ ٱلذِّكْرَىٰ تَنفَعُ ٱلْمُؤْمِنِينَ",
    "translation_en": "And remind, for indeed, the reminder benefits the believers.",
    "translation_id": "Dan tetaplah memberi peringatan, karena sesungguhnya peringatan itu bermanfaat bagi orang-orang yang beriman."
  }, {
    "number": 56,
    "text": "وَمَا خَلَقْتُ ٱلْجِنَّ وَٱلْإِنسَ إِلَّا لِيَعْبُدُونِ",
    "translation_en": "And I did not create the jinn and mankind except to worship Me.",
    "translation_id": "Dan aku tidak menciptakan jin dan manusia melainkan supaya mereka mengabdi kepada-Ku."
  }, {
    "number": 57,
    "text": "مَآ أُرِيدُ مِنْهُم مِّن رِّزْقٍ وَمَآ أُرِيدُ أَن يُطْعِمُونِ",
    "translation_en": "I do not want from them any provision, nor do I want them to feed Me.",
    "translation_id": "Aku tidak menghendaki rezeki sedikitpun dari mereka dan Aku tidak menghendaki supaya mereka memberi-Ku makan."
  }, {
    "number": 58,
    "text": "إِنَّ ٱللَّهَ هُوَ ٱلرَّزَّاقُ ذُو ٱلْقُوَّةِ ٱلْمَتِينُ",
    "translation_en": "Indeed, it is Allah who is the [continual] Provider, the firm possessor of strength.",
    "translation_id": "Sesungguhnya Allah Dialah Maha Pemberi rezeki Yang mempunyai Kekuatan lagi Sangat Kokoh."
  }, {
    "number": 59,
    "text": "فَإِنَّ لِلَّذِينَ ظَلَمُوا۟ ذَنُوبًا مِّثْلَ ذَنُوبِ أَصْحَٰبِهِمْ فَلَا يَسْتَعْجِلُونِ",
    "translation_en": "And indeed, for those who have wronged is a portion [of punishment] like the portion of their predecessors, so let them not impatiently urge Me.",
    "translation_id": "Maka sesungguhnya untuk orang-orang zalim ada bagian (siksa) seperti bahagian teman mereka (dahulu); maka janganlah mereka meminta kepada-Ku untuk menyegerakannya."
  }, {
    "number": 60,
    "text": "فَوَيْلٌ لِّلَّذِينَ كَفَرُوا۟ مِن يَوْمِهِمُ ٱلَّذِى يُوعَدُونَ",
    "translation_en": "And woe to those who have disbelieved from their Day which they are promised.",
    "translation_id": "Maka kecelakaanlah bagi orang-orang yang kafir pada hari yang diancamkan kepada mereka."
  }],
  "tafsir": {
    "id": {
      "kemenag": {
        "name": "Kemenag",
        "source": "Aplikasi Quran Kementrian Agama Republik Indonesia",
        "text": {
          "1": "Surah adh-dzariyat ini dimulai dengan sumpah dari Allah swt bahwa semua yang diancamkan itu pasti akan berlaku dan bahwa balasan terhadap segala amal pasti akan terbukti. Dalam surah yang sebelumnya, dikisahkan kebinasaan beberapa umat yang terdahulu secara umum dan dalam Surah adh-dzariyat ini diberikan perinciannya. Surah-surah yang pada permulaannya ada sumpah dengan hurufhuruf hijaiah (fawatihus-suwar) biasanya dimaksudkan untuk memperkuat salah satu dari tiga unsur yaitu ketauhidan, kerasulan dan kebangkitan. Dalam surah-surah yang dimaksudkan untuk memperkuat ketauhidan, biasanya digunakan sumpah dengan benda-benda yang tidak bergerak, dan untuk memperkuat keimanan tentang hari kebangkitan digunakan sumpah dengan benda-benda yang bergerak karena kebangkitan itu mengandung pengumpulan dan pemisahan yang lebih pantas dikaitkan dengan benda-benda yang bergerak. Orang Arab sangat takut akan sumpah palsu karena akibat yang sangat buruk dan terkutuk. Oleh karena itu, setiap sumpah yang serius oleh mereka sangat diperhatikan, terlebih jika yang bersumpah itu adalah Allah swt. Dalam ayat-ayat ini Allah bersumpah, \"Demi angin kencang yang menerbangkan debu dengan tiupannya yang sangat kuat dan dahsyat. Dan dengan awan yang gumpalannya mengandung banyak air hujan. Dan kapal-kapal yang berlayar hilir-mudik di lautan dengan mudah. Dan dengan para malaikat yang membagi-bagi segala urusan yang dipikulkan kepada mereka seperti mengatur perjalanan planet dan bintang-bintang, soal menurunkan air hujan, membagi rezeki, dan sebagainya.\" Ayat di atas mengajak kita untuk berpikir tentang angin. Angin adalah massa udara yang bergerak dari tempat yang bertekanan tinggi ke arah yang bertekanan lebih rendah. Penyebab adanya perbedaan tekanan ini adalah perbedaan suhu. Pada keadaan volume yang tetap, kenaikan suhu udara akan menaikkan tekanannya. Tetapi pada kenyataannya di alam kenaikan suhu udara pada suatu tempat akan menyebabkan pemuaian volume udara dan pengaliran udara ke atas, sehingga kerapatan udara di tempat itu akan berkurang dan akan diisi oleh massa udara dari tempat lain yang lebih dingin. Jadi pada dasarnya pergerakan udara ini dikendalikan oleh energi yang ditimbulkan oleh perbedaan suhu di tempat-tempat berlainan di permukaan bumi. Dengan pergerakannya, angin juga berperan sebagai radiator penyeimbang suhu udara. Tanpa adanya angin suhu di daerah gurun akan jauh lebih panas daripada yang didapati sekarang, demikian pula di daerah dingin akan sangat membekukan. Energi pergerakan angin yang memadai dapat memberikan banyak manfaat kepada manusia, seperti untuk pelayaran, memutar kincir untuk pembangkit energi. Di luar kendali manusia angin berperan penting dalam penyerbukan bunga-bunga menjadi buah dan menerbangkan biji-bijian serta spora untuk penyebaran tumbuhan. Fenomena lain yang terjadi adalah terciptanya gelombang di lautan. Pergerakan udara dapat pula terjadi dengan energi yang demikian besar sehingga menimbulkan bencana dan kerugian misalnya dalam bentuk badai dan topan. Dengan angin Allah bersumpah pada ayat berikutnya (adh-dzariyat/51 ayat 4): Dan yang membagi-bagi urusan. Dengan adanya angin, demikian banyak peristiwa-peristiwa yang terjadi yang diakibatkan hembusannya.",
          "2": "Surah adh-dzariyat ini dimulai dengan sumpah dari Allah swt bahwa semua yang diancamkan itu pasti akan berlaku dan bahwa balasan terhadap segala amal pasti akan terbukti. Dalam surah yang sebelumnya, dikisahkan kebinasaan beberapa umat yang terdahulu secara umum dan dalam Surah adh-dzariyat ini diberikan perinciannya. Surah-surah yang pada permulaannya ada sumpah dengan hurufhuruf hijaiah (fawatihus-suwar) biasanya dimaksudkan untuk memperkuat salah satu dari tiga unsur yaitu ketauhidan, kerasulan dan kebangkitan. Dalam surah-surah yang dimaksudkan untuk memperkuat ketauhidan, biasanya digunakan sumpah dengan benda-benda yang tidak bergerak, dan untuk memperkuat keimanan tentang hari kebangkitan digunakan sumpah dengan benda-benda yang bergerak karena kebangkitan itu mengandung pengumpulan dan pemisahan yang lebih pantas dikaitkan dengan benda-benda yang bergerak. Orang Arab sangat takut akan sumpah palsu karena akibat yang sangat buruk dan terkutuk. Oleh karena itu, setiap sumpah yang serius oleh mereka sangat diperhatikan, terlebih jika yang bersumpah itu adalah Allah swt. Dalam ayat-ayat ini Allah bersumpah, \"Demi angin kencang yang menerbangkan debu dengan tiupannya yang sangat kuat dan dahsyat. Dan dengan awan yang gumpalannya mengandung banyak air hujan. Dan kapal-kapal yang berlayar hilir-mudik di lautan dengan mudah. Dan dengan para malaikat yang membagi-bagi segala urusan yang dipikulkan kepada mereka seperti mengatur perjalanan planet dan bintang-bintang, soal menurunkan air hujan, membagi rezeki, dan sebagainya.\" Ayat di atas mengajak kita untuk berpikir tentang angin. Angin adalah massa udara yang bergerak dari tempat yang bertekanan tinggi ke arah yang bertekanan lebih rendah. Penyebab adanya perbedaan tekanan ini adalah perbedaan suhu. Pada keadaan volume yang tetap, kenaikan suhu udara akan menaikkan tekanannya. Tetapi pada kenyataannya di alam kenaikan suhu udara pada suatu tempat akan menyebabkan pemuaian volume udara dan pengaliran udara ke atas, sehingga kerapatan udara di tempat itu akan berkurang dan akan diisi oleh massa udara dari tempat lain yang lebih dingin. Jadi pada dasarnya pergerakan udara ini dikendalikan oleh energi yang ditimbulkan oleh perbedaan suhu di tempat-tempat berlainan di permukaan bumi. Dengan pergerakannya, angin juga berperan sebagai radiator penyeimbang suhu udara. Tanpa adanya angin suhu di daerah gurun akan jauh lebih panas daripada yang didapati sekarang, demikian pula di daerah dingin akan sangat membekukan. Energi pergerakan angin yang memadai dapat memberikan banyak manfaat kepada manusia, seperti untuk pelayaran, memutar kincir untuk pembangkit energi. Di luar kendali manusia angin berperan penting dalam penyerbukan bunga-bunga menjadi buah dan menerbangkan biji-bijian serta spora untuk penyebaran tumbuhan. Fenomena lain yang terjadi adalah terciptanya gelombang di lautan. Pergerakan udara dapat pula terjadi dengan energi yang demikian besar sehingga menimbulkan bencana dan kerugian misalnya dalam bentuk badai dan topan. Dengan angin Allah bersumpah pada ayat berikutnya (adh-dzariyat/51 ayat 4): Dan yang membagi-bagi urusan. Dengan adanya angin, demikian banyak peristiwa-peristiwa yang terjadi yang diakibatkan hembusannya.",
          "3": "Surah adh-dzariyat ini dimulai dengan sumpah dari Allah swt bahwa semua yang diancamkan itu pasti akan berlaku dan bahwa balasan terhadap segala amal pasti akan terbukti. Dalam surah yang sebelumnya, dikisahkan kebinasaan beberapa umat yang terdahulu secara umum dan dalam Surah adh-dzariyat ini diberikan perinciannya. Surah-surah yang pada permulaannya ada sumpah dengan hurufhuruf hijaiah (fawatihus-suwar) biasanya dimaksudkan untuk memperkuat salah satu dari tiga unsur yaitu ketauhidan, kerasulan dan kebangkitan. Dalam surah-surah yang dimaksudkan untuk memperkuat ketauhidan, biasanya digunakan sumpah dengan benda-benda yang tidak bergerak, dan untuk memperkuat keimanan tentang hari kebangkitan digunakan sumpah dengan benda-benda yang bergerak karena kebangkitan itu mengandung pengumpulan dan pemisahan yang lebih pantas dikaitkan dengan benda-benda yang bergerak. Orang Arab sangat takut akan sumpah palsu karena akibat yang sangat buruk dan terkutuk. Oleh karena itu, setiap sumpah yang serius oleh mereka sangat diperhatikan, terlebih jika yang bersumpah itu adalah Allah swt. Dalam ayat-ayat ini Allah bersumpah, \"Demi angin kencang yang menerbangkan debu dengan tiupannya yang sangat kuat dan dahsyat. Dan dengan awan yang gumpalannya mengandung banyak air hujan. Dan kapal-kapal yang berlayar hilir-mudik di lautan dengan mudah. Dan dengan para malaikat yang membagi-bagi segala urusan yang dipikulkan kepada mereka seperti mengatur perjalanan planet dan bintang-bintang, soal menurunkan air hujan, membagi rezeki, dan sebagainya.\" Ayat di atas mengajak kita untuk berpikir tentang angin. Angin adalah massa udara yang bergerak dari tempat yang bertekanan tinggi ke arah yang bertekanan lebih rendah. Penyebab adanya perbedaan tekanan ini adalah perbedaan suhu. Pada keadaan volume yang tetap, kenaikan suhu udara akan menaikkan tekanannya. Tetapi pada kenyataannya di alam kenaikan suhu udara pada suatu tempat akan menyebabkan pemuaian volume udara dan pengaliran udara ke atas, sehingga kerapatan udara di tempat itu akan berkurang dan akan diisi oleh massa udara dari tempat lain yang lebih dingin. Jadi pada dasarnya pergerakan udara ini dikendalikan oleh energi yang ditimbulkan oleh perbedaan suhu di tempat-tempat berlainan di permukaan bumi. Dengan pergerakannya, angin juga berperan sebagai radiator penyeimbang suhu udara. Tanpa adanya angin suhu di daerah gurun akan jauh lebih panas daripada yang didapati sekarang, demikian pula di daerah dingin akan sangat membekukan. Energi pergerakan angin yang memadai dapat memberikan banyak manfaat kepada manusia, seperti untuk pelayaran, memutar kincir untuk pembangkit energi. Di luar kendali manusia angin berperan penting dalam penyerbukan bunga-bunga menjadi buah dan menerbangkan biji-bijian serta spora untuk penyebaran tumbuhan. Fenomena lain yang terjadi adalah terciptanya gelombang di lautan. Pergerakan udara dapat pula terjadi dengan energi yang demikian besar sehingga menimbulkan bencana dan kerugian misalnya dalam bentuk badai dan topan. Dengan angin Allah bersumpah pada ayat berikutnya (adh-dzariyat/51 ayat 4): Dan yang membagi-bagi urusan. Dengan adanya angin, demikian banyak peristiwa-peristiwa yang terjadi yang diakibatkan hembusannya.",
          "4": "Surah adh-dzariyat ini dimulai dengan sumpah dari Allah swt bahwa semua yang diancamkan itu pasti akan berlaku dan bahwa balasan terhadap segala amal pasti akan terbukti. Dalam surah yang sebelumnya, dikisahkan kebinasaan beberapa umat yang terdahulu secara umum dan dalam Surah adh-dzariyat ini diberikan perinciannya. Surah-surah yang pada permulaannya ada sumpah dengan hurufhuruf hijaiah (fawatihus-suwar) biasanya dimaksudkan untuk memperkuat salah satu dari tiga unsur yaitu ketauhidan, kerasulan dan kebangkitan. Dalam surah-surah yang dimaksudkan untuk memperkuat ketauhidan, biasanya digunakan sumpah dengan benda-benda yang tidak bergerak, dan untuk memperkuat keimanan tentang hari kebangkitan digunakan sumpah dengan benda-benda yang bergerak karena kebangkitan itu mengandung pengumpulan dan pemisahan yang lebih pantas dikaitkan dengan benda-benda yang bergerak. Orang Arab sangat takut akan sumpah palsu karena akibat yang sangat buruk dan terkutuk. Oleh karena itu, setiap sumpah yang serius oleh mereka sangat diperhatikan, terlebih jika yang bersumpah itu adalah Allah swt. Dalam ayat-ayat ini Allah bersumpah, \"Demi angin kencang yang menerbangkan debu dengan tiupannya yang sangat kuat dan dahsyat. Dan dengan awan yang gumpalannya mengandung banyak air hujan. Dan kapal-kapal yang berlayar hilir-mudik di lautan dengan mudah. Dan dengan para malaikat yang membagi-bagi segala urusan yang dipikulkan kepada mereka seperti mengatur perjalanan planet dan bintang-bintang, soal menurunkan air hujan, membagi rezeki, dan sebagainya.\" Ayat di atas mengajak kita untuk berpikir tentang angin. Angin adalah massa udara yang bergerak dari tempat yang bertekanan tinggi ke arah yang bertekanan lebih rendah. Penyebab adanya perbedaan tekanan ini adalah perbedaan suhu. Pada keadaan volume yang tetap, kenaikan suhu udara akan menaikkan tekanannya. Tetapi pada kenyataannya di alam kenaikan suhu udara pada suatu tempat akan menyebabkan pemuaian volume udara dan pengaliran udara ke atas, sehingga kerapatan udara di tempat itu akan berkurang dan akan diisi oleh massa udara dari tempat lain yang lebih dingin. Jadi pada dasarnya pergerakan udara ini dikendalikan oleh energi yang ditimbulkan oleh perbedaan suhu di tempat-tempat berlainan di permukaan bumi. Dengan pergerakannya, angin juga berperan sebagai radiator penyeimbang suhu udara. Tanpa adanya angin suhu di daerah gurun akan jauh lebih panas daripada yang didapati sekarang, demikian pula di daerah dingin akan sangat membekukan. Energi pergerakan angin yang memadai dapat memberikan banyak manfaat kepada manusia, seperti untuk pelayaran, memutar kincir untuk pembangkit energi. Di luar kendali manusia angin berperan penting dalam penyerbukan bunga-bunga menjadi buah dan menerbangkan biji-bijian serta spora untuk penyebaran tumbuhan. Fenomena lain yang terjadi adalah terciptanya gelombang di lautan. Pergerakan udara dapat pula terjadi dengan energi yang demikian besar sehingga menimbulkan bencana dan kerugian misalnya dalam bentuk badai dan topan. Dengan angin Allah bersumpah pada ayat berikutnya (adh-dzariyat/51 ayat 4): Dan yang membagi-bagi urusan. Dengan adanya angin, demikian banyak peristiwa-peristiwa yang terjadi yang diakibatkan hembusannya.",
          "5": "Ayat ini menegaskan tentang isi sumpah tersebut: Sesungguhnya apa yang dijanjikan kepadamu seperti hari kebangkitan, pembalasan, hisab pada hari Kiamat semuanya itu pasti akan terjadi. Dan bahwa sesungguhnya hari pembalasan bagi setiap amal pasti terjadi.",
          "6": "Ayat ini menegaskan tentang isi sumpah tersebut: Sesungguhnya apa yang dijanjikan kepadamu seperti hari kebangkitan, pembalasan, hisab pada hari Kiamat semuanya itu pasti akan terjadi. Dan bahwa sesungguhnya hari pembalasan bagi setiap amal pasti terjadi.",
          "7": "Dalam ayat ini Allah bersumpah: Demi langit yang mempunyai garis edar (orbit) tempat beredarnya bintang-bintang dan planetplanet. Menurut Quraish Shihab, kata al-hubuk dapat berarti yang indah dan baik atau yang teratur. Dapat pula dipahami sebagai bentuk jamak dari habikah atau hibak, yakni jalan, seperti jalan-jalan yang terlihat di atas air apabila ditimpa hembusan angin. Dalam teori fisika relativitas umum, dikenal mengenai mekanisme pemendekan jarak yang sangat jauh menjadi hanya beberapa meter saja. Einstein menyebutnya sebagai jembatan (bridge) dan saat ini para ilmuwan menyebutnya sebagai wormhole (lubang cacing). Wormhole ini merupakan jalan pintas yang menghubungkan dua tempat di jagad raya ini. Sebagai gambaran, kita ingin bepergian ke suatu galaksi yang letaknya 100 juta tahun cahaya dari bumi (jika 1 tahun cahaya = 9,46 x 1012 km, maka galaksi tersebut jaraknya dari bumi sekitar 9,46x1018 km, atau 9,46 juta-juta-juta km!). Tidak terbayangkan kapan kita sampai ke galaksi tersebut. Andaikata ada pesawat ulang-alik yang memiliki kecepatan mendekati kecepatan cahaya saja kita memerlukan waktu 100 juta tahun! Namun apabila kita menggunakan jalan pintas 'wormhole, kita akan sampai di galaksi hari ini. Perlu dicatat bahwa ini merupakan konsekuensi dari pemendekan jarak yang terjadi dalam wormhole. Dengan demikian bisa jadi, al-hubuk berupa sebuah jalan seperti yang digambarkan oleh para ahli fisika, wormhole, sebuah jalan 'khusus yang diberikan Allah kepada para Malaikat dan hambahambaNya yang terpilih. Perjalanan Rasulullah dalam peristiwa Isra' Mi'raj, boleh jadi melewati mekanisme pemendekan jarak sehingga jarak yang demikian jauhnya ditempuh Rasulullah hanya dalam bilangan jam.",
          "8": "Ayat ini menegaskan tentang isi sumpah tersebut, bahwa sesungguhnya orang-orang musyrik benar-benar dalam keadaan berbeda-beda pendapat tentang Muhammad saw dan Al-Qur'an. Di antara mereka ada yang menganggap Muhammad saw sebagai tukang syair, ada pula yang menuduhnya sebagai seorang tukang sihir atau gila, dan terhadap Al-Qur'an ada yang menuduh sebagai kitab dongengan purbakala, kitab sihir atau pantun. Perbedaan pendapat yang sangat mencolok itu menjadi bukti yang nyata tentang rusaknya alam pikiran mereka yang penuh dengan syirik. (",
          "9": "Ayat ini menegaskan bahwa dalam keadaan berbeda pendapat, orang musyrik tersebut semakin dijauhkan dan dipalingkan dari rasul dan Al-Qur'an sehingga mereka menjadi tambah sesat.",
          "10": "Ayat ini menegaskan bahwa orang-orang yang banyak berdusta dikutuk oleh Allah. Mereka termasuk golongan orang-orang yang sangat jahil, yang berkecimpung dalam kegelapan dan kesesatan, juga terbenam dalam kebodohan dan kelalaian yang sangat menyedihkan.",
          "11": "Ayat ini menegaskan bahwa orang-orang yang banyak berdusta dikutuk oleh Allah. Mereka termasuk golongan orang-orang yang sangat jahil, yang berkecimpung dalam kegelapan dan kesesatan, juga terbenam dalam kebodohan dan kelalaian yang sangat menyedihkan.",
          "12": "Ayat ini mengungkapkan ketika orang musyrik itu mencemoohkan bertanya kepada Nabi saw, \"Kapankah datangnya hari pembalasan itu?\"",
          "13": "Ayat ini mengungkapkan bahwa hari pembalasan itu ialah hari ketika orang-orang kafir di azab dengan azab yang sangat pedih di atas api neraka. Sesungguhnya orang-orang musyrik itu jika mempunyai hamba sahaya yang bekerja sebagai buruh harian tentu akan memeriksa pekerjaan mereka sebelum mereka diberi upah. Mereka memeriksa, bertanya dan meneliti hasil pekerjaan buruhburuh mereka. Apakah tidak dipikirkan oleh mereka tentang pengabdian sekalian manusia kepada Allah yang telah melimpahkan segala macam kenikmatan kepadanya, mulai dari penciptaan langit dan bumi dan segala isinya sampai kepada pemenuhan segala hajat kebutuhan manusia seperti sandang, pangan, perumahan, jaminan hari tua, dan sebagainya. Apakah patut Allah membiarkan mereka hidup berfoya-foya saja, padahal Allah tidak menciptakan manusia secara sia-sia, bahkan pasti akan mengadakan hari kebangkitan dan hari pembalasan? Oleh karena mereka tenggelam dalam arus kebodohan dan kelalaian, maka hal-hal yang sangat masuk akal dan nyata itu dibiarkan lewat begitu saja tanpa kesungguhan dan perhatian, dan barulah mereka sadar ketika mereka diazab di dalam api neraka.",
          "14": "Di samping azab yang amat pedih, mereka juga menderita azab rohani ketika para malaikat berkata, \"Rasakanlah azabmu ini yang dahulu kamu waktu di dunia selalu kamu minta supaya disegerakan.\"",
          "15": "Ayat ini menjelaskan bahwa sesungguhnya orang-orang yang bertakwa, yang menjalankan segala perintah Allah dan menjauhi segala larangan-Nya berada di dalam taman-taman surga yang mengalir di bawahnya air yang jernih dan murni, sangat menyenangkan, sangat nyaman, di luar perkiraan dan bayangan yang tergores dalam hati dan terpandang oleh mata; terlebih-lebih karena mereka tetap abadi di dalamnya, tidak akan keluar lagi, tetap berada dalam keridaan Allah Yang Maha Penyayang lagi Maha Pengasih. Pahala yang demikian itu ada kaitannya dengan amal perbuatan mereka ketika di dunia yaitu mereka mengambil segala pemberian yang dianugerahkan oleh Tuhan kepada mereka itu, karena sesungguhnya mereka ketika berada di dunia selalu mengerjakan amal kebajikan, baik terhadap Allah maupun terhadap sesama manusia dengan tujuan semata-mata untuk mencapai keridaan-Nya. (",
          "16": "Ayat ini menjelaskan bahwa sesungguhnya orang-orang yang bertakwa, yang menjalankan segala perintah Allah dan menjauhi segala larangan-Nya berada di dalam taman-taman surga yang mengalir di bawahnya air yang jernih dan murni, sangat menyenangkan, sangat nyaman, di luar perkiraan dan bayangan yang tergores dalam hati dan terpandang oleh mata; terlebih-lebih karena mereka tetap abadi di dalamnya, tidak akan keluar lagi, tetap berada dalam keridaan Allah Yang Maha Penyayang lagi Maha Pengasih. Pahala yang demikian itu ada kaitannya dengan amal perbuatan mereka ketika di dunia yaitu mereka mengambil segala pemberian yang dianugerahkan oleh Tuhan kepada mereka itu, karena sesungguhnya mereka ketika berada di dunia selalu mengerjakan amal kebajikan, baik terhadap Allah maupun terhadap sesama manusia dengan tujuan semata-mata untuk mencapai keridaan-Nya. (",
          "17": "Ayat ini menerangkan tentang sifat-sifat orang yang takwa, yaitu sedikit sekali tidur di waktu malam karena mengisi waktu dengan salat Tahajud. Mereka dalam melakukan ibadah tahajudnya merasa tenang dan penuh dengan kerinduan dan dalam munajatnya kepada Allah sengaja memilih waktu yang sunyi dari gangguan makhluk lain seperti dua orang pengantin baru dalam menumpahkan isi hati kepada kesayangannya, tentu memilih tempat dan waktu yang nyaman dan aman bebas dari gangguan siapa pun. Mereka ingat bahwa hidup berkumpul dengan keluarga dan yang lainnya tidak dapat berlangsung selama-lamanya. Bila telah tiba ajal, pasti berpisah, masuk ke dalam kubur, masing-masing sendirian saja. Oleh karena itu, sebelum tiba waktu perpisahan, mereka merasa sangat perlu mengadakan hubungan khidmat dan mahabbah dengan Tuhan Yang Mahakuasa, satu-satunya penguasa yang dapat memenuhi segala harapan. Di akhir-akhir malam (pada waktu sahur) mereka memohon ampun kepada Allah. Sengaja dipilihnya waktu sahur itu oleh karena kebanyakan orang sedang tidur nyenyak, keadaan sunyi dari segala kesibukan sehingga mudah menjalin hubungan dengan Tuhannya.",
          "18": "Ayat ini menerangkan tentang sifat-sifat orang yang takwa, yaitu sedikit sekali tidur di waktu malam karena mengisi waktu dengan salat Tahajud. Mereka dalam melakukan ibadah tahajudnya merasa tenang dan penuh dengan kerinduan dan dalam munajatnya kepada Allah sengaja memilih waktu yang sunyi dari gangguan makhluk lain seperti dua orang pengantin baru dalam menumpahkan isi hati kepada kesayangannya, tentu memilih tempat dan waktu yang nyaman dan aman bebas dari gangguan siapa pun. Mereka ingat bahwa hidup berkumpul dengan keluarga dan yang lainnya tidak dapat berlangsung selama-lamanya. Bila telah tiba ajal, pasti berpisah, masuk ke dalam kubur, masing-masing sendirian saja. Oleh karena itu, sebelum tiba waktu perpisahan, mereka merasa sangat perlu mengadakan hubungan khidmat dan mahabbah dengan Tuhan Yang Mahakuasa, satu-satunya penguasa yang dapat memenuhi segala harapan. Di akhir-akhir malam (pada waktu sahur) mereka memohon ampun kepada Allah. Sengaja dipilihnya waktu sahur itu oleh karena kebanyakan orang sedang tidur nyenyak, keadaan sunyi dari segala kesibukan sehingga mudah menjalin hubungan dengan Tuhannya.",
          "19": "Ayat ini menjelaskan bahwa di samping mereka melaksanakan salat wajib dan sunah, mereka juga selalu mengeluarkan infaq fi sabilillah dengan mengeluarkan zakat wajib atau sumbangan derma atau sokongan sukarela karena mereka memandang bahwa pada harta-harta mereka itu ada hak fakir miskin yang meminta dan orang miskin yang tidak meminta bagian karena merasa malu untuk meminta. Ibnu Jarir meriwayatkan sebuah hadis dari Abu Hurairah bahwa Nabi Muhammad saw pernah menerangkan siapa saja yang tergolong orang miskin, dengan sabdanya: Bukanlah orang miskin itu yang tidak diberi sebiji dan dua biji kurma atau sesuap dan dua suap makanan. Beliau ditanya, \"(Jika demikian) siapakah yang dinamakan miskin itu?\" Beliau menjawab, \"Orang yang tidak mempunyai apa yang diperlukan dan tidak dikenal tempatnya sehingga tidak diberikan sedekah kepadanya. Itulah orang yang mahrum tidak dapat bagian.\" (Riwayat Ibnu Jarir dari Abu Hurairah) Di dalam Al-Qur'an terdapat tiga kelompok ayat yang selalu ber dampingan, tidak dapat dipisahkan yaitu perintah untuk salat danmengeluarkan zakat, perintah supaya taat kepada Allah dan rasulNya, dan perintah untuk bersyukur kepada Allah dan kedua ibubapak. Setelah Allah menerangkan sifat-sifat orang yang bertakwa, maka Allah menjelaskan bahwa mereka itu melihat dengan hati nurani tanda-tanda kekuasaan Allah pada alam kosmos, pada alam semesta yang melintang di sekelilingnya, di bumi dan di langit sehingga memiliki ketenangan jiwa, sebagai tanda seorang yang sudah makrifah kepada Allah.",
          "20": "Ayat ini menerangkan bahwa di bumi ini terdapat tandatanda yang menunjukkan kekuasaan Allah bila dilihat dengan mata hati yaitu benda-benda yang besar, cantik dan indah seperti matahari, bulan, gunung-gunung, hutan yang lebat, perkebunan yang subur, samudera yang biru luas sepanjang penglihatan mata yang diisi dengan bermacam-macam ikan seperti yang nampak dalam akuarium, dan lain-lain. Itu semuanya menunjukkan betapa agung dan sempurna Penciptanya yaitu Allah Rabbul 'alamin. Tafakur tentang keindahan alam ini benar-benar menambah cinta dan keyakinan orang yang yakin akan kekuasaan Allah. (",
          "21": "Ayat ini mengisyaratkan kepada manusia bahwa pada diri manusia terdapat bukti-bukti kekuasaan dan kebesaran Allah seperti perbedaan kemampuan, perbedaan bahasa, kecerdasan dan banyak macamnya anggota tubuh yang masing-masing mempunyai fungsi sendiri-sendiri.",
          "22": "Ayat ini menjelaskan bahwa di langit terdapat sebab-sebab rezeki bagi manusia seperti turunnya hujan yang menyebabkan datangnya kesuburan tanah pertanian dan perkebunan yang menghasilkan berbagai hasil bumi dan buah-buahan sebagai rezeki bagi manusia dan ternak piaraannya, dan terdapat pula apa yang dijanjikan Allah untuk manusia yaitu takdir penetapan Allah terhadap manusia itu masing-masing yang semuanya ditulis di Lauh Mahfudz. Sebab-sebab rezeki di langit yang berlaku bagi semua makhluk hidup dan telah umum diketahui paling tidak ada tiga yaitu, air dalam bentuk hujan, angin dan cahaya matahari. Air menjadi sebab rezeki. Melalui air hujan yang jatuh ke atas tanah dan memberikan kelembaban tanah sehingga memungkinkan ditumbuhi tanaman yang bermanfaat bagi manusia dalam bentuk bahan pangan, sandang dan perumahan Angin oleh manusia bisa dimanfaatkan energinya bagi pelayaran dan menggerakkan kincir sumber energi, atau karena menyebabkan terjadinya penyerbukan tanaman sehingga hasil pembuahannya bisa dimakan manusia (lihat adh-dzariyat/51 ayat 1s/d 3). Sedangkan cahaya matahari merupakan sumber utama energi di permukaan bumi yang bisa diperoleh langsung melalui kehangatannya atau secara tidak langsung melalui pertumbuhan tanaman (fotosintesa) pergerakan angin dan siklus hidrologi (lihat: adh-dzariyat/51 ayat 1s/d 3). Bahkan energi minyak bumi yang saat ini merupakan sumber energi yang paling banyak dipakai, berasal dari energi cahaya matahari yang ditangkap oleh organisma laut (plankton), untuk kemudian terakumulasi sebagai endapan yang kemudian berubah menjadi minyak bumi.",
          "23": "Ayat ini menerangkan bahwa Allah bersumpah untuk menetapkan keyakinan pada hati manusia tentang adanya hari kebangkitan. Allah bersumpah demi Tuhan langit dan bumi, sesungguhnya hari Kiamat, hari kebangkitan, hari pembalasan dan pembagian rezeki itu yakin benarnya, seperti yakinnya seseorang terhadap perkataan yang diucapkannya. Maka demikian pula, manusia harus yakin akan menjumpai segala yang dijanjikan Allah itu seperti yakinnya dia mendengarkan ucapan-ucapan sendiri, terlebih-lebih jika ucapannya itu dapat direkam dalam sebuah kaset.",
          "24": "Allah mengisahkan Nabi Ibrahim dengan bentuk pertanyaan supaya lebih diperhatikan. Allah bertanya, \"Apakah sudah sampai kepadamu (Muhammad) cerita tamu Ibrahim (yaitu beberapa malaikat) yang dimuliakan?\" Para malaikat yang bertemu dengan Nabi Ibrahim itu sebenarnya dalam perjalanan menuju tempat kediaman kaum Nabi Lut di dekat kampung Sodom dan Gomorah, akan menyampaikan berita kepada Nabi Lut bahwa kaumnya yang durhaka dan melakukan homoseksual itu akan dibinasakan oleh Allah dengan azab yang pedih. Dalam perjalanan itu mereka mampir ke rumah Nabi Ibrahim untuk menyampaikan kabar gembira bahwa beliau akan mendapat seorang anak laki-laki yang alim dan saleh bernama Ishak dari istrinya Sarah walaupun beliau sudah lanjut usianya dan menyangka dirinya sudah mandul. Setibanya di rumah Nabi Ibrahim, mereka disambut oleh tuan rumah dengan penuh penghormatan.",
          "25": "Ayat ini mengungkapkan bahwa ketika tamu para malaikat itu masuk ke tempat Nabi Ibrahim lalu menyampaikan ucapan salam dan Nabi Ibrahim menjawab dengan salam pula, beliau memperlihatkan sikap bertanya karena belum mengenal mereka. Tamu terhormat itu baru pertama kali masuk ke rumah Nabi Ibrahim. Oleh karena itu, beliau memperlihatkan sikap ingin mengenal dahulu. Tetapi beliau tidak menunggu kesempatan untuk berkenalan itu, bahkan secara diam-diam masuk ke dapur untuk menyiapkan hidangan. (",
          "26": "Ayat ini menerangkan bahwa Nabi Ibrahim dengan diamdiam pergi menemui keluarganya yaitu Sarah, lalu menyembelih seekor anak sapi yang gemuk dan setelah dibakar, hidangan itu dibawanya sendiri ke hadapan tamu-tamunya seraya berkata dengan hormat, lalu mempersilakan mereka makan.",
          "27": "Ayat ini menerangkan bahwa Nabi Ibrahim dengan diamdiam pergi menemui keluarganya yaitu Sarah, lalu menyembelih seekor anak sapi yang gemuk dan setelah dibakar, hidangan itu dibawanya sendiri ke hadapan tamu-tamunya seraya berkata dengan hormat, lalu mempersilakan mereka makan.",
          "28": "Ayat ini mengungkapkan bahwa tamu Nabi Ibrahim tidak menyentuh makanan itu karena mereka itu bukan dari jenis manusia, melainkan malaikat yang tidak makan dan tidak minum. Maka Nabi Ibrahim merasa takut terhadap mereka karena menurut kebiasaan, jika tamu tidak mau memakan hidangan yang disodorkan kepadanya, itu berarti ada bahaya yang terselubung (berselimut) di belakangnya, atau akan terjadi sesuatu yang tidak diharapkan. Dalam ayat lain yang sama maksudnya Allah berfirman: \n\nMaka ketika dilihatnya tangan mereka tidak menjamahnya, dia (Ibrahim) mencurigai mereka, dan merasa takut kepada mereka. Mereka (malaikat) berkata, \"Jangan takut, sesungguhnya kami diutus kepada kaum Lut.\" (Hud/11: 70) Setelah malaikat-malaikat menenteramkan hati Nabi Ibrahim, mereka menyampaikan kabar gembira bahwa Ibrahim akan mendapat anak laki-laki yang bernama Ishak dan di belakang Ishak ada lagi cucunya yaitu Nabi Yakub seperti diterangkan dalam ayat lain.",
          "29": "Ayat ini mengungkapkan bahwa istrinya Sarah setelah mendengar berita tersebut, ia datang dengan pekikan suara yang kuat lalu menepuk mukanya sendiri seraya mengatakan, bagaimana mungkin aku akan melahirkan seorang anak, padahal aku adalah seorang perempuan tua yang mandul?",
          "30": "Ayat ini mengungkapkan tentang jawaban malaikat itu terhadap keraguan Siti Sarah bahwa ia tidak perlu heran; yang demikian itu adalah keputusan Allah Yang Maha Bijaksana lagi Maha Mengetahui.",
          "31": "Nabi Ibrahim bertanya kepada para malaikat setelah menjamu mereka dengan makanan, akan tetapi makanan yang dihidangkan tidak mereka sentuh, sehingga mendebarkan hati Nabi Ibrahim, kemudian beliau bertanya, \"Apakah ada firman Allah dalam hal ini hai para utusan?\" Pada firman Allah yang lain digambarkan sebagai berikut: \n\nMaka ketika rasa takut hilang dari Ibrahim dan kabar gembira telah datang kepadanya, dia pun bertanya jawab dengan (para malaikat) Kami tentang kaum Lut.Ibrahim sungguh penyantun, lembut hati dan suka kembali (kepada Allah). Wahai Ibrahim! Tinggalkanlah (perbincangan) ini, sungguh, ketetapan Tuhanmu telah datang, dan mereka itu akan ditimpa azab yang tidak dapat ditolak. (Hud/11: 74 - 76)",
          "32": "Para malaikat menjawab, bahwa mereka sesungguhnya diutus kepada kaum Lut dengan membawa azab yang sangat pedih disebabkan dosa mereka yang sangat keji yaitu melakukan homoseksual. Para malaikat itu akan melempari kaum Lut dengan batu-batu berasal dari tanah yang sangat keras yang telah dibakar, dan telah diberi tanda-tanda dari sisi Allah dengan nama-nama orang yang akan dibinasakan yaitu orang-orang yang melampaui batas dalam kedurhakaan. (",
          "33": "Para malaikat menjawab, bahwa mereka sesungguhnya diutus kepada kaum Lut dengan membawa azab yang sangat pedih disebabkan dosa mereka yang sangat keji yaitu melakukan homoseksual. Para malaikat itu akan melempari kaum Lut dengan batu-batu berasal dari tanah yang sangat keras yang telah dibakar, dan telah diberi tanda-tanda dari sisi Allah dengan nama-nama orang yang akan dibinasakan yaitu orang-orang yang melampaui batas dalam kedurhakaan. (",
          "34": "Para malaikat menjawab, bahwa mereka sesungguhnya diutus kepada kaum Lut dengan membawa azab yang sangat pedih disebabkan dosa mereka yang sangat keji yaitu melakukan homoseksual. Para malaikat itu akan melempari kaum Lut dengan batu-batu berasal dari tanah yang sangat keras yang telah dibakar, dan telah diberi tanda-tanda dari sisi Allah dengan nama-nama orang yang akan dibinasakan yaitu orang-orang yang melampaui batas dalam kedurhakaan. (",
          "35": "Pada ayat ini Allah menerangkan, bahwa setelah para malaikat pergi kepada kaum Lut untuk menurunkan azab, timbullah tanya jawab di antara mereka tentang caranya menghancurkan orang-orang durhaka, maka Allah memerintahkan agar mereka lebih dahulu mengeluarkan orang-orang yang beriman dari kampung halaman mereka, supaya terhindar dari azab. Para malaikat itu hanya menjumpai sebuah rumah saja yaitu rumah Nabi Lut dengan penghuninya yang muslim sekitar tiga belas orang saja. Mereka yang selamat pada ayat ini disebut sebagai orang Islam yang berserah diri dan tekun melaksanakan perintah Allah dan menjauhi larangan-Nya. Pada kedua ayat ini diterangkan bahwa di antara kaum Lut hidup orang-orang Mukminin dan Muslimin. Menurut Muhammad Ali asshabuni, mereka disebut Mukminin (ayat 35) karena mereka mengimani dengan hati, dan mereka disebut sebagai Muslimin (ayat 36) karena mereka mengamalkan ajaran-ajaran Allah dengan anggota tubuh mereka dengan ketaatan. Hal ini sejalan dengan hadis al-Bukhari dan Muslim yaitu ketika Rasulullah saw ditanya tentang Islam dan Iman: Apakah Islam? beliau menjawab, \"Engkau bersaksi bahwa tiada Tuhan selain Allah dan bahwa Muhammad adalah utusan Allah, mendirikan salat (yang lima waktu), mengeluarkan zakat, berpuasa di bulan Ramadan dan naik haji ke Baitullah. Dan apakah iman itu? beliau menjawab, Engkau Beriman kepada Allah, para malaikat, kitab-kitab Nya, para utusan-Nya, hari akhir dan kepada takdir yang baik dan yang buruk dari Allah. (Riwayat al-Bukhari dan Muslim) Perlu dijelaskan di sini apabila kata Islam disebut secara sendiri, maka berarti tercakup pengertian iman. Demikian pula dengan kata iman bila disebut sendiri berarti tercakup kata Islam. Tetapi kalau keduanya disebutkan bersamaan, maka keduanya berbeda satu sama lain, masing-masing memiliki artinya sendiri-sendiri, iman berbeda dari Islam. (",
          "36": "Pada ayat ini Allah menerangkan, bahwa setelah para malaikat pergi kepada kaum Lut untuk menurunkan azab, timbullah tanya jawab di antara mereka tentang caranya menghancurkan orang-orang durhaka, maka Allah memerintahkan agar mereka lebih dahulu mengeluarkan orang-orang yang beriman dari kampung halaman mereka, supaya terhindar dari azab. Para malaikat itu hanya menjumpai sebuah rumah saja yaitu rumah Nabi Lut dengan penghuninya yang muslim sekitar tiga belas orang saja. Mereka yang selamat pada ayat ini disebut sebagai orang Islam yang berserah diri dan tekun melaksanakan perintah Allah dan menjauhi larangan-Nya. Pada kedua ayat ini diterangkan bahwa di antara kaum Lut hidup orang-orang Mukminin dan Muslimin. Menurut Muhammad Ali asshabuni, mereka disebut Mukminin (ayat 35) karena mereka mengimani dengan hati, dan mereka disebut sebagai Muslimin (ayat 36) karena mereka mengamalkan ajaran-ajaran Allah dengan anggota tubuh mereka dengan ketaatan. Hal ini sejalan dengan hadis al-Bukhari dan Muslim yaitu ketika Rasulullah saw ditanya tentang Islam dan Iman: Apakah Islam? beliau menjawab, \"Engkau bersaksi bahwa tiada Tuhan selain Allah dan bahwa Muhammad adalah utusan Allah, mendirikan salat (yang lima waktu), mengeluarkan zakat, berpuasa di bulan Ramadan dan naik haji ke Baitullah. Dan apakah iman itu? beliau menjawab, Engkau Beriman kepada Allah, para malaikat, kitab-kitab Nya, para utusan-Nya, hari akhir dan kepada takdir yang baik dan yang buruk dari Allah. (Riwayat al-Bukhari dan Muslim) Perlu dijelaskan di sini apabila kata Islam disebut secara sendiri, maka berarti tercakup pengertian iman. Demikian pula dengan kata iman bila disebut sendiri berarti tercakup kata Islam. Tetapi kalau keduanya disebutkan bersamaan, maka keduanya berbeda satu sama lain, masing-masing memiliki artinya sendiri-sendiri, iman berbeda dari Islam. (",
          "37": "Pada ayat ini Allah swt menerangkan, bahwa peristiwa penghancuran kaum Lut hendaknya dijadikan peringatan bagi orangorang yang takut kepada Allah, dan bekas-bekas peristiwa itu dapat dilihat tanda-tandanya yaitu tumpukan batu-batu tempat diturunkan azab yang telah amblas (masuk ke dalam bumi) dan berbentuk sebuah danau yaitu danau Tabariyah (laut mati). Ayat ini mengandung isyarat, bahwa jika pada sebuah kota terdapat unsur kekafiran dan kefasikan yang sudah merajalela, maka jumlah orang Mukmin yang sedikit tidak dapat menghalang-halangi datangnya azab, dan bila mayoritas penduduknya terdiri dari umat yang saleh, maka mereka dapat terpelihara dari azab, walaupun terdapat di dalamnya beberapa orang yang durhaka kepada Tuhan.",
          "38": "Pada ayat ini Allah menerangkan bahwa dalam kisah Musa terdapat suatu iktibar untuk orang-orang yang berpikir. Yaitu ketika Allah mengutus Musa kepada Fir'aun dengan mengemukakan keterangan yang meyakinkan serta diperkuat dengan mukjizat yang nyata yang dapat disaksikan dengan mata kepala manusia pada waktu itu",
          "39": "Namun, Fir'aun menolak ajaran Musa dan membangkang seraya mengatakan bahwa apa yang dibawa oleh Musa itu adalah kebohongan belaka. Penolakan Fir'aun dilakukannya dengan berbangga atas bala tentaranya, pengawalnya, menteri-menterinya, kekuatannya dan kekuasaannya sambil berkata, \"Sesungguhnya Musa itu tukang sihir yang ahli atau orang gila.\" Ucapan Fir'aun seperti itu diungkapkan dalam Al-Qur'an: \n\nDia (Fir'aun) berkata, \"Sungguh, rasulmu yang diutus kepada kamu benar-benar orang gila.\" (asy-Syu'ara'/26: 27) \n\nFir'aun bermaksud agar kaumnya menolak seruan Musa, sehingga mereka tidak memperhatikan serta memikirkan apa yang telah diserukan. Hal ini disebabkan Fir'aun takut kehilangan pengaruhnya, dan keruntuhan kekuasaannya, serta takut akan kehilangan kekayaan, wibawa dan kedudukannya. (",
          "40": "Ayat ini menerangkan bahwa Allah swt sangat murka kepada Fir'aun dan bala tentaranya. Mereka semua dilemparkan dan dibenamkan ke dalam laut dengan mendapat cercaan karena kekufuran dan kedurhakaan mereka. Hal yang demikian itu sebagai tanda besarnya kekuasaan Allah untuk merendahkan orang-orang yang ingkar dan sebagai tanda bahwa mereka menerima akibat yang buruk. Juga sebagai balasan atas kesombongan dan keingkaran mereka terhadap perintah pencipta.",
          "41": "Kemudian dalam ayat ini Allah swt menceritakan tentang kisah binasanya kaum 'Ad. Bahwa bencana yang menimpa kaum itu mestinya dijadikan iktibar bagi orang-orang yang berpikir. Yaitu ketika Allah swt menurunkan angin panas yang membinasakan mereka sehingga tidak satu pun yang tersisa kecuali kehancuran dan kemusnahan, baik manusia dan hewan maupun bangunan. Tegasnya tidak seorang pun dari mereka yang selamat akibat angin panas dan hembusan api itu, lagi pula tidak satu bangunan pun yang tidak musnah, semuanya menjadi puing-puing dan hancur lebur.",
          "42": "Kemudian dalam ayat ini Allah swt menceritakan tentang kisah binasanya kaum 'Ad. Bahwa bencana yang menimpa kaum itu mestinya dijadikan iktibar bagi orang-orang yang berpikir. Yaitu ketika Allah swt menurunkan angin panas yang membinasakan mereka sehingga tidak satu pun yang tersisa kecuali kehancuran dan kemusnahan, baik manusia dan hewan maupun bangunan. Tegasnya tidak seorang pun dari mereka yang selamat akibat angin panas dan hembusan api itu, lagi pula tidak satu bangunan pun yang tidak musnah, semuanya menjadi puing-puing dan hancur lebur.",
          "43": "Dalam ayat ini Allah swt menerangkan kisah kaum Samud yang berisi nasihat bagi yang sadar dan yang memikirkan tandatanda kenyataan adanya Tuhan. Yaitu ketika Nabi Saleh mengatakan kepada mereka supaya bersenang-senang di rumah mereka sampai datang azab Tuhan. Ayat lain yang bersamaan maksudnya, Allah berfirman: Bersukarialah kamu semua di rumahmu selama tiga hari. Itu adalah janji yang tidak dapat didustakan. (Hud/11: 65) \n\nSetelah melalui tiga hari yang dijanjikan, Allah membinasakan mereka dengan azab yang berupa petir sebagaimana firman Allah berikut: \n\nDan adapun kaum Samud, mereka telah Kami beri petunjuk tetapi mereka lebih menyukai kebutaan (kesesatan) daripada petunjuk itu, maka mereka disambar petir sebagai azab yang menghinakan disebabkan apa yang telah mereka kerjakan. (Fussilat/41: 17) Kemudian setelah itu diturunkan kepada mereka azab yang tidak akan bisa mereka tolak. Akan tetapi mereka mengatakan bahwa semua itu hanyalah kabar bohong belaka, bahkan mereka berlaku sombong tanpa mengkhawatirkan akibat dari ancaman Tuhan tersebut. Maka selanjutnya Allah swt menurunkan petir dari langit menyambar mereka, dan menghapuskan mereka semuanya, mereka melihat dan mengalami kejadian itu. Bencana tersebut adalah balasan atas dosa mereka dan atas kejahilan yang mereka lakukan.",
          "44": "Dalam ayat ini Allah swt menerangkan kisah kaum Samud yang berisi nasihat bagi yang sadar dan yang memikirkan tandatanda kenyataan adanya Tuhan. Yaitu ketika Nabi Saleh mengatakan kepada mereka supaya bersenang-senang di rumah mereka sampai datang azab Tuhan. Ayat lain yang bersamaan maksudnya, Allah berfirman: Bersukarialah kamu semua di rumahmu selama tiga hari. Itu adalah janji yang tidak dapat didustakan. (Hud/11: 65) \n\nSetelah melalui tiga hari yang dijanjikan, Allah membinasakan mereka dengan azab yang berupa petir sebagaimana firman Allah berikut: \n\nDan adapun kaum Samud, mereka telah Kami beri petunjuk tetapi mereka lebih menyukai kebutaan (kesesatan) daripada petunjuk itu, maka mereka disambar petir sebagai azab yang menghinakan disebabkan apa yang telah mereka kerjakan. (Fussilat/41: 17) Kemudian setelah itu diturunkan kepada mereka azab yang tidak akan bisa mereka tolak. Akan tetapi mereka mengatakan bahwa semua itu hanyalah kabar bohong belaka, bahkan mereka berlaku sombong tanpa mengkhawatirkan akibat dari ancaman Tuhan tersebut. Maka selanjutnya Allah swt menurunkan petir dari langit menyambar mereka, dan menghapuskan mereka semuanya, mereka melihat dan mengalami kejadian itu. Bencana tersebut adalah balasan atas dosa mereka dan atas kejahilan yang mereka lakukan.",
          "45": "Dalam ayat ini Allah swt menjelaskan bahwa mereka tidak dapat lolos dari malapetaka itu dan mereka tidak pula mendapatkan jalan keluar dan pertolongan dari siapapun, juga mereka tidak dapat tolong menolong antara mereka untuk menghindarkan diri dari siksaan Tuhan ketika itu",
          "46": "Ayat ini menerangkan bahwa Allah sebelumnya telah membinasakan kaum Nuh dengan badai atau topan yang melanda mereka karena kefasikan, kejahatan, serta pelanggaran yang mereka lakukan terhadap yang dilarang (diharamkan) Allah swt",
          "47": "Ayat ini menerangkan bahwa Allah swt telah menciptakan langit dengan bentuk indah yang menyatakan keagungan kekuasaanNya seperti diangkatnya langit di atas dengan kekuasaan-Nya, dijadikan laksana atap yang tinggi dan kokoh. Dan Allah swt kuasa atas semua itu, Dia tidak pernah lelah atau lesu dan tidak pernah pula merasa letih. Secara tidak langsung ayat ini menyanggah ucapan orang-orang Yahudi yang mengatakan bahwa Allah swt menjadikan langit dan bumi selama 6 (enam) hari, namun pada hari ketujuh Allah beristirahat dan berbaring di 'Arsy-Nya karena letih. Kata 'langit banyak digunakan dalam berbagai ayat Al-Qur'an. Kata ini, dalam beberapa ayat mempunyai arti alam semesta. Demikian pula halnya pada ayat di atas. Alam semesta bukanlah sesuatu yang statis. Alam semesta adalah sesuatu yang dinamis, selalu berubah, dan meluas. Hal ini diungkapkan setelah ilmu astronomi mengalami kemajuan yang sangat pesat. Keadaan demikian ini ternyata sudah disebutkan dalam Al-Qur'an 14 abad yang lalu, ketika ilmu astronomi masih sangat primitif. Sampai dengan permulaan abad ke-20, alam semesta hanya diketahui sebagai sesuatu yang tercipta pada suatu saat yang tidak dapat diketahui masanya, dan mempunyai bentuk seperti apa yang dilihat saat ini. Penelitian, observasi dan perhitungan-perhitungan dengan menggunakan teknologi modern yang tersedia, mengungkapkan bahwa alam semesta memiliki permulaan, dan sampai saat ini secara teratur terus meluas. Alam semesta adalah kosmos, yaitu ruang angkasa serta semua benda langit yang terdapat di dalamnya, termasuk semua galaksi (tata bintang), baik yang sudah diketahui maupun belum diketahui manusia. Alam semesta, atau alam raya, tidak dapat dibayangkan luasnya. Para ilmuwan mengukur jarak di alam semesta dengan ukuran tahun cahaya. Satu tahun cahaya sama dengan 9,46 triliun km. Bagian alam semesta paling jauh yang sudah \"diketahui\" manusia adalah pada jarak 15 milyar tahun cahaya. Pada jarak itu ditemukan banyak gugus super galaksi yang jumlahnya tak terhitung. Bintang yang paling dekat dengan matahari berjarak sekitar 4,3 tahun cahaya dari bumi. Matahari dan semua bintang yang dapat kita lihat dengan mata telanjang terdapat dalam gugus galaksi tatasurya, atau dinamakan gugus bimasakti. Di seluruh alam raya ini, terdapat bermiliar galaksi yang sedang bergerak saling menjauh dengan cepat. Galaksi diperkirakan memenuhi ruang angkasa sampai jarak 10.000 juta tahun cahaya dari bumi. Jika dalam satu detik, cahaya menempuh jarak ï‚± 200.000 km, berapa luas ruang angkasa sebenarnya? Allah meluaskan alam raya sebegitu luasnya sejak diciptakan. Meluasnya alam terus berlangsung sepanjang masa. Hal ini sesuai dengan teori ekspansi yang menyebutkan bahwa nebulae, calon bintang, menjauh dari galaksi bimasakti dengan kecepatan yang berbeda-beda. Bahkan, benda-benda langit dalam satu galaksi pun sedang saling menjauh satu sama lain. Para peneliti mulai melakukan penelitian mengenai pergerakan benda-benda langit pada tahun 1920-an. Diyakini bahwa pada tahun 1920-an merupakan momentum penting dalam perkembangan astronomi modern. Pada tahun 1922, ahli fisika Rusia, Alexander Friedman, menghasilkan perhitungan yang menunjukkan bahwa struktur alam semesta tidaklah statis. Ia menyebutkan bahwa penyebab sekecil apa pun cukup untuk menyebabkan struktur alam semesta mengembang atau mengerut menurut Teori Relativitas Einstein. George Lemaitre, seorang ahli kosmologi dari Belgia, adalah orang pertama yang menyadari arti perhitungan Friedman. Berdasarkan perhitungan ini, Lemaitre, menyatakan bahwa alam semesta mempunyai permulaan dan alam mengembang sebagai akibat dari sesuatu yang telah memicunya. Pemikiran teoritis kedua ilmuwan ini tidak menarik banyak perhatian. Pemikiran ini barangkali akan terabaikan, jika tidak ditemukan bukti pengamatan baru yang mengguncangkan dunia ilmiah pada tahun 1929. Pada tahun itu, ahli astronomi Amerika, Edwin Hubble, membuat penemuan paling penting dalam sejarah astronomi. Ketika mengamati sejumlah bintang melalui teleskop raksasanya, dia menemukan bahwa cahaya bintang-bintang itu bergeser ke arah ujung merah spektrum. Pergeseran itu berkaitan langsung dengan perubahan jarak bintang-bintang dari bumi. Pengamatannya menemukan bahwa suatu galaksi yang berjarak satu juta tahun cahaya dari bumi sedang bergerak menjauh pada kecepatan 168 km per tahun. Alam semesta, dimana benda-benda langitnya secara teratur bergerak saling menjauhi, mengindikasikan bahwa alam semesta itu sendiri juga sedang mengembang. Pengamatan pada tahun-tahun berikutnya mengungkapkan dan mengkonfirmasi dugaan tersebut. Bintang-bintang tidak hanya menjauh dari bumi; mereka juga menjauhi satu sama lain. Satusatunya kesimpulan yang dapat diturunkan dari temuan ini adalah bahwa alam semesta sedang \"mengembang\". Suatu konfirmasi kepada pernyataan yang ada di dalam Al-Qur'an, jauh sebelum hal itu diketahui oleh umat manusia. Penemuan ini mengguncangkan landasan model alam semesta yang diyakini pada saat itu. Temuannya ini diakui dunia. Namun perhitungannya dianggap salah, dan direvisi kemudian. Menurut sementara ilmuwan, suatu saat nanti, diperkirakan alam raya ini tidak lagi berkembang. Ia akan mengkerut dan kembali menyatu seperti semula. Kalau peristiwa ledakan dahsyat yang menjadi tanda terbentuknya aneka planet, dan berpisahnya langit dan bumi, dinamai Big Bang; maka penyusutan dan penyatuan alam raya dinamai Big Crunch.",
          "48": "Ayat ini menerangkan bahwa Allah swt membentangkan bumi berupa hamparan dengan maksud untuk dihuni oleh manusia dan hewan. Dijadikan-Nya bumi penuh rezeki dan bahan pangan, baik berupa binatangnya, tumbuh-tumbuhan maupun yang lain-lain yang terpelihara keabadiannya sampai hari Kiamat. Demikian juga Allah swt menjadikan dalam perut bumi barang-barang tambang yang tampak dan yang tidak tampak yang semuanya diperuntukkan bagi manusia. Dengan isi bumi itu manusia dapat mendirikan bangunanbangunan, membuat perhiasan dari emas, perak, dan batu-batu permata lainnya. Kemudian setelah itu manusia membuat alat perang, kapal laut, pesawat terbang dari bahan besi dan dari barang tambang lainnya. Pada akhir ayat ini Allah menyatakan kekuasaan dan keindahan ciptaan-Nya dengan mengatakan, \"Betapa bagusnya apa yang telah Kami jadikan, dan betapa indahnya apa yang telah Kami ciptakan.\"",
          "49": "Selanjutnya Allah swt menerangkan bahwa Dia menciptakan segala macam kejadian dalam bentuk yang berlainan dan dengan sifat yang bertentangan. Yaitu setiap sesuatu itu merupakan lawan atau pasangan bagi yang lain. Dijadikan-Nya kebahagiaan dan kesengsaraan, petunjuk dan kesesatan, malam dan siang, langit dan bumi, hitam dan putih, lautan dan daratan, gelap dan terang, hidup dan mati, surga dan neraka, dan sebagainya. Semuanya itu dimaksudkan agar manusia ingat dan sadar serta mengambil pelajaran dari semuanya, sedangkan Allah Maha Esa tidak memerlukan pasangan. Dengan demikian hanya Allah yang tidak membutuhkan yang lain. Sehingga mengetahui bahwa Allah-lah Tuhan yang Maha Esa yang berhak disembah dan tak ada sekutu bagi-Nya. Dia-lah yang kuasa menjadikan segala sesuatu dan Dia pulalah yang kuasa untuk memusnahkannya, Dialah yang juga kuasa menciptakan segala sesuatu berpasang-pasang, bermacam-macam jenis dan bentuk, sedangkan mahluk-Nya tidak berdaya dan harus menyadari hal itu. Penjelasan mengenai Allah menciptakan segala sesuatunya berpasang-pasangan menurut kajian ilmiah dapat dilihat pada penjelasan Surah asy-Syura/42: 11. (",
          "50": "Oleh sebab itu, hendaklah manusia meminta perlindungan kepada Allah dan berpegang kepada-Nya dalam segala urusan dan masalahnya dengan menaati segala perintah-Nya dan bekerja untuk tujuan taat kepada-Nya. Allah swt selanjutnya akan menyiksa orangorang yang tidak menaati perintah-Nya. Pada akhir ayat ini Allah memerintahkan rasul-Nya supaya menegaskan bahwa ia sesungguhnya mendapat amanat dari Allah swt untuk menyampaikan kepada manusia bahwa Allah swt akan membalas dengan siksaan kepada mereka atas segala pelanggaran pelanggaran terhadap perintah-Nya, sebagaimana Allah swt menurunkan siksa-Nya kepada umat-umat yang terdahulu.",
          "51": "Kemudian Allah swt dalam ayat ini melarang manusia menjadikan sesuatu sembahan di samping-Nya. Karena segala sesuatu selain Allah tidak patut disembah. Pada akhir ayat ini Allah swt memerintahkan kepada rasul-Nya supaya menegaskan bahwa ia sesungguhnya pemberi peringatan yang sebenarnya dari Allah, untuk menyampaikan peringatan akan adanya siksaan Allah bagi siapa saja yang menjadikan suatu makhluk sebagai tujuan ibadat dan disembah. Dalam ayat yang sama artinya Allah swt berfirman: \n\nBarang siapa mengharap pertemuan dengan Tuhannya maka hendaklah dia mengerjakan kebajikan dan janganlah dia mempersekutukan dengan sesuatu pun dalam beribadah kepada Tuhannya.\" (al-Kahf/18: 110)",
          "52": "Dalam ayat ini Allah menerangkan bahwa kaum Quraisy mendustakan Muhammad saw, dengan menuduh bahwa Muhammad saw itu tukang sihir atau orang gila. Demikian juga halnya umatumat terdahulu telah mendustakan rasul mereka. Mereka telah mengatakan seperti kata-kata yang dilontarkan oleh kaum kafir Mekah itu. Hal itu bukanlah suatu hal yang baru dalam kisah umat manusia. Semua rasul itu telah didustakan dan disakiti, akan tetapi rasul-rasul tersebut bersabar hingga datangnya pertolongan Allah. Ayat ini sebagai penghibur hati Rasulullah atas segala penderitaan yang dialaminya akibat penolakan kafir Mekah. Mereka telah menjadi angkuh dengan hal-hal kebendaan yang merupakan nikmat yang mengagungkan mereka. Mereka teperdaya oleh penundaan azab Tuhan kepada mereka. Maka segala peringatan dan nasihat tidak bermanfaat bagi mereka.",
          "53": "Dalam ayat ini Allah mencela orang-orang kafir itu dengan mengatakan, \"Apakah orang-orang yang kafir terdahulu itu telah berpesan kepada yang kemudian dari mereka untuk mendustakan Muhammad saw dan mereka datang kemudian itu betul-betul menerima dan mengikuti saran tersebut?\" Mereka sesungguhnya adalah kaum yang durhaka yang melampaui batas dalam pelanggaran-pelanggaran ketentuan agama dan akal. Kedurhakaan mereka itulah yang merupakan tali pengikat antara orang-orang yang terdahulu dengan orang-orang kemudian yang seolah-olah memanifestasikan adanya pesan tersebut.",
          "54": "Muhammad saw diperintahkan Allah supaya berpaling dari mereka, dan Allah menerangkan bahwa ia tidak tercela karena Dia tidak membebani Rasulullah untuk mengislamkan kaum kafir Mekah. Tugasnya hanyalah melakukan dakwah dan ini telah dilakukannya.",
          "55": "Ayat ini memerintahkan kepada Muhammad saw agar tetap memberikan peringatan dan nasihat, karena peringatan dan nasihat itu akan bermanfaat bagi orang yang hatinya siap menerima petunjuk. Diriwayatkan oleh Ibnu Jarir, Ibnu Abi hatim, dan al-Baihaqi bahwa 'Ali bin Abi thalib berkata, \"Setelah diturunkan ayat 54 tersebut yaitu tatkala Allah memerintahkan kepada Nabi Muhammad saw untuk memalingkan diri, maka setiap orang menyangka akan datang malapetaka yang akan menimpa. Maka turunlah ayat 55 ini, dan legalah perasaan dan lapanglah dada kami.",
          "56": "Ayat ini menegaskan bahwa Allah tidaklah menjadikan jin dan manusia melainkan untuk mengenal-Nya dan supaya menyembah-Nya. Dalam kaitan ini Allah swt berfirman: \n\nPadahal mereka hanya disuruh menyembah Tuhan Yang MahaEsa; tidak ada tuhan selain Dia. Mahasuci Dia dari apa yang mereka persekutukan. (at-Taubah/9: 31) \n\nPendapat tersebut sama dengan pendapat az-Zajjaj, tetapi ahli tafsir yang lain berpendapat bahwa maksud ayat tersebut ialah bahwa Allah tidak menjadikan jin dan manusia kecuali untuk tunduk kepada-Nya dan untuk merendahkan diri. Maka setiap makhluk, baik jin atau manusia wajib tunduk kepada peraturan Tuhan, merendahkan diri terhadap kehendak-Nya. Menerima apa yang Dia takdirkan, mereka dijadikan atas kehendak-Nya dan diberi rezeki sesuai dengan apa yang telah Dia tentukan. Tak seorang pun yang dapat memberikan manfaat atau mendatangkan mudarat karena kesemuanya adalah dengan kehendak Allah. Ayat tersebut menguatkan perintah mengingat Allah swt dan memerintahkan manusia supaya melakukan ibadah kepada Allah swt.",
          "57": "Pada ayat ini Allah menerangkan bahwa sesungguhnya Dia tidak akan minta bantuan mereka untuk sesuatu kemanfaatan atau kemudaratan dan tidak pula menghendaki rezeki dan memberikan makan seperti apa yang dikerjakan oleh para majikan terhadap buruhnya, karena Allah tidak perlu kepada mereka, bahkan merekalah yang memerlukan-Nya dalam segala urusan mereka, Allah adalah pencipta mereka dan pemberi rezeki mereka. Dialah yang mempunyai kekuasaan, kemampuan dan kekuatan yang tak terhingga. Akan tetapi kebanyakan manusia tidak mengerti. Abu Hurairah meriwayatkan dan berkata: \n\nRasulullah bersabda: \"Allah berfirman:\"Wahai anak Adam, luangkanlah waktu untuk beribadat kepada-Ku niscaya Aku penuhi dadamu dengan kekayaan dan Ku-tutupi kefakiranmu, dan jika engkau tidak berbuat (menyediakan waktu untuk beribadat kepadaKu) niscaya akan Ku-penuhi dadamu dengan kesibukan (keruwetan) dan tak akan Ku-tutupi keperluanmu (kefakiran).\" (Riwayat Ahmad dari Abu Hurairah)",
          "58": "Pada ayat ini Allah menerangkan bahwa sesungguhnya Dia tidak akan minta bantuan mereka untuk sesuatu kemanfaatan atau kemudaratan dan tidak pula menghendaki rezeki dan memberikan makan seperti apa yang dikerjakan oleh para majikan terhadap buruhnya, karena Allah tidak perlu kepada mereka, bahkan merekalah yang memerlukan-Nya dalam segala urusan mereka, Allah adalah pencipta mereka dan pemberi rezeki mereka. Dialah yang mempunyai kekuasaan, kemampuan dan kekuatan yang tak terhingga. Akan tetapi kebanyakan manusia tidak mengerti. Abu Hurairah meriwayatkan dan berkata: \n\nRasulullah bersabda: \"Allah berfirman:\"Wahai anak Adam, luangkanlah waktu untuk beribadat kepada-Ku niscaya Aku penuhi dadamu dengan kekayaan dan Ku-tutupi kefakiranmu, dan jika engkau tidak berbuat (menyediakan waktu untuk beribadat kepadaKu) niscaya akan Ku-penuhi dadamu dengan kesibukan (keruwetan) dan tak akan Ku-tutupi keperluanmu (kefakiran).\" (Riwayat Ahmad dari Abu Hurairah)",
          "59": "Allah swt menegaskan bahwa ancaman-Nya itu pasti terjadi, dan terjadinya pada hari Kiamat. Allah swt menyatakan dalam ayat ini bahwa bagi siapa yang menganiaya dirinya dengan menyibukkan diri pada segala sesuatu di luar ibadat kepada Allah swt, mempersekutukan Allah swt dan mendustakan para Rasul-Nya, mereka itu akan mendapat bagian siksa seperti bagian yang diperoleh oleh umat-umat terdahulu yang telah mendustakan para rasul mereka. Janganlah mereka memohon supaya Allah swt menyegerakan siksaan-Nya karena Allah swt tidak khawatir kehilangan kesempatan. Ini merupakan jawaban terhadap mereka yang digambarkan oleh Allah dalam ayat: \n\nMaka buktikanlah ancamanmu kepada kami, jika kamu benar!\" (alA'raf/7: 70) \n\nDalam ayat yang sama artinya dengan ayat ini Allah berfirman: \n\nKetetapan Allah pasti datang, maka janganlah kamu meminta agar dipercepat (datang)nya. (an-Nahl/16: 1)",
          "60": "Maka kecelakaanlah yang akan mereka temui sebagai azabazab yang telah dijanjikan untuk mereka pada hari Kiamat; saat itu tak seorang pun dapat membantu orang lain dan mereka pun tidak pula mendapat pertolongan."
        }
      }
    }
  }
}