{
  "name": "An-Najm",
  "name_translations": {
    "ar": "النجم",
    "en": "The Star",
    "id": "Bintang"
  },
  "number_of_ayah": 62,
  "number_of_surah": 53,
  "place": "Mecca",
  "recitations": [{
    "name": "Mishari Rashid al-`Afasy",
    "audio_url": "https://download.quranicaudio.com/quran/mishaari_raashid_al_3afaasee/053.mp3"
  }, {
    "name": "Abdur-Rahman as-Sudais",
    "audio_url": "https://download.quranicaudio.com/quran/abdurrahmaan_as-sudays/053.mp3"
  }, {
    "name": "Saad al-Ghamdi",
    "audio_url": "https://download.quranicaudio.com/quran/sa3d_al-ghaamidi/complete/053.mp3"
  }],
  "type": "Makkiyah",
  "verses": [{
    "number": 1,
    "text": "بِسْمِ ٱللَّهِ ٱلرَّحْمَٰنِ ٱلرَّحِيمِ وَٱلنَّجْمِ إِذَا هَوَىٰ",
    "translation_en": "By the star when it descends,",
    "translation_id": "Demi bintang ketika terbenam."
  }, {
    "number": 2,
    "text": "مَا ضَلَّ صَاحِبُكُمْ وَمَا غَوَىٰ",
    "translation_en": "Your companion [Muhammad] has not strayed, nor has he erred,",
    "translation_id": "kawanmu (Muhammad) tidak sesat dan tidak pula keliru."
  }, {
    "number": 3,
    "text": "وَمَا يَنطِقُ عَنِ ٱلْهَوَىٰٓ",
    "translation_en": "Nor does he speak from [his own] inclination.",
    "translation_id": "dan tiadalah yang diucapkannya itu (Al-Quran) menurut kemauan hawa nafsunya."
  }, {
    "number": 4,
    "text": "إِنْ هُوَ إِلَّا وَحْىٌ يُوحَىٰ",
    "translation_en": "It is not but a revelation revealed,",
    "translation_id": "Ucapannya itu tiada lain hanyalah wahyu yang diwahyukan (kepadanya)."
  }, {
    "number": 5,
    "text": "عَلَّمَهُۥ شَدِيدُ ٱلْقُوَىٰ",
    "translation_en": "Taught to him by one intense in strength -",
    "translation_id": "yang diajarkan kepadanya oleh (Jibril) yang sangat kuat."
  }, {
    "number": 6,
    "text": "ذُو مِرَّةٍ فَٱسْتَوَىٰ",
    "translation_en": "One of soundness. And he rose to [his] true form",
    "translation_id": "yang mempunyai akal yang cerdas; dan (Jibril itu) menampakkan diri dengan rupa yang asli."
  }, {
    "number": 7,
    "text": "وَهُوَ بِٱلْأُفُقِ ٱلْأَعْلَىٰ",
    "translation_en": "While he was in the higher [part of the] horizon.",
    "translation_id": "sedang dia berada di ufuk yang tinggi."
  }, {
    "number": 8,
    "text": "ثُمَّ دَنَا فَتَدَلَّىٰ",
    "translation_en": "Then he approached and descended",
    "translation_id": "Kemudian dia mendekat, lalu bertambah dekat lagi."
  }, {
    "number": 9,
    "text": "فَكَانَ قَابَ قَوْسَيْنِ أَوْ أَدْنَىٰ",
    "translation_en": "And was at a distance of two bow lengths or nearer.",
    "translation_id": "maka jadilah dia dekat (pada Muhammad sejarak) dua ujung busur panah atau lebih dekat (lagi)."
  }, {
    "number": 10,
    "text": "فَأَوْحَىٰٓ إِلَىٰ عَبْدِهِۦ مَآ أَوْحَىٰ",
    "translation_en": "And he revealed to His Servant what he revealed.",
    "translation_id": "Lalu dia menyampaikan kepada hamba-Nya (Muhammad) apa yang telah Allah wahyukan."
  }, {
    "number": 11,
    "text": "مَا كَذَبَ ٱلْفُؤَادُ مَا رَأَىٰٓ",
    "translation_en": "The heart did not lie [about] what it saw.",
    "translation_id": "Hatinya tidak mendustakan apa yang telah dilihatnya."
  }, {
    "number": 12,
    "text": "أَفَتُمَٰرُونَهُۥ عَلَىٰ مَا يَرَىٰ",
    "translation_en": "So will you dispute with him over what he saw?",
    "translation_id": "Maka apakah kaum (musyrik Mekah) hendak membantahnya tentang apa yang telah dilihatnya?"
  }, {
    "number": 13,
    "text": "وَلَقَدْ رَءَاهُ نَزْلَةً أُخْرَىٰ",
    "translation_en": "And he certainly saw him in another descent",
    "translation_id": "Dan sesungguhnya Muhammad telah melihat Jibril itu (dalam rupanya yang asli) pada waktu yang lain,"
  }, {
    "number": 14,
    "text": "عِندَ سِدْرَةِ ٱلْمُنتَهَىٰ",
    "translation_en": "At the Lote Tree of the Utmost Boundary -",
    "translation_id": "(yaitu) di Sidratil Muntaha."
  }, {
    "number": 15,
    "text": "عِندَهَا جَنَّةُ ٱلْمَأْوَىٰٓ",
    "translation_en": "Near it is the Garden of Refuge -",
    "translation_id": "Di dekatnya ada surga tempat tinggal,"
  }, {
    "number": 16,
    "text": "إِذْ يَغْشَى ٱلسِّدْرَةَ مَا يَغْشَىٰ",
    "translation_en": "When there covered the Lote Tree that which covered [it].",
    "translation_id": "(Muhammad melihat Jibril) ketika Sidratil Muntaha diliputi oleh sesuatu yang meliputinya."
  }, {
    "number": 17,
    "text": "مَا زَاغَ ٱلْبَصَرُ وَمَا طَغَىٰ",
    "translation_en": "The sight [of the Prophet] did not swerve, nor did it transgress [its limit].",
    "translation_id": "Penglihatannya (muhammad) tidak berpaling dari yang dilihatnya itu dan tidak (pula) melampauinya."
  }, {
    "number": 18,
    "text": "لَقَدْ رَأَىٰ مِنْ ءَايَٰتِ رَبِّهِ ٱلْكُبْرَىٰٓ",
    "translation_en": "He certainly saw of the greatest signs of his Lord.",
    "translation_id": "Sesungguhnya dia telah melihat sebahagian tanda-tanda (kekuasaan) Tuhannya yang paling besar."
  }, {
    "number": 19,
    "text": "أَفَرَءَيْتُمُ ٱللَّٰتَ وَٱلْعُزَّىٰ",
    "translation_en": "So have you considered al-Lat and al-'Uzza?",
    "translation_id": "Maka apakah patut kamu (hai orang-orang musyrik) menganggap al Lata dan al Uzza,"
  }, {
    "number": 20,
    "text": "وَمَنَوٰةَ ٱلثَّالِثَةَ ٱلْأُخْرَىٰٓ",
    "translation_en": "And Manat, the third - the other one?",
    "translation_id": "dan Manah yang ketiga, yang paling terkemudian (sebagai anak perempuan Allah)?"
  }, {
    "number": 21,
    "text": "أَلَكُمُ ٱلذَّكَرُ وَلَهُ ٱلْأُنثَىٰ",
    "translation_en": "Is the male for you and for Him the female?",
    "translation_id": "Apakah (patut) untuk kamu (anak) laki-laki dan untuk Allah (anak) perempuan?"
  }, {
    "number": 22,
    "text": "تِلْكَ إِذًا قِسْمَةٌ ضِيزَىٰٓ",
    "translation_en": "That, then, is an unjust division.",
    "translation_id": "Yang demikian itu tentulah suatu pembagian yang tidak adil."
  }, {
    "number": 23,
    "text": "إِنْ هِىَ إِلَّآ أَسْمَآءٌ سَمَّيْتُمُوهَآ أَنتُمْ وَءَابَآؤُكُم مَّآ أَنزَلَ ٱللَّهُ بِهَا مِن سُلْطَٰنٍ إِن يَتَّبِعُونَ إِلَّا ٱلظَّنَّ وَمَا تَهْوَى ٱلْأَنفُسُ وَلَقَدْ جَآءَهُم مِّن رَّبِّهِمُ ٱلْهُدَىٰٓ",
    "translation_en": "They are not but [mere] names you have named them - you and your forefathers - for which Allah has sent down no authority. They follow not except assumption and what [their] souls desire, and there has already come to them from their Lord guidance.",
    "translation_id": "Itu tidak lain hanyalah nama-nama yang kamu dan bapak-bapak kamu mengadakannya; Allah tidak menurunkan suatu keteranganpun untuk (menyembah)nya. Mereka tidak lain hanyalah mengikuti sangkaan-sangkaan, dan apa yang diingini oleh hawa nafsu mereka dan sesungguhnya telah datang petunjuk kepada mereka dari Tuhan mereka."
  }, {
    "number": 24,
    "text": "أَمْ لِلْإِنسَٰنِ مَا تَمَنَّىٰ",
    "translation_en": "Or is there for man whatever he wishes?",
    "translation_id": "Atau apakah manusia akan mendapat segala yang dicita-citakannya?"
  }, {
    "number": 25,
    "text": "فَلِلَّهِ ٱلْءَاخِرَةُ وَٱلْأُولَىٰ",
    "translation_en": "Rather, to Allah belongs the Hereafter and the first [life].",
    "translation_id": "(Tidak), maka hanya bagi Allah kehidupan akhirat dan kehidupan dunia."
  }, {
    "number": 26,
    "text": "وَكَم مِّن مَّلَكٍ فِى ٱلسَّمَٰوَٰتِ لَا تُغْنِى شَفَٰعَتُهُمْ شَيْـًٔا إِلَّا مِنۢ بَعْدِ أَن يَأْذَنَ ٱللَّهُ لِمَن يَشَآءُ وَيَرْضَىٰٓ",
    "translation_en": "And how many angels there are in the heavens whose intercession will not avail at all except [only] after Allah has permitted [it] to whom He wills and approves.",
    "translation_id": "Dan berapa banyaknya malaikat di langit, syafa'at mereka sedikitpun tidak berguna, kecuali sesudah Allah mengijinkan bagi orang yang dikehendaki dan diridhai (Nya)."
  }, {
    "number": 27,
    "text": "إِنَّ ٱلَّذِينَ لَا يُؤْمِنُونَ بِٱلْءَاخِرَةِ لَيُسَمُّونَ ٱلْمَلَٰٓئِكَةَ تَسْمِيَةَ ٱلْأُنثَىٰ",
    "translation_en": "Indeed, those who do not believe in the Hereafter name the angels female names,",
    "translation_id": "Sesungguhnya orang-orang yang tiada beriman kepada kehidupan akhirat, mereka benar-benar menamakan malaikat itu dengan nama perempuan."
  }, {
    "number": 28,
    "text": "وَمَا لَهُم بِهِۦ مِنْ عِلْمٍ إِن يَتَّبِعُونَ إِلَّا ٱلظَّنَّ وَإِنَّ ٱلظَّنَّ لَا يُغْنِى مِنَ ٱلْحَقِّ شَيْـًٔا",
    "translation_en": "And they have thereof no knowledge. They follow not except assumption, and indeed, assumption avails not against the truth at all.",
    "translation_id": "Dan mereka tidak mempunyai sesuatu pengetahuanpun tentang itu. Mereka tidak lain hanyalah mengikuti persangkaan sedang sesungguhnya persangkaan itu tiada berfaedah sedikitpun terhadap kebenaran."
  }, {
    "number": 29,
    "text": "فَأَعْرِضْ عَن مَّن تَوَلَّىٰ عَن ذِكْرِنَا وَلَمْ يُرِدْ إِلَّا ٱلْحَيَوٰةَ ٱلدُّنْيَا",
    "translation_en": "So turn away from whoever turns his back on Our message and desires not except the worldly life.",
    "translation_id": "Maka berpalinglah (hai Muhammad) dari orang yang berpaling dari peringatan Kami, dan tidak mengingini kecuali kehidupan duniawi."
  }, {
    "number": 30,
    "text": "ذَٰلِكَ مَبْلَغُهُم مِّنَ ٱلْعِلْمِ إِنَّ رَبَّكَ هُوَ أَعْلَمُ بِمَن ضَلَّ عَن سَبِيلِهِۦ وَهُوَ أَعْلَمُ بِمَنِ ٱهْتَدَىٰ",
    "translation_en": "That is their sum of knowledge. Indeed, your Lord is most knowing of who strays from His way, and He is most knowing of who is guided.",
    "translation_id": "Itulah sejauh-jauh pengetahuan mereka. Sesungguhnya Tuhanmu, Dialah yang paling mengetahui siapa yang tersesat dari jalan-Nya dan Dia pulalah yang paling mengetahui siapa yang mendapat petunjuk."
  }, {
    "number": 31,
    "text": "وَلِلَّهِ مَا فِى ٱلسَّمَٰوَٰتِ وَمَا فِى ٱلْأَرْضِ لِيَجْزِىَ ٱلَّذِينَ أَسَٰٓـُٔوا۟ بِمَا عَمِلُوا۟ وَيَجْزِىَ ٱلَّذِينَ أَحْسَنُوا۟ بِٱلْحُسْنَى",
    "translation_en": "And to Allah belongs whatever is in the heavens and whatever is in the earth - that He may recompense those who do evil with [the penalty of] what they have done and recompense those who do good with the best [reward] -",
    "translation_id": "Dan hanya kepunyaan Allah-lah apa yang ada di langit dan apa yang ada di bumi supaya Dia memberi balasan kepada orang-orang yang berbuat jahat terhadap apa yang telah mereka kerjakan dan memberi balasan kepada orang-orang yang berbuat baik dengan pahala yang lebih baik (surga)."
  }, {
    "number": 32,
    "text": "ٱلَّذِينَ يَجْتَنِبُونَ كَبَٰٓئِرَ ٱلْإِثْمِ وَٱلْفَوَٰحِشَ إِلَّا ٱللَّمَمَ إِنَّ رَبَّكَ وَٰسِعُ ٱلْمَغْفِرَةِ هُوَ أَعْلَمُ بِكُمْ إِذْ أَنشَأَكُم مِّنَ ٱلْأَرْضِ وَإِذْ أَنتُمْ أَجِنَّةٌ فِى بُطُونِ أُمَّهَٰتِكُمْ فَلَا تُزَكُّوٓا۟ أَنفُسَكُمْ هُوَ أَعْلَمُ بِمَنِ ٱتَّقَىٰٓ",
    "translation_en": "Those who avoid the major sins and immoralities, only [committing] slight ones. Indeed, your Lord is vast in forgiveness. He was most knowing of you when He produced you from the earth and when you were fetuses in the wombs of your mothers. So do not claim yourselves to be pure; He is most knowing of who fears Him.",
    "translation_id": "(Yaitu) orang-orang yang menjauhi dosa-dosa besar dan perbuatan keji yang selain dari kesalahan-kesalahan kecil. Sesungguhnya Tuhanmu maha luas ampunan-Nya. Dan Dia lebih mengetahui (tentang keadaan)mu ketika Dia menjadikan kamu dari tanah dan ketika kamu masih janin dalam perut ibumu; maka janganlah kamu mengatakan dirimu suci. Dialah yang paling mengetahui tentang orang yang bertakwa."
  }, {
    "number": 33,
    "text": "أَفَرَءَيْتَ ٱلَّذِى تَوَلَّىٰ",
    "translation_en": "Have you seen the one who turned away",
    "translation_id": "Maka apakah kamu melihat orang yang berpaling (dari Al-Quran)?"
  }, {
    "number": 34,
    "text": "وَأَعْطَىٰ قَلِيلًا وَأَكْدَىٰٓ",
    "translation_en": "And gave a little and [then] refrained?",
    "translation_id": "serta memberi sedikit dan tidak mau memberi lagi?"
  }, {
    "number": 35,
    "text": "أَعِندَهُۥ عِلْمُ ٱلْغَيْبِ فَهُوَ يَرَىٰٓ",
    "translation_en": "Does he have knowledge of the unseen, so he sees?",
    "translation_id": "Apakah dia mempunyai pengetahuan tentang yang ghaib, sehingga dia mengetahui (apa yang dikatakan)?"
  }, {
    "number": 36,
    "text": "أَمْ لَمْ يُنَبَّأْ بِمَا فِى صُحُفِ مُوسَىٰ",
    "translation_en": "Or has he not been informed of what was in the scriptures of Moses",
    "translation_id": "Ataukah belum diberitakan kepadanya apa yang ada dalam lembaran-lembaran Musa?"
  }, {
    "number": 37,
    "text": "وَإِبْرَٰهِيمَ ٱلَّذِى وَفَّىٰٓ",
    "translation_en": "And [of] Abraham, who fulfilled [his obligations] -",
    "translation_id": "dan lembaran-lembaran Ibrahim yang selalu menyempurnakan janji?"
  }, {
    "number": 38,
    "text": "أَلَّا تَزِرُ وَازِرَةٌ وِزْرَ أُخْرَىٰ",
    "translation_en": "That no bearer of burdens will bear the burden of another",
    "translation_id": "(yaitu) bahwasanya seorang yang berdosa tidak akan memikul dosa orang lain,"
  }, {
    "number": 39,
    "text": "وَأَن لَّيْسَ لِلْإِنسَٰنِ إِلَّا مَا سَعَىٰ",
    "translation_en": "And that there is not for man except that [good] for which he strives",
    "translation_id": "dan bahwasanya seorang manusia tiada memperoleh selain apa yang telah diusahakannya,"
  }, {
    "number": 40,
    "text": "وَأَنَّ سَعْيَهُۥ سَوْفَ يُرَىٰ",
    "translation_en": "And that his effort is going to be seen -",
    "translation_id": "dan bahwasanya usaha itu kelak akan diperlihatkan (kepadanya)."
  }, {
    "number": 41,
    "text": "ثُمَّ يُجْزَىٰهُ ٱلْجَزَآءَ ٱلْأَوْفَىٰ",
    "translation_en": "Then he will be recompensed for it with the fullest recompense",
    "translation_id": "Kemudian akan diberi balasan kepadanya dengan balasan yang paling sempurna,"
  }, {
    "number": 42,
    "text": "وَأَنَّ إِلَىٰ رَبِّكَ ٱلْمُنتَهَىٰ",
    "translation_en": "And that to your Lord is the finality",
    "translation_id": "dan bahwasanya kepada Tuhanmulah kesudahan (segala sesuatu),"
  }, {
    "number": 43,
    "text": "وَأَنَّهُۥ هُوَ أَضْحَكَ وَأَبْكَىٰ",
    "translation_en": "And that it is He who makes [one] laugh and weep",
    "translation_id": "dan bahwasanya Dialah yang menjadikan orang tertawa dan menangis,"
  }, {
    "number": 44,
    "text": "وَأَنَّهُۥ هُوَ أَمَاتَ وَأَحْيَا",
    "translation_en": "And that it is He who causes death and gives life",
    "translation_id": "dan bahwasanya Dialah yang mematikan dan menghidupkan,"
  }, {
    "number": 45,
    "text": "وَأَنَّهُۥ خَلَقَ ٱلزَّوْجَيْنِ ٱلذَّكَرَ وَٱلْأُنثَىٰ",
    "translation_en": "And that He creates the two mates - the male and female -",
    "translation_id": "dan bahwasanya Dialah yang menciptakan berpasang-pasangan pria dan wanita."
  }, {
    "number": 46,
    "text": "مِن نُّطْفَةٍ إِذَا تُمْنَىٰ",
    "translation_en": "From a sperm-drop when it is emitted",
    "translation_id": "dari air mani, apabila dipancarkan."
  }, {
    "number": 47,
    "text": "وَأَنَّ عَلَيْهِ ٱلنَّشْأَةَ ٱلْأُخْرَىٰ",
    "translation_en": "And that [incumbent] upon Him is the next creation",
    "translation_id": "Dan bahwasanya Dialah yang menetapkan kejadian yang lain (kebangkitan sesudah mati),"
  }, {
    "number": 48,
    "text": "وَأَنَّهُۥ هُوَ أَغْنَىٰ وَأَقْنَىٰ",
    "translation_en": "And that it is He who enriches and suffices",
    "translation_id": "dan bahwasanya Dia yang memberikan kekayaan dan memberikan kecukupan,"
  }, {
    "number": 49,
    "text": "وَأَنَّهُۥ هُوَ رَبُّ ٱلشِّعْرَىٰ",
    "translation_en": "And that it is He who is the Lord of Sirius",
    "translation_id": "dan bahwasanya Dialah yang Tuhan (yang memiliki) bintang syi'ra,"
  }, {
    "number": 50,
    "text": "وَأَنَّهُۥٓ أَهْلَكَ عَادًا ٱلْأُولَىٰ",
    "translation_en": "And that He destroyed the first [people of] 'Aad",
    "translation_id": "dan bahwasanya Dia telah membinasakan kaum 'Aad yang pertama,"
  }, {
    "number": 51,
    "text": "وَثَمُودَا۟ فَمَآ أَبْقَىٰ",
    "translation_en": "And Thamud - and He did not spare [them] -",
    "translation_id": "dan kaum Tsamud. Maka tidak seorangpun yang ditinggalkan-Nya (hidup)."
  }, {
    "number": 52,
    "text": "وَقَوْمَ نُوحٍ مِّن قَبْلُ إِنَّهُمْ كَانُوا۟ هُمْ أَظْلَمَ وَأَطْغَىٰ",
    "translation_en": "And the people of Noah before. Indeed, it was they who were [even] more unjust and oppressing.",
    "translation_id": "Dan kaum Nuh sebelum itu. Sesungguhnya mereka adalah orang-orang yang paling zalim dan paling durhaka,"
  }, {
    "number": 53,
    "text": "وَٱلْمُؤْتَفِكَةَ أَهْوَىٰ",
    "translation_en": "And the overturned towns He hurled down",
    "translation_id": "dan negeri-negeri kaum Luth yang telah dihancurkan Allah."
  }, {
    "number": 54,
    "text": "فَغَشَّىٰهَا مَا غَشَّىٰ",
    "translation_en": "And covered them by that which He covered.",
    "translation_id": "lalu Allah menimpakan atas negeri itu azab besar yang menimpanya."
  }, {
    "number": 55,
    "text": "فَبِأَىِّ ءَالَآءِ رَبِّكَ تَتَمَارَىٰ",
    "translation_en": "Then which of the favors of your Lord do you doubt?",
    "translation_id": "Maka terhadap nikmat Tuhanmu yang manakah kamu ragu-ragu?"
  }, {
    "number": 56,
    "text": "هَٰذَا نَذِيرٌ مِّنَ ٱلنُّذُرِ ٱلْأُولَىٰٓ",
    "translation_en": "This [Prophet] is a warner like the former warners.",
    "translation_id": "Ini (Muhammad) adalah seorang pemberi peringatan di antara pemberi-pemberi peringatan yang terdahulu."
  }, {
    "number": 57,
    "text": "أَزِفَتِ ٱلْءَازِفَةُ",
    "translation_en": "The Approaching Day has approached.",
    "translation_id": "Telah dekat terjadinya hari kiamat."
  }, {
    "number": 58,
    "text": "لَيْسَ لَهَا مِن دُونِ ٱللَّهِ كَاشِفَةٌ",
    "translation_en": "Of it, [from those] besides Allah, there is no remover.",
    "translation_id": "Tidak ada yang akan menyatakan terjadinya hari itu selain Allah."
  }, {
    "number": 59,
    "text": "أَفَمِنْ هَٰذَا ٱلْحَدِيثِ تَعْجَبُونَ",
    "translation_en": "Then at this statement do you wonder?",
    "translation_id": "Maka apakah kamu merasa heran terhadap pemberitaan ini?"
  }, {
    "number": 60,
    "text": "وَتَضْحَكُونَ وَلَا تَبْكُونَ",
    "translation_en": "And you laugh and do not weep",
    "translation_id": "Dan kamu mentertawakan dan tidak menangis?"
  }, {
    "number": 61,
    "text": "وَأَنتُمْ سَٰمِدُونَ",
    "translation_en": "While you are proudly sporting?",
    "translation_id": "Sedang kamu melengahkan(nya)?"
  }, {
    "number": 62,
    "text": "فَٱسْجُدُوا۟ لِلَّهِ وَٱعْبُدُوا۟",
    "translation_en": "So prostrate to Allah and worship [Him].",
    "translation_id": "Maka bersujudlah kepada Allah dan sembahlah (Dia)."
  }],
  "tafsir": {
    "id": {
      "kemenag": {
        "name": "Kemenag",
        "source": "Aplikasi Quran Kementrian Agama Republik Indonesia",
        "text": {
          "1": "Allah swt menerangkan bahwa Ia bersumpah dengan makhlukNya yang besar yakni bintang yang beredar pada porosnya, sehingga tidak saling berbenturan satu dengan yang lainnya. Bintang-bintang itu merupakan petunjuk bagi manusia dalam hutan dan di padang pasir, di tempat kediaman dan dalam perjalanan, di kampung dan di kota, dan juga di lautan, bintang-bintang itu besar sekali faedahnya bagi kehidupan manusia. Allah swt mengarahkan sumpah-Nya kepada kaum musyrikin agar mengetahui betapa banyak manfaatnya bintang-bintang bagi mereka. Antara lain untuk mengetahui perubahan musim supaya mereka bersiap-siap untuk menggembalakan ternak mereka, kemudian setelah turun hujan mereka dapat menanam tanaman yang sesuai dengan musimnya. Sumpah Allah tersebut mengingatkan manusia bahwa di sana ada benda-benda yang perkasa di ruang angkasa yang harus mereka ketahui supaya mereka dapat meyakini besarnya sumber kekuasaan Allah dan indahnya ciptaan-Nya. Ilmu pengetahuan modern telah menerangkan bahwa di angkasa raya ada keajaiban yang dapat dilihat dari cepatnya peredaran dan bentuknya yang besar. Alam matahari terdiri dari matahari dan 9 buah planet yang kebanyakan dikelilingi oleh beberapa buah bulan. Matahari itu dalam alamnya adalah sebahagian daripada alam angkasa. Di alam angkasa ada sekitar 30.000.000.000 (tigapuluh milyar) bintangbintang. Setiap bintang adalah sebagai matahari seperti mataharinya manusia di bumi ini. Ada yang lebih besar dan ada pula yang lebih kecil daripadanya. Umur matahari adalah sekitar lima milyar tahun, umur bumi sekitar 2.000 juta tahun. Umur air di atas bumi sekitar 300 juta tahun. Dan umur manusia sekitar 300.000 tahun. Dan alam semesta itu mempunyai penjaga (hanya Allah-lah yang mengetahuinya). Dan tidak seorang pun yang mengetahui bala tentara Tuhan kecuali Dia. Al-'Amasy dari Mujahid mengatakan bahwa ayat ini merujuk pada Al-Qur'an ketika diturunkan seperti dalam firman-Nya: \n\nLalu Aku bersumpah dengan tempat beredarnya bintang-bintang. Dan sesungguhnya itu benar-benar sumpah yang besar sekiranya kamu mengetahui, dan (ini) sesungguhnya Al-Qur'an yang sangat mulia, dalam Kitab yang terpelihara (Lauh Mahfudz), tidak ada yang menyentuhnya selain hamba-hamba yang disucikan. Diturunkan dari Tuhan seluruh alam. (al-Waqi'ah/56: 75-80)",
          "2": "Allah menerangkan bahwa kawan mereka itu (Muhammad) adalah benar-benar seorang nabi. Dia tidak pernah menyimpang dari jalan yang benar. Ia Juga tidak pernah melakukan kebatilan. Pada kenyataannya Rasulullah saw adalah seorang rasul yang diberi petunjuk oleh Allah, dia mengikuti kebenaran. Dia bukan seorang yang menyesatkan (dan bukanlah pula ia berjalan pada jalan yang ia sendiri tidak mengetahuinya). Dia bukan seorang yang sesat yang berpaling dari kebenaran dengan suatu tujuan tertentu. Keadaan beliau yang seperti itu, bukan saja setelah beliau diangkat menjadi rasul, tetapi juga sebelumnya. Oleh sebab itulah Allah memberikan kepadanya petunjuk dan syariat untuk memberikan sinar terang kepada orang-orang yang sesat baik Yahudi maupun Nasrani yang sebenarnya mereka mengetahui kebenaran itu, tetapi tidak mengamalkannya",
          "3": "Dalam ayat ini Allah swt menerangkan bahwa Muhammad saw itu tidak sesat dan tidak keliru karena beliau seorang yang tidak pernah menuruti hawa nafsunya termasuk dalam perkataannya. Orang yang mungkin keliru atau tersesat ialah orang yang menuruti hawa nafsunya. Sebagaimana firman Allah: Janganlah engkau mengikuti hawa nafsu, karena akan menyesatkan engkau dari jalan Allah. (shad/38: 26)",
          "4": "Dalam ayat ini, Allah menguatkan ayat sebelumnya, yakni bahwa Muhammad saw hanyalah mengatakan apa yang diperintahkan oleh Allah untuk disampaikan kepada manusia secara sempurna, tidak ditambah-tambah dan tidak pula dikurangi menurut apa yang diwahyukan kepadanya. 'Abdullah bin 'Amr bin 'As menulis setiap apa yang ia dengar dari Rasulullah saw, karena ia mau menghafalkannya. Tapi orang-orang Quraisy melarangnya. Mereka mengatakan mengapa ia menulis setiap perkataan Muhammad saw, sedangkan Muhammad itu adalah manusia biasa yang berkata dalam keadaan marah. Maka berhentilah 'Abdullah bin 'Umar menulis. Kemudian ia mendatangi Rasulullah saw, dan memberitahukan perihalnya itu. Maka bersabdalah Rasulullah saw:\"Tulislah demi Zat yang menguasai diriku, tidak ada yang keluar dari perkataanku kecuali kebenaran.\" (Riwayat Ahmad dan Abu Dawud) \n\nAl-hafidz Abu Bakar al-Bazzar menyebutkan riwayat Abu Hurairah bahwasanya Nabi Muhammad saw bersabda: ) \"Sesuatu yang aku kabarkan kepadamu bahwa ia dari Allah swt, maka tidak ada keraguan padanya.\" (Riwayat Ibnu hibban dan alBazzar) \n\nImam Ahmad dan al-Bazzar meriwayatkan dari Abu Hurairah, ia berkata bahwa Rasulullah saw bersabda: \"Tidaklah aku berkata kecuali yang benar.\" (Riwayat Ahmad dan alBazzar)",
          "5": "Dalam ayat ini Allah swt menerangkan bahwa Muhammad saw (kawan mereka itu) diajari oleh Jibril. Jibril itu sangat kuat, baik ilmunya maupun amalnya. Dalam firman Allah dijelaskan: \n\nSesungguhnya (Al-Qur'an) itu benar-benar firman (Allah yang dibawa oleh) utusan yang mulia (Jibril), yang memiliki kekuatan, memiliki kedudukan tinggi di sisi (Allah) yang memiliki 'Arsy, yang di sana (di alam malaikat) ditaati dan dipercaya. (at-Takwir/81: 1921) \n\nKemudian Muhammad saw mempelajarinya dan mengamalkannya. Ayat ini merupakan jawaban dari perkataan mereka yang mengatakan bahwa Muhamamd saw itu hanyalah tukang dongeng yang mendongengkan dongeng-dongengan (legendalegenda) orang-orang dahulu. Dari sini jelas bahwa Muhammad saw itu bukan diajari oleh seorang manusia, tapi ia diajari oleh Malaikat Jibril yang sangat kuat. (",
          "6": "Allah swt menerangkan dalam ayat ini, bahwa Jibril itu mempunyai kekuatan yang luar biasa. Seperti dalam riwayat bahwa ia telah pernah membalikkan perkampungan Nabi Lut kemudian mereka diangkat ke langit lalu dijatuhkan ke bumi. Ia telah pernah menghembus kaum Samud hingga berterbangan. Dan apabila ia turun ke bumi hanya dibutuhkan waktu sekejap mata. Lagi pula ia dapat berubah bentuk menjadi seperti manusia. (",
          "7": "Setelah itu Muhammad saw melihat Jibril di tempat yang tinggi. Kemudian Jibril memenuhi angkasa itu, lalu mendekati Muhammad saw dan Jibril semakin mendekat lagi kepada Muhammad saw hingga jaraknya hampir, kira-kira dua ujung busur panah lagi atau lebih dekat lagi.",
          "8": "Setelah itu Muhammad saw melihat Jibril di tempat yang tinggi. Kemudian Jibril memenuhi angkasa itu, lalu mendekati Muhammad saw dan Jibril semakin mendekat lagi kepada Muhammad saw hingga jaraknya hampir, kira-kira dua ujung busur panah lagi atau lebih dekat lagi.",
          "9": "Setelah itu Muhammad saw melihat Jibril di tempat yang tinggi. Kemudian Jibril memenuhi angkasa itu, lalu mendekati Muhammad saw dan Jibril semakin mendekat lagi kepada Muhammad saw hingga jaraknya hampir, kira-kira dua ujung busur panah lagi atau lebih dekat lagi.",
          "10": "Selanjutnya diterangkan bahwa setelah Nabi Muhammad saw sudah berdekatan benar dengan Jibril, Jibril menyampaikan wahyu Allah mengenai persoalan-persoalan agama.",
          "11": "Ayat ini menerangkan bahwa kebanyakan manusia menyangka bahwa ia telah menggambarkan apa yang dilihatnya, padahal hatinya belum yakin terhadap apa yang telah ia lihat, tidak demikian penglihatan dan keyakinan Muhammad saw terhadap Jibril meskipun kedatangannya kepada Muhammad saw kerap kali berbeda bentuknya, karena Muhammad saw telah mengetahui bentuk yang aslinya. \n\nKarena Allah swt menguatkan keterangan bahwa kedatangan Jibril menyamar dalam bentuk seorang sahabat yang bernama Dihyah al-Kalbi tidaklah menghilangkan ciri-cirinya karena Muhammad saw pernah melihat bentuknya yang asli sebelum itu, yaitu di Gua Hira ketika menerima wahyu pertama, walaupun kemudian Jibril menampakkan diri lagi dengan rupa yang lain.",
          "12": "Dalam ayat ini, Allah bertanya apakah orang-orang Quraisy akan mendustakan dan membantah Muhammad saw mengenai bentuk Jibril yang telah pernah dilihat Muhammad saw dengan mata kepalanya sendiri. (",
          "13": "Selanjutnya dalam ayat-ayat ini Allah menerangkan bahwa sesungguhnya Muhammad saw sudah pernah melihat Jibril (untuk kedua kalinya) dalam rupanya yang asli pada waktu melakukan mi'raj ke Sidratul Muntaha yaitu suatu tempat yang merupakan batas alam yang dapat diketahui oleh para malaikat. Ada yang berpendapat bahwa maksud ayat ini adalah seperti dalam firman Allah: \n\nDan sesungguhnya kepada Tuhanmulah kesudahannya (segala sesuatu). (an-Najm/53: 42) \n\nSetiap Mukmin wajib mempercayai bahwa Sidratul Muntaha itu sebagaimana yang telah diterangkan oleh Allah dalam ayat-Nya. Tetapi ia tidak boleh menerangkan tempatnya dan sifat-sifatnya, dengan keterangan yang melebihi daripada apa yang telah diterangkan oleh Allah dalam Al-Qur'an, kecuali bila keterangan itu kita dapat dari hadis Nabi Muhammad saw yang menerangkan kepada kita dengan jelas dan pasti, karena hal itu termasuk dalam hal yang gaib yang belum diizinkan kita untuk mengetahuinya. Menurut hadis yang diriwayatkan oleh Ahmad, Muslim, atTirmidhi, dan lain-lainnya bahwa Sidratul Muntaha itu ada di langit yang ketujuh.",
          "14": "Selanjutnya dalam ayat-ayat ini Allah menerangkan bahwa sesungguhnya Muhammad saw sudah pernah melihat Jibril (untuk kedua kalinya) dalam rupanya yang asli pada waktu melakukan mi'raj ke Sidratul Muntaha yaitu suatu tempat yang merupakan batas alam yang dapat diketahui oleh para malaikat. Ada yang berpendapat bahwa maksud ayat ini adalah seperti dalam firman Allah: \n\nDan sesungguhnya kepada Tuhanmulah kesudahannya (segala sesuatu). (an-Najm/53: 42) \n\nSetiap Mukmin wajib mempercayai bahwa Sidratul Muntaha itu sebagaimana yang telah diterangkan oleh Allah dalam ayat-Nya. Tetapi ia tidak boleh menerangkan tempatnya dan sifat-sifatnya, dengan keterangan yang melebihi daripada apa yang telah diterangkan oleh Allah dalam Al-Qur'an, kecuali bila keterangan itu kita dapat dari hadis Nabi Muhammad saw yang menerangkan kepada kita dengan jelas dan pasti, karena hal itu termasuk dalam hal yang gaib yang belum diizinkan kita untuk mengetahuinya. Menurut hadis yang diriwayatkan oleh Ahmad, Muslim, atTirmidhi, dan lain-lainnya bahwa Sidratul Muntaha itu ada di langit yang ketujuh.",
          "15": "Dalam ayat ini Allah swt menerangkan bahwa di tempat itulah (di dekat Sidratul Muntaha) letak surga. Ia merupakan tempat tinggal bagi orang-orang yang takwa dan orang-orang yang mati syahid.",
          "16": "Selanjutnya dalam ayat ini Allah swt menerangkan bahwasannya Muhammad saw melihat Jibril di Sidratul Muntaha itu ketika Sidratul Muntaha tertutup oleh suasana yang menandakan kebesaran Allah berupa sinar-sinar yang indah dan malaikat-malaikat. Al-Qur'an tidak menerangkan dengan jelas. Bagi kita cukuplah penjelasan yang sedemikian, tidak menambah atau menguranginya bila tidak ada dalil yang jelas yang menerangkannya. Seandainya ada manfaatnya untuk dijelaskan niscaya hal itu dijelaskan oleh Allah swt.",
          "17": "Kemudian dalam ayat ini Allah menjelaskan lagi bahwa tatkala Rasulullah saw melihat Jibril di sana, ia tidak berpaling dari memandang semua keajaiban Sidratul Muntaha sesuai dengan apa yang telah diizinkan Allah kepadanya untuk dilihat. Dan ia tidak pula melampaui batas kecuali apa yang telah diizinkan kepadanya.",
          "18": "Ayat ini menerangkan bahwa dengan melihat Sidratul Muntaha, berarti Muhammad saw telah melihat sebagian tandatanda kebesaran Allah yang merupakan keajaiban dari kekuasaanNya. Diriwayatkan oleh al-Bukhari dan lain-lain bahwa saat itu Muhammad saw melihat suatu lambaian hijau dari surga yang memenuhi ufuk (arah pandangan). Maka hendaklah kita tidak membatasi apa yang telah dilihat oleh Muhammad saw dengan mata kepalanya, setelah diterangkan secara samar-samar dalam Al-Qur'an tentang hal itu. Yang jelas ialah bahwa Nabi telah melihat tanda-tanda kebesaran Allah swt yang tidak terbatas.",
          "19": "Allah swt bertanya kepada orang-orang musyrik, apakah setelah mereka mendengar tanda-tanda Allah baik kesempurnaan maupun keagungan-Nya dalam kekuasaan, dan setelah mendengar keadaan malaikat dengan kedudukan dan kemampuan mereka yang tinggi, masih saja menjadikan berhala-berhala yang hina keadaannya itu sebagai sekutu bagi Allah, sedangkan mereka mengetahui kebesaran-Nya? Pertanyaan ini merupakan cemoohan dari Tuhan, sebab bagi seorang yang berakal tidak mungkin terlintas dalam pikirannya untuk menyembah berhala yang mereka buat sendiri, kemudian diletakkan dalam suatu rumah yang mereka dirikan sebagai tandingan Ka'bah. Adapun al-Lata adalah nama sebuah batu besar yang berwarna putih, di atas batu itu diukir gambar sebuah rumah. Al-Lata ini terletak di daerah thaif. Rumah itu dipasangi tabir. Di sekelilingnya ada teras yang diagung-agungkan oleh orang-orang thaif, antara lain Kabilah saqif dan pengikut-pengikutnya. Mereka tergolong orangorang yang lebih membanggakan benda itu daripada orang-orang Arab yang lain selain Quraisy. Kata Ibnu Jarir, mereka menganggap bahwa kata al-Lata itu diambil dari lafal Allah. Mereka menganggap al-Lata (Mahasuci Allah dari apa yang mereka katakan). Menurut Ibnu 'Abbas , Mujahid, Rabi' bin Anas, mereka menamakan al-Lata dari nama seorang laki-laki yang menumbuk tepung untuk jemaah haji. Setelah ia mati, maka orang-orang berkerumun melakukan iktikaf di atas kuburnya yang selanjutnya mereka menyembah dan membuatkan patungnya. Menurut Ibnu Jarir, al-'Uzza berasal dari kata 'Aziz, al-Uzza ialah sebuah pohon yang di atasnya ada sebuah bangunan dan bertirai, bertempat di Nakhlah yaitu antara Mekah dan thaif; orang-orang Quraisy mengagungkan pohon itu. Diriwayatkan bahwa Abu Sufyan ketika masih musyrik berkata pada waktu peperangan Uhud bahwa merekalah yang mempunyai Uzza, sedangkan yang lain tidak. Maka bersabdalah Rasulullah saw. \"Katakanlah! Allah adalah Tuhan kami, dan kamu tidak mempunyai Tuhan.\" (Riwayat al-Bukhari dan Ahmad)",
          "20": "Dalam ayat ini Allah swt melanjutkan ayat yang sebelumnya yaitu bahwa orang-orang musyrik juga menyembah Manat yang ketiga yakni yang terakhir sebagai anak perempuan Allah. Manat itu sebuah batu besar terletak di Musyallal dengan Qudaid antara Mekah dan Medinah. Kabilah Khuza'ah, al-Aus dan Khazraj mengagungkan Manat ini dan dalam melakukan ibadah haji mereka mulai dari Manat sampai ke Ka'bah. Selain benda-benda yang tiga itu, masih banyak lagi benda-benda yang sangat dimuliakan oleh orang-orang musyrik. Akan tetapi, yang paling termasyhur adalah tiga benda itu. Ibnu Ishaq mengatakan bahwa orang-orang Arab menganggap benda-benda yang tiga itu selain Ka'bah sebagai benda sembahan mereka, dibuat seperti bangunan Ka'bah yang mempunyai tabir yang mereka bertawaf padanya seperti tawaf pada Ka'bah dan memotong binatang kurban di sampingnya. Mereka juga mengetahui kemuliaan Ka'bah yaitu bahwa Ka'bah itu adalah rumah Ibrahim dan masjidnya.",
          "21": "Dalam ayat ini Allah menolak anggapan mereka yang menyatakan bahwa Dia mempunyai anak perempuan dan mereka mempunyai anak laki-laki yang disebabkan oleh persangkaan mereka bahwa perempuan itu lemah dan mempunyai kekurangan sedangkan lakilaki itu sempurna. Ini mengungkapkan anggapan mereka bahwa Allah mempunyai kekurangan, sedangkan mereka yang memiliki kekurangan itu menganggap diri mereka sempurna. (",
          "22": "Pembagian yang seperti mereka katakan dalam ayat 21 itu adalah pembagian yang tidak adil, kurang pantas dan tidak sempurna sebab mereka menganggap bahwa Tuhan mereka mempunyai apa-apa yang mereka sendiri membencinya. Dan untuk mereka apa-apa yang mereka sukai",
          "23": "Dalam ayat ini Allah menerangkan bahwa mereka menamakan berhala-berhala itu tuhan, padahal itu hanyalah nama-nama yang tidak mempunyai arti sama sekali. Mereka mengira dan berkeyakinan bahwa berhala-berhala itu mempunyai hak untuk diiktikafi demi ibadat kepadanya dan sebagai tempat menyajikan binatang kurban. Mereka tidak mempunyai alasan atau mereka tidak dapat menjelaskan sebab dari apa yang mereka katakan dan mereka lakukan. Mereka hanya meniru orang-orang yang terdahulu yang selanjutnya akan diikuti oleh anak cucu mereka. Dalam ayat yang bersamaan artinya Allah berfirman: \n\nApa yang kamu sembah selain Dia, hanyalah nama-nama yang kamu buat-buat baik oleh kamu sendiri maupun oleh nenek moyangmu. (Yusuf/12: 40) \n\nKemudian Allah swt menguatkan penjelasan-Nya dengan menerangkan bahwa mereka tidak mempunyai alasan kecuali karena berbaik sangka kepada bapak-bapaknya, yang berjalan pada jalan yang salah dan mempertahankan kedudukan mereka dalam masyarakat, atau karena hormat mereka terhadap bapak-bapaknya. Yang jelas mereka menyembah berhala-berhala itu hanyalah mengikuti sangkaan-sangkaan saja, bahwa bapak-bapak mereka dahulu itu berjalan pada jalan yang benar, padahal sebenarnya mereka mengikuti hawa nafsu mereka. Selanjutnya, Allah swt menerangkan bahwa seharusnya mereka tidak pantas untuk berbuat seperti itu karena telah datang peringatan, apa yang mereka lakukan saat itu adalah suatu kelalaian dan kesalahan. Kemudian dalam ayat ini Allah menerangkan bahwa mereka hanyalah mengikuti pendapat saja, sedangkan Allah telah mengutus rasul-Nya dengan kebenaran yang nyata dan dengan alasan yang jelas. Maka sudah seharusnyalah mereka menyadari kesalahannya. \n\nAkan tetapi, mereka masih tetap berpaling dari kebenaran. Diterangkan dalam firman Allah sebagai berikut: \n\nSeakan-akan mereka keledai liar yang lari terkejut, lari dari singa. (al-Muddatstsir/74: 50-51)",
          "24": "Maka Allah swt menambahkan dalam ayat ini apakah mereka itu mengharapkan sesuatu yang mereka cita-citakan berupa syafaat dari tuhan-tuhan mereka di akhirat? Tidak, sama sekali berhala-berhala itu tidak ada gunanya, ia tidak akan membantu apa-apa karena berhala-berhala itu adalah benda mati yang keras bagai batu. Bahwasanya segala apa yang ada di dunia dan di akhirat adalah milik Allah, dan berhala-berhala itu tidak memiliki apa-apa. Allah telah membuat mereka berputus asa untuk mendapat kebaikan dari ibadat kepada berhala. Berhala itu tidak dapat menjadi alat penghubung untuk mendekatkan diri mereka kepada Allah.",
          "25": "Maka Allah swt menambahkan dalam ayat ini apakah mereka itu mengharapkan sesuatu yang mereka cita-citakan berupa syafaat dari tuhan-tuhan mereka di akhirat? Tidak, sama sekali berhala-berhala itu tidak ada gunanya, ia tidak akan membantu apa-apa karena berhala-berhala itu adalah benda mati yang keras bagai batu. Bahwasanya segala apa yang ada di dunia dan di akhirat adalah milik Allah, dan berhala-berhala itu tidak memiliki apa-apa. Allah telah membuat mereka berputus asa untuk mendapat kebaikan dari ibadat kepada berhala. Berhala itu tidak dapat menjadi alat penghubung untuk mendekatkan diri mereka kepada Allah.",
          "26": "Kemudian Allah swt menerangkan tentang betapa banyak malaikat di langit yang tidak dapat menolong manusia dengan pertolongan apa pun, kecuali bila Allah memberikan izin kepada mereka untuk orang yang dikehendaki-Nya yaitu orang yang ikhlas dalam perkataan dan perbuatannya. Apabila keadaan malaikat demikian halnya, sedangkan malaikat adalah makhluk yang dekat kepada Tuhan, maka bagaimana dengan berhala-berhala yang hanya berupa benda mati tidak mempunyai ruh dan kehidupan itu? Jelasnya berhala-berhala itu sama sekali tidak ada manfaatnya.",
          "27": "Allah swt menerangkan bahwa orang-orang yang tidak beriman kepada hari akhirat dan apa-apa yang terjadi di alam akhirat sebagaimana yang telah disampaikan para rasul; mereka itu menambah kekafiran dengan kebodohan perkataan mereka yang menganggap bahwa malaikat itu adalah anak perempuan Tuhan (Mahasuci Allah dari apa yang mereka katakan). Allah swt mencap orang-orang yang seperti itu sebagai orangorang yang tidak beriman dan sebagai isyarat bahwa perkataan mereka telah sampai kepada batas kekejian yang tidak mungkin berasal dari orang yang percaya adanya hisab dan pembalasan. Perkataan mereka itu mengandung dua dosa: Yaitu pengakuan bahwa Tuhan mempunyai anak, dan bahwa anak Tuhan yang mereka katakan itu perempuan, dengan pengakuan yang demikian itu mereka merasa bangga telah melebihi Tuhan, karena mereka mempunyai anak laki-laki.",
          "28": "Ayat ini menjelaskan bahwa perkataan yang demikian itu adalah suatu tanda bahwa mereka tidak mendapat petujuk Tuhan berupa pengetahuan yang membawa mereka ke jalan benar yang menyebabkan mereka mengatakan seperti itu. Mereka hanya terpengaruh oleh prasangka yang menjauhkan mereka dari kebenaran. Sesungguhnya suatu pengetahuan yang benar haruslah berdasarkan keyakinan, bukan hanya perkiraan atau persangkaan. Adapun orang musyrik itu hanyalah mengikuti persangkaan dalam menamakan malaikat sebagai anak perempuan Tuhan, bukan dengan analisa ilmiah. Dalam hadis sahih dikatakan bahwa Rasulullah saw bersabda: ) \"Jauhilah prasangka buruk, sesungguhnya prasangka buruk adalah perkataan yang paling dusta.\" (Riwayat al-Bukhari dan Muslim) \n\nDalam ayat yang sama artinya Allah berfirman: \n\nDan mereka menjadikan malaikat-malaikat hamba-hamba (Allah) Yang Maha Pengasih itu sebagai jenis perempuan. Apakah mereka menyaksikan penciptaan (malaikat-malaikat itu)? Kelak akan dituliskan kesaksian mereka dan akan dimintakan pertanggungjawaban. (az-Zukhruf/43: 19) \n\nTegasnya bahwa suatu hal yang berhubungan dengan iktikad hendaklah berdasarkan pemikiran yang sehat yang dapat diterima oleh akal dan tidak bertentangan dengan wahyu.",
          "29": "Dalam ayat ini Allah swt memerintahkan Rasul saw agar berpaling dari orang-orang kafir dan musyrik yang telah berpaling dari Al-Qur'an kitab Allah, yang tidak mau menjadikannya sebagai pedoman hidup, padahal seharusnya mereka sadar bahwa Al-Qur'an bisa menuntun mereka untuk meraih kebahagiaan hidup di dunia dan akhirat. Al-Qur'an juga berisi kisah umat-umat terdahulu, sikap mereka terhadap para nabi dan rasul, dan akibat dari pembangkangan mereka terhadap ajaran para rasul tersebut, yaitu azab yang pedih di akhirat. Orang-orang musyrik dan kafir malah tidak mengambil pelajaran dari orang-orang terdahulu, mereka mencukupkan diri dengan hal-hal yang berhubungan dengan keduniaan saja. Bahkan mereka rela tertipu dengan kepalsuan dunia dan terseret untuk hanya memikirkan kesenangan duniawi saja. Tegasnya, Muhammad saw diperintahkan oleh Allah agar tidak terlalu menghiraukan sikap orang-orang kafir yang berpaling dari Allah, karena mereka memang hanya menginginkan kesenangan duniawi yang merupakan tujuan hidup dan cita-cita mereka. Dalam keadaan seperti itu, sudah tidak ada lagi jalan untuk beriman. Maka Allah swt memerintahkan kepada rasul-Nya, Muhammad saw untuk merasa tidak kasihan atau bersedih hati atas keadaan mereka itu. Karena Rasul pernah hampir mencelakai dirinya hanya karena prihatin melihat keadaan kaumnya yang tidak beriman. Allah swt berfirman: Boleh jadi engkau (Muhammad) akan membinasakan dirimu (dengan kesedihan), karena mereka (penduduk Mekah) tidak beriman. (asySyu'ara'/26: 3) \n\nOrang-orang musyrik hanya membatasi diri kepada kehidupan duniawi, karena ilmu pengetahuan mereka terbatas pada masalahmasalah duniawi saja serta menyibukkan diri dengan berbagai kesibukan duniawi saja. Mereka sudah merasa berhasil dengan banyaknya harta dunia yang mereka miliki dan tingginya kedudukan sosial mereka. Mereka tidak memperhatikan berita-berita lainnya yang disampaikan oleh para rasul terutama tentang kehidupan akhirat. Keadaan mereka yang demikian itu menjadikan telinga tersumbat, tidak dapat mendengar berita-berita tentang akhirat.",
          "30": "Kemudian Allah swt menegaskan dalam ayat ini bahwa sesungguhnya Dia Maha Mengetahui orang-orang yang memikirkan tanda-tanda kekuasaan-Nya di alam semesta ini serta memikirkan apa-apa yang terkandung dalam seruan rasul-Nya sehingga ia mendapat petunjuk ke jalan kebenaran yang menyelamatkannya pada hari kebangkitan dan mendapat keridaan Tuhannya. Ia berbahagia di dunia karena ia mengikuti apa-apa yang telah digariskan oleh Allah untuk manusia yang mentaati perintah-Nya dan menjauhi larangan-Nya. Allah Maha Mengetahui orang-orang yang menyeleweng dari jalan yang benar yang telah membuat hawa nafsunya menjadi tuhannya yang membekukan akal nuraninya itu. Allah akan memberikan balasan kepada semua makhluk-Nya tanpa memandang kedudukannya di dunia, sesuai keluasan ilmu-Nya, dengan mengutamakan orang-orang yang melakukan pengabdian kepada-Nya. Allah swt berfirman: \n\nBagi orang-orang yang berbuat baik, ada pahala yang terbaik (surga) dan tambahannya (kenikmatan melihat Allah). (Yunus/10: 26)",
          "31": "Ayat ini menyatakan bahwa semua yang ada di langit dan di bumi adalah milik Allah, semua berada dalam genggaman-Nya dan di bawah kekuasaan-Nya. Allah menjadikan semua yang ada di langit dan di bumi, Dia pemiliknya dan Dia yang mengaturnya, Dia mengetahui seluk-beluk keadaannya. Maka janganlah manusia mengira bahwa Allah akan membiarkan mereka dengan tidak membalas setiap manusia menurut amal perbuatannya. Dia akan membalas menurut ilmu-Nya yang mencakupi segala sesuatu. Orang-orang yang berbuat baik diberi ganjaran kebaikan dengan dimasukkan ke dalam surga yang mengalir di dalamnya sungai-sungai dan memberi kesenangan yang tidak pernah terlintas di hati manusia. Ia membalas orang-orang jahat sesuai dengan kejahatan yang dilakukannya dari bermacam-macam seperti syirik dan maksiat karena hatinya tertutup oleh dosa-dosa besar dan kecil",
          "32": "Ayat ini menerangkan sifat-sifat orang yang baik itu, ialah mereka yang menjauhkan dirinya dari dosa-dosa besar seperti syirik, membunuh, berzina, dan lain-lain, meskipun mereka melakukan dosa-dosa kecil yang kemudian disadari sehingga mereka segera bertaubat sambil menyesali perbuatan-perbuatan yang mereka lakukan, mereka juga mengimbanginya dengan melakukan banyak perbuatan yang baik karena perbuatan yang baik itu menghapuskan dosa-dosa kecil. Sebagaimana firman Allah: \n\nPerbuatan-perbuatan baik itu menghapus kesalahan-kesalahan. (Hud/11: 114) \n\nJika kamu menjauhi dosa-dosa besar di antara dosa-dosa yang dilarang mengerjakannya, niscaya Kami hapus kesalahankesalahanmu dan akan Kami masukkan kamu ke tempat yang mulia (surga). (an-Nisa'/4: 31) \n\nDosa-dosa besar itu ada tujuh, Sayidina 'Ali \"Karramallahu Wajhah\" mengatakan bahwa sebagaimana tersebut dalam Sahih alBukhari dan Muslim: Jauhilah tujuh dosa besar yang menghancurkan. Para sahabat bertanya, \"Apakah hal itu? Nabi menjawab, mempersekutukan Allah, sihir, membunuh manusia yang diharamkan Allah kecuali dengan hak, memakan harta anak yatim, memakan riba, lari dari perang yang sedang berkecamuk dan menuduh wanita-wanita muhsanat, gafilat mu'minat. (Riwayat al-Bukhari dan Muslim dari Abu Hurairah) Ada pula yang menyatakan, \"Dosa-dosa besar adalah dosa-dosa yang diancam oleh Allah dengan neraka atau dengan amarah-Nya atau dengan laknat, azab atau mewajibkan had atau hukuman tertentu di dunia seperti qisas potong tangan, rajam dan lain-lain karena yang melakukannya tidak merasa khawatir dan tidak meyesal atas tindakannya itu, padahal tindakannya itu menyebabkan kerusakan besar, walaupun menurut pandangan manusia merupakan hal kecil.\" Selanjutnya, ayat 32 ini menegaskan bahwa Allah Mahaluas ampunan-Nya, dan Dia akan mengampuni dosa-dosa kecil jika menjauhi dosa besar dan Dia mengampuni dosa-dosa besar bila pelakunya bertobat, serta diiringi penyesalan atas perbuatannya, tapi tidak putus asa terhadap pengampunan Allah. Allah berfirman: \n\nKatakanlah, \"Wahai hamba-hamba-Ku yang melampaui batas terhadap diri mereka sendiri! Janganlah kamu berputus asa dari rahmat Allah. Sesungguhnya Allah mengampuni dosa-dosa semuanya. Sungguh, Dialah Yang Maha Pengampun, Maha Penyayang. (azZumar/39: 53) \n\nAyat selanjutnya menjelaskan bahwa Allah swt lebih mengetahui keadaan, perbuatan, dan ucapan manusia dikala Dia menjadikan manusia dari tanah dan dikala Dia membentuk rupanya dalam rahim ibunya, dari satu tahap ke tahap yang lainnya. Maka janganlah ada yang mengatakan dirinya suci. Allahlah yang paling mengetahui tentang orang yang bertakwa. Bila kamu sadari yang demikian itu, maka janganlah kamu memuji dirinya dengan suci dari dosa atau suci dari perbuatan maksiat atau banyak melakukan kebaikan, tetapi hendaklah manusia banyak bersyukur kepada Allah atas limpahan karunia dan ampunan-Nya. Allah Maha Mengetahui siapa yang bersih dari kejahatan dan siapa yang menjerumuskan dirinya dalam kejahatan dan melumurkan dirinya dengan dosa. Sesungguhnya larangan menyucikan diri hanya berlaku bila yang mendorong seseorang untuk itu adalah riya', takabur atau bangga. Selain dari sebab di atas, maka menyucikan diri tidak terlarang, bahkan dianjurkan. Dalam ayat lain Allah berfirman: Tidakkah engkau memperhatikan orang-orang yang menganggap dirinya suci (orang Yahudi dan Nasrani)? Sebenarnya Allah menyucikan siapa yang Dia kehendaki dan mereka tidak dizalimi sedikit pun. (an-Nisa'/4: 49)",
          "33": "Menurut Mujahid dan Ibnu Zaid ayat ini turun pada peristiwa al-Walid bin al-Mugirah, dia telah mendengar bacaan Nabi saw dan selalu mendampingi beliau dan menerima nasihat-nasihat daripadanya sehingga hatinya tertarik kepada Islam dan Nabi juga mengharapkan keimanannya. Kebetulan seorang musyrik yang mengetahui keadaan al-Walid mencelanya, dan mengatakan, \"apakah akan engkau tinggalkan agama nenek moyangmu? Kembalilah kepada agamamu dan terus berpegang padanya! Saya akan menanggung semua yang mengkhawatirkanmu di akhirat nanti, dengan imbalan engkau berikan kepadaku sesuatu.\" Al-Walid menyetujui ajakan ini, lalu ia menarik kembali keinginannya memeluk agama Islam. Dengan demikian jadilah dia seorang sesat yang nyata dan dia telah menyerahkan sebagian imbalan yang disetujuinya kepada orang yang dijanjikannya dan ditahan bagian yang lain. Al-Walid hampir saja menjadi seorang Mukmin dan mengikuti petunjuk-petunjuk rasul, lalu salah seorang dari setan-setan manusia menggodanya agar ia tidak menerima bujukan, dan mengajak kembali kepada agama nenek moyangnya. Seseorang akan memikul dosa-dosanya bila al-Walid bin al-Mugirah sudi menyumbangkan sedikit dari hartanya. Ia menerima gagasan tersebut, tetapi ia hanya memberikannya sekali saja, dan tidak diberikannya apa-apa sesudah itu. Apakah ia mengetahui sesuatu yang gaib, bahwa temannya itu dapat memikul dosa-dosanya yang ditakutinya pada hari Kiamat nanti? Ditegaskan bahwa syariat-syariat terdahulu tidak membenarkan tentang pemikulan dosa oleh orang lain.",
          "34": "Menurut Mujahid dan Ibnu Zaid ayat ini turun pada peristiwa al-Walid bin al-Mugirah, dia telah mendengar bacaan Nabi saw dan selalu mendampingi beliau dan menerima nasihat-nasihat daripadanya sehingga hatinya tertarik kepada Islam dan Nabi juga mengharapkan keimanannya. Kebetulan seorang musyrik yang mengetahui keadaan al-Walid mencelanya, dan mengatakan, \"apakah akan engkau tinggalkan agama nenek moyangmu? Kembalilah kepada agamamu dan terus berpegang padanya! Saya akan menanggung semua yang mengkhawatirkanmu di akhirat nanti, dengan imbalan engkau berikan kepadaku sesuatu.\" Al-Walid menyetujui ajakan ini, lalu ia menarik kembali keinginannya memeluk agama Islam. Dengan demikian jadilah dia seorang sesat yang nyata dan dia telah menyerahkan sebagian imbalan yang disetujuinya kepada orang yang dijanjikannya dan ditahan bagian yang lain. Al-Walid hampir saja menjadi seorang Mukmin dan mengikuti petunjuk-petunjuk rasul, lalu salah seorang dari setan-setan manusia menggodanya agar ia tidak menerima bujukan, dan mengajak kembali kepada agama nenek moyangnya. Seseorang akan memikul dosa-dosanya bila al-Walid bin al-Mugirah sudi menyumbangkan sedikit dari hartanya. Ia menerima gagasan tersebut, tetapi ia hanya memberikannya sekali saja, dan tidak diberikannya apa-apa sesudah itu. Apakah ia mengetahui sesuatu yang gaib, bahwa temannya itu dapat memikul dosa-dosanya yang ditakutinya pada hari Kiamat nanti? Ditegaskan bahwa syariat-syariat terdahulu tidak membenarkan tentang pemikulan dosa oleh orang lain.",
          "35": "Menurut Mujahid dan Ibnu Zaid ayat ini turun pada peristiwa al-Walid bin al-Mugirah, dia telah mendengar bacaan Nabi saw dan selalu mendampingi beliau dan menerima nasihat-nasihat daripadanya sehingga hatinya tertarik kepada Islam dan Nabi juga mengharapkan keimanannya. Kebetulan seorang musyrik yang mengetahui keadaan al-Walid mencelanya, dan mengatakan, \"apakah akan engkau tinggalkan agama nenek moyangmu? Kembalilah kepada agamamu dan terus berpegang padanya! Saya akan menanggung semua yang mengkhawatirkanmu di akhirat nanti, dengan imbalan engkau berikan kepadaku sesuatu.\" Al-Walid menyetujui ajakan ini, lalu ia menarik kembali keinginannya memeluk agama Islam. Dengan demikian jadilah dia seorang sesat yang nyata dan dia telah menyerahkan sebagian imbalan yang disetujuinya kepada orang yang dijanjikannya dan ditahan bagian yang lain. Al-Walid hampir saja menjadi seorang Mukmin dan mengikuti petunjuk-petunjuk rasul, lalu salah seorang dari setan-setan manusia menggodanya agar ia tidak menerima bujukan, dan mengajak kembali kepada agama nenek moyangnya. Seseorang akan memikul dosa-dosanya bila al-Walid bin al-Mugirah sudi menyumbangkan sedikit dari hartanya. Ia menerima gagasan tersebut, tetapi ia hanya memberikannya sekali saja, dan tidak diberikannya apa-apa sesudah itu. Apakah ia mengetahui sesuatu yang gaib, bahwa temannya itu dapat memikul dosa-dosanya yang ditakutinya pada hari Kiamat nanti? Ditegaskan bahwa syariat-syariat terdahulu tidak membenarkan tentang pemikulan dosa oleh orang lain.",
          "36": "Pada ayat ini dijelaskan tentang ketentuan-ketentuan syariat Ibrahim yang telah melaksanakan tugas-tugas yang diberikan kepadanya, telah menyampaikan risalahnya menurut semestinya, sebagaimana yang dimaksud oleh ayat: \n\nDan (ingatlah), ketika Ibrahim diuji Tuhannya dengan beberapa kalimat, lalu dia melaksanakannya dengan sempurna. Dia (Allah) berfirman, \"Sesungguhnya Aku menjadikan engkau sebagai pemimpin bagi seluruh manusia.\" (al-Baqarah/2: 124) \n\nIbnu 'Abbas menyatakan, Ibrahim telah menjalankan semua gagasan Islam yang tigapuluh macam banyaknya yang tidak pernah dijalankan oleh nabi yang lain, yaitu sepuluh gagasan tersebut dalam Surah at-Taubah/9 ayat 111 dan 112. Dalam ayat pertama tersebut hanya satu macam gagasan, yaitu berperang pada jalan Allah lalu ia membunuh atau terbunuh, sedang pada ayat kedua disebutkan sembilan macam, yaitu orang yang bertobat, yang beribadah, yang memuji (Allah), yang mengembara (demi agama Islam), yang rukuk, yang sujud, yang menyuruh berbuat ma'ruf dan mencegah berbuat mungkar dan yang memelihara hukum-hukum Allah. Sepuluh di Surah al-Ahzab/33, pada ayat 35, yaitu laki-laki dan perempuan muslim, laki-laki dan perempuan yang mukmin, laki-laki dan perempuan yang khusyu', laki-laki dan perempuan yang bersedekah, laki-laki dan perempuan yang berpuasa, laki-laki dan perempuan yang memelihara kehormatannya, laki-laki dan perempuan yang banyak menyebut (nama) Allah. Enam macam dalam Surah al-Mu'minun/23 dari ayat 2 sampai dengan ayat 9, yaitu: orang yang khusyu' dalam salat, orang menjauhkan diri dari (perbuatan dan perkataan) yang tiada berguna, orang yang menunaikan zakat, orang yang menjaga kemaluannya, kecuali terhadap istri-istri mereka atau budak yang mereka miliki maka sesungguhnya mereka dalam hal ini tidak tercela. Barang siapa mencari yang di balik itu, mereka adalah orang yang melampaui batas, dan orang yang memelihara amanat (yang dipikulnya) dan janjinya, orang yang memelihara salatnya. Empat macam dalam Surah al-Ma'arij/70, yaitu mulai dari ayat 26 sampai dengan ayat 33; orang yang mempercayai hari Pembalasan, orang yang takut terhadap azab Tuhannya, karena sesungguhnya azab Tuhan mereka tidak dapat orang merasa aman (dari kedatangannya), orang yang memelihara kemaluannya, kecuali kepada istri-istri mereka atau budak-budak yang mereka miliki, maka sesungguhnya mereka dalam hal ini tiada tercela. Barang siapa mencari yang di balik itu, maka mereka itulah orang-orang yang melampaui batas, orang-orang yang memelihara amanat-amanat (yang dipikulnya) dan janjinya dan orang-orang yang memberikan kesaksiannya. Dikhususkan Ibrahim dengan sifat-sifat tersebut, karena beratnya cobaan yang telah dialaminya ketika terjadi perintah menyembelih putranya Ismail yang sudah jelas ceritanya. Adapun sebab menyebutkan syariat dua Nabi ini saja, karena orang musyrik mengaku bahwa mereka adalah pengikut Ibrahim, sedangkan Ahli Kitab mengaku bahwa mereka pengikut Taurat dan lembaran-lembarannya yang masih dekat masanya dengan mereka. Kemudian Allah menyatakan isi dari kedua syariat tersebut dalam ayat 38 dan 39 berikut.",
          "37": "Pada ayat ini dijelaskan tentang ketentuan-ketentuan syariat Ibrahim yang telah melaksanakan tugas-tugas yang diberikan kepadanya, telah menyampaikan risalahnya menurut semestinya, sebagaimana yang dimaksud oleh ayat: \n\nDan (ingatlah), ketika Ibrahim diuji Tuhannya dengan beberapa kalimat, lalu dia melaksanakannya dengan sempurna. Dia (Allah) berfirman, \"Sesungguhnya Aku menjadikan engkau sebagai pemimpin bagi seluruh manusia.\" (al-Baqarah/2: 124) \n\nIbnu 'Abbas menyatakan, Ibrahim telah menjalankan semua gagasan Islam yang tigapuluh macam banyaknya yang tidak pernah dijalankan oleh nabi yang lain, yaitu sepuluh gagasan tersebut dalam Surah at-Taubah/9 ayat 111 dan 112. Dalam ayat pertama tersebut hanya satu macam gagasan, yaitu berperang pada jalan Allah lalu ia membunuh atau terbunuh, sedang pada ayat kedua disebutkan sembilan macam, yaitu orang yang bertobat, yang beribadah, yang memuji (Allah), yang mengembara (demi agama Islam), yang rukuk, yang sujud, yang menyuruh berbuat ma'ruf dan mencegah berbuat mungkar dan yang memelihara hukum-hukum Allah. Sepuluh di Surah al-Ahzab/33, pada ayat 35, yaitu laki-laki dan perempuan muslim, laki-laki dan perempuan yang mukmin, laki-laki dan perempuan yang khusyu', laki-laki dan perempuan yang bersedekah, laki-laki dan perempuan yang berpuasa, laki-laki dan perempuan yang memelihara kehormatannya, laki-laki dan perempuan yang banyak menyebut (nama) Allah. Enam macam dalam Surah al-Mu'minun/23 dari ayat 2 sampai dengan ayat 9, yaitu: orang yang khusyu' dalam salat, orang menjauhkan diri dari (perbuatan dan perkataan) yang tiada berguna, orang yang menunaikan zakat, orang yang menjaga kemaluannya, kecuali terhadap istri-istri mereka atau budak yang mereka miliki maka sesungguhnya mereka dalam hal ini tidak tercela. Barang siapa mencari yang di balik itu, mereka adalah orang yang melampaui batas, dan orang yang memelihara amanat (yang dipikulnya) dan janjinya, orang yang memelihara salatnya. Empat macam dalam Surah al-Ma'arij/70, yaitu mulai dari ayat 26 sampai dengan ayat 33; orang yang mempercayai hari Pembalasan, orang yang takut terhadap azab Tuhannya, karena sesungguhnya azab Tuhan mereka tidak dapat orang merasa aman (dari kedatangannya), orang yang memelihara kemaluannya, kecuali kepada istri-istri mereka atau budak-budak yang mereka miliki, maka sesungguhnya mereka dalam hal ini tiada tercela. Barang siapa mencari yang di balik itu, maka mereka itulah orang-orang yang melampaui batas, orang-orang yang memelihara amanat-amanat (yang dipikulnya) dan janjinya dan orang-orang yang memberikan kesaksiannya. Dikhususkan Ibrahim dengan sifat-sifat tersebut, karena beratnya cobaan yang telah dialaminya ketika terjadi perintah menyembelih putranya Ismail yang sudah jelas ceritanya. Adapun sebab menyebutkan syariat dua Nabi ini saja, karena orang musyrik mengaku bahwa mereka adalah pengikut Ibrahim, sedangkan Ahli Kitab mengaku bahwa mereka pengikut Taurat dan lembaran-lembarannya yang masih dekat masanya dengan mereka. Kemudian Allah menyatakan isi dari kedua syariat tersebut dalam ayat 38 dan 39 berikut.",
          "38": "Seseorang tidak akan memikul dosa orang lain. Setiap orang yang mengerjakan dosa karena kekafirannya atau karena kemaksiatannya maka dia sendiri yang memikul dosanya, dan tidak akan dipikul oleh orang lain. Dan jika seseorang yang dibebani berat dosanya memanggil (orang lain) untuk memikul bebannya itu tidak akan dipikulkan sedikit pun, meskipun (yang dipanggilnya itu) kaum kerabatnya. (Fathir/35: 18)",
          "39": "Atas perbuatan yang baik, manusia hanya memperoleh ganjaran dari usahanya sendiri maka dia tidak berhak atas pahala suatu perbuatan yang tidak dilakukannya. Dari ayat tersebut, Imam Malik dan Imam Syafi'i memahami bahwa tidak sah menghadiahkan pahala amalan orang hidup berupa bacaan Al-Qur'an kepada orang mati, karena bukan perbuatan mereka dan usaha mereka. Begitu pula seluruh ibadah badaniah, seperti salat, haji dan tilawah, karena Nabi saw tidak pernah mengutarakan yang demikian kepada umat, tidak pernah menyuruhnya secara sindiran dan tidak pula dengan perantaraan nas dan tidak pula para sahabat menyampaikan kepada kita. Sekiranya tindakan itu baik, tentu mereka telah terlebih dahulu mengerjakannya. Ada pun mengenai sedekah, maka pahalanya sampai kepada orang mati, sebagaimana oleh Muslim dan al-Bukhari meriwayatkan dari Abu Hurairah, bahwa Nabi saw bersabda: Apabila seorang anak Adam meninggal dunia putuslah semua amal perbuatan (yang menyampaikan pahala kepadanya) kecuali tiga perkara, anak yang saleh yang berdoa kepadanya, sedekah jariah (wakaf) sesudahnya dan ilmu yang dapat diambil manfaatnya. (Riwayat Muslim dari Abu Hurairah) \n\nSebenarnya ini semua termasuk usaha seseorang, jerih payahnya, sebagaimana tersebut dalam hadist : \n\nSesungguhnya sebaik-baik yang dimakan oleh seseorang adalah hasil usahanya sendiri dan anaknya termasuk usahanya juga.(Riwayat anNasa'i dan Ibnu hibban) Sedekah jariah seperti wakaf adalah bekas usahanya, Allah berfirman: \n\nSungguh, Kamilah yang menghidupkan orang-orang yang mati, dan Kamilah yang mencatat apa yang telah mereka kerjakan dan bekasbekas yang mereka (tinggalkan). (Yasin/36: 12) \n\nIlmu yang disebarkan lalu orang-orang mengikutinya dan mengamalkannya termasuk juga usahanya. Dan telah diriwayatkan di antaranya hadis sahih: ÙŽOrang yang mengajak kepada suatu petunjuk maka baginya pahala yang serupa dengan pahala orang yang mengikuti petunjuk itu, tanpa mengurangi pahala orang yang mengikutinya sedikit pun. (Riwayat Muslim) \n\nImam Ahmad bin hanbal dan sebagian besar pengikut Syafi'i berpendapat bahwa pahala bacaan sampai kepada orang mati, bila bacaan itu tidak dibayar dengan upah. Tetapi bila bacaan itu dengan upah, sebagaimana biasa terjadi sekarang, maka pahalanya tidak sampai kepada orang mati, karena haram mengambil upah untuk membaca Al-Qur'an, meskipun boleh mengambil upah mengajarinya.Termasuk ibadah yang pahalanya sampai kepada orang lain adalah doa dan sedekah. (",
          "40": "Amal perbuatan seseorang akan diperlihatkan di hari mahsyar sehingga semua orang akan dapat melihatnya. Ini berarti penghormatan bagi orang-orang baik dan penghinaan bagi orangorang jahat. Dan katakanlah, \"Bekerjalah kamu, maka Allah akan melihat pekerjaanmu, begitu juga Rasul-Nya dan orang-orang mukmin, dan kamu akan dikembalikan kepada (Allah) Yang Mengetahui yang gaib dan yang nyata, lalu diberitakan-Nya kepada kamu apa yang telah kamu kerjakan.\" (at-Taubah/9: 105)",
          "41": "Ayat ini menyatakan bahwa Allah akan membalas amal perbuatan seseorang dengan balasan yang lebih sempurna dengan melipatgandakan baginya perbuatan baik, dan membalas suatu kejahatan dengan yang serupa atau dimaafkan. \n\nKabarkanlah kepada hamba-hamba-Ku, bahwa Akulah Yang Maha Pengampun, Maha Penyayang, dan sesungguhnya azab-Ku adalah azab yang sangat pedih. (al-hijr/15: 49-50)",
          "42": "Allah tempat kembali segala sesuatu pada hari Kiamat dan Ia akan menghisab yang kecil dan besar, lalu Ia memberi pahala atau siksa sesuai dengan perbuatan mereka masing-masing. Ayat ini merupakan peringatan keras bagi orang jahat, dan bujukan yang halus bagi orang-orang baik dan sebagai penghibur hati bagi Nabi Muhammad saw, seperti firman-Nya: \n\nMaka jangan sampai ucapan mereka membuat engkau (Muhammad) bersedih hati. Sungguh, Kami mengetahui apa yang mereka rahasiakan dan apa yang mereka nyatakan. (Yasin/36: 76)",
          "43": "Allah-lah yang menjadikan orang tertawa dan menangis serta sebab-sebabnya. Maksudnya, Dia yang menjadikan manusia gembira karena perbuatannya yang baik, dan Dia yang menyebabkan manusia sedih, menangis dan prihatin karena perbuatannya, yaitu perbuatan yang menyenangkan atau menyusahkan",
          "44": "Pada ayat ini Allah menegaskan bahwa sesungguhnya Dia-lah yang menjadikan mati dan hidup karena Dia adalah zat yang sanggup untuk menghidupkan, mematikan dan menghidupkan kembali. Yang menciptakan mati dan hidup, untuk menguji kamu, siapa di antara kamu yang lebih baik amalnya. Dan Dia Mahaperkasa, Maha Pengampun. (al-Mulk/67: 2)",
          "45": "Allah yang menciptakan laki-laki dan perempuan dari \"air mani yang dipancarkan ke dalam rahim.\" Kemudian dihembuskannya ruh, sehingga dia hidup dan bergerak. Ayat 45 kembali menjelaskan mengenai keberpasangan ciptaan. Uraiannya dapat dilihat pada beberapa ayat terdahulu, seperti: Yasin/36: 36; ar-Ra'd/13: 3; asy-Syu'ara'/26: 7; dan adhdzariyat/51: 49. Ayat 46 menjelaskan penciptaan manusia yang datangnya dari pasangan laki-laki dan perempuan, sebagai tercantum dalam beberapa ayat sebelumnya. Air mani sebagai salah satu komponen pembentuk kehidupan diuraikan secara sepintas saja. Penjelasannya dapat ditemui pada beberapa uraian dalam ayat-ayat, seperti, alhajj/22: 5; al-Mu'minun/23: 13-14; dan Fathir/35: 11. Dalam ayatayat tersebut telah diuraikan secara sangat rinci bertahap-tahap dalam proses pengembangan embrio manusia. Bahkan mengenai air mani sendiri, dijelaskan, antara lain, pada ayat-ayat as-Sajdah/32: 7-9. Penjelasan selanjutnya, yang sangat ilmiah, ditemukan pada penjelasan dari Surah ath-thariq/86: 6-7 dan al-Insan/76: 2.",
          "46": "Allah yang menciptakan laki-laki dan perempuan dari \"air mani yang dipancarkan ke dalam rahim.\" Kemudian dihembuskannya ruh, sehingga dia hidup dan bergerak. Ayat 45 kembali menjelaskan mengenai keberpasangan ciptaan. Uraiannya dapat dilihat pada beberapa ayat terdahulu, seperti: Yasin/36: 36; ar-Ra'd/13: 3; asy-Syu'ara'/26: 7; dan adhdzariyat/51: 49. Ayat 46 menjelaskan penciptaan manusia yang datangnya dari pasangan laki-laki dan perempuan, sebagai tercantum dalam beberapa ayat sebelumnya. Air mani sebagai salah satu komponen pembentuk kehidupan diuraikan secara sepintas saja. Penjelasannya dapat ditemui pada beberapa uraian dalam ayat-ayat, seperti, alhajj/22: 5; al-Mu'minun/23: 13-14; dan Fathir/35: 11. Dalam ayatayat tersebut telah diuraikan secara sangat rinci bertahap-tahap dalam proses pengembangan embrio manusia. Bahkan mengenai air mani sendiri, dijelaskan, antara lain, pada ayat-ayat as-Sajdah/32: 7-9. Penjelasan selanjutnya, yang sangat ilmiah, ditemukan pada penjelasan dari Surah ath-thariq/86: 6-7 dan al-Insan/76: 2.",
          "47": "Allah yang menghidupkan manusia sesudah mati untuk membalas orang yang berbuat baik atau jahat sesuai dengan apa yang dikerjakannya",
          "48": "Allah yang memberikan kekayaan atau kemiskinan bagi orang yang dikehendaki-Nya di antara hamba-Nya, sesuai dengan kesanggupan dan usaha masing-masing. Ayat ini menunjukkan kekuasaan yang sempurna, bahwa nuthfah (setetes mani) adalah sesuai bagian-bagiannya menurut kenyataan. Dari nutfah ini Allah jadikan bermacam-macam anggota, tabiat yang berlain-lainan dan laki-laki atau perempuan, maka tidak ada orang yang mengaku dapat membuatnya, sebagaimana tidak ada yang mengaku menjadikan langit dan bumi selain Allah. \n\nDan sungguh, jika engkau (Muhammad) tanyakan kepada mereka, \"Siapakah yang menciptakan langit dan bumi?\" Tentu mereka akan menjawab, \"Allah.\" (Luqman/31: 25) \n\nApakah manusia mengira, dia akan dibiarkan begitu saja (tanpa pertanggungjawaban)? Bukankah dia mulanya hanya setetes mani yang ditumpahkan (ke dalam rahim), kemudian (mani itu) menjadi sesuatu yang melekat, lalu Allah menciptakannya dan menyempurnakannya, lalu Dia menjadikan darinya sepasang lakilaki dan perempuan. Bukankah (Allah yang berbuat) demikian berkuasa (pula) menghidupkan orang mati? (al-Qiyamah/75: 36-40)",
          "49": "Dalam ayat ini Allah menyatakan bahwa Dia-lah Tuhan yang memiliki bintang Syi'ra, yang sangat gemerlapan ini, yang terbit beriringan dengan bintang Jauza' di pertengahan musim panas. Mengkhususkan sebutan bintang ini dari planet-planet angkasa lainnya yang lebih besar dan lebih gemerlapan, karena bintang ini disembah pada zaman jahiliyah, yang menyembahnya adalah kabilah Himyar dan Khuza'ah. Orang pertama yang mengadakan penyembahan ini adalah Abu Kabsyah. Dia adalah pembesar bangsa Arab, sehingga orang Quraisy menyatakan, bahwa Nabi Muhammad saw, adalah anak Abu Kabsyah, sebagai persamaan karena berbeda dalam hal prinsip agamanya dengan agama nenek moyang mereka. Abu Kabsyah ini adalah salah seorang dari nenek Nabi Muhammad saw, dari pihak ibunya. Sebagaimana yang dikatakan Abu Sufyan ketika ia berada di hadapan Heraklius yang menjadi Pembesar Rum, \"Sungguh telah menjadi besar persoalan anak Abu Kabsyah ini (Nabi saw). Di antara bangsa Arab ada yang memuja bintang dan mengakui pengaruhnya terhadap alam semesta dan mereka membicarakan tentang masalah-masalah yang gaib ketika bintang itu terbit. Bintang Syi'ra ini ada dua, satu di antaranya berada di sebelah Syam (Palestina) dan yang lain berada di sebelah Yaman. Keterangan inilah yang dimaksudkan di sini yang disembah selain Allah.",
          "50": "Allah yang membinasakan kaum 'Ad yang pertama yaitu kaum Nabi Hud, dan yang dimaksud dengan kaum 'Ad yang kedua ialah kaum Iram bin Sam bin Nuh. \n\nTidakkah engkau (Muhammad) memperhatikan bagaimana Tuhanmu berbuat terhadap (kaum) 'Ad? (yaitu) penduduk Iram (ibukota kaum 'Ad) yang mempunyai bangunan-bangunan yang tinggi, yang belum pernah dibangun (suatu kota) seperti itu di negeri-negeri lain. (al-Fajr/89: 6-8) \n\nKaum 'Ad kedua ini golongan manusia yang sangat kuat dan banyak berbuat durhaka terhadap Allah dan Rasul-Nya, Kemudian Allah membinasakan mereka dengan angin yang sangat dingin dan kencang, Allah menimpakan angin itu kepada mereka selama tujuh malam dan tujuh hari terus-menerus. (",
          "51": "Allah membinasakan kaum Samud dan tidak membiarkan mereka hidup, bahkan mereka disiksa dengan azab Tuhan yang sangat dahsyat, dalam ayat yang bersamaan maksudnya Allah berfirman: \n\nMaka adakah kamu melihat seorang pun yang masih tersisa di antara mereka? (al-haqqah/69: 8)",
          "52": "Allah membinasakan kaum Nuh sebelum kaum 'Ad dan Samud. Mereka lebih zalim daripada kedua kaum ini, karena mereka adalah orang-orang yang pertama membuat kezaliman dan kedurhakaan sedangkan orang yang paling zalim, sebagaimana hadis Nabi, \"Barang siapa mengadakan suatu perbuatan jahat, maka dia memikul dosanya.\" Kaum Nuh lebih durhaka daripada kaum 'Ad dan Samud, karena mereka telah melampaui batas, padahal sejak lama mereka telah mendengar seruan Nabi Nuh, namun mereka tetap membangkang sehingga Nabi Nuh habis kesabarannya dan mendoakan kebinasaan mereka. \n\nDan Nuh berkata, \"Ya Tuhanku, janganlah Engkau biarkan seorang pun di antara orang-orang kafir itu tinggal di atas bumi. (Nuh/71: 26) \n\nAda seorang ayah yang membawa anaknya pergi menemui Nuh untuk memperingatkannya seraya mengatakan kepada anaknya, \"Wahai anakku! Ayahku dahulu membawa aku kepada orang ini, seperti sekarang aku membawamu. Awas engkau jangan mempercayainya!\" Si ayah mati dalam kekafirannya sedang anaknya yang masih kecil hidup berpegang kepada wasiat ayahnya, sehingga seruan Nuh mengajar manusia beriman tidak mempengaruhi lagi anak itu.",
          "53": "Allah telah memusnahkan kaum Lut dengan menjungkirbalikkan negeri mereka dan menurunkan azab kepada mereka berupa hujan batu yang terbakar, sambil menghujani mereka dengan batu-batu dari tanah yang terbakar, bertubi-tubi. Dalam ayat lain yang bersamaan maksudnya Allah berfirman: \n\nDan Kami hujani mereka (dengan hujan batu), maka betapa buruk hujan yang menimpa orang-orang yang telah diberi peringatan itu. (asy-Syu'ara'/26: 173) \n\nInilah yang dikehendaki oleh Allah dengan firman-Nya, \"Allah menimpakan atas negeri mereka azab yang menimpanya.\" Pengungkapan keadaan dengan kata-kata tersebut menunjukkan kehebatan azab yang menimpa mereka karena Allah membalikkanNya, yang atas menjadi bawah dan bawah menjadi atas. Keterangan yang jelas dan nyata itu tak dapat meyakinkan mereka, bahkan membikin mereka ragu-ragu, mereka menertawakannya, walaupun Nabi Muhammad saw terus-menerus memperingatkan mereka. Sebenarnya mereka harus menangis atas kesalahan dan kelengahan mereka dan sembah sujud kepada Allah.",
          "54": "Allah telah memusnahkan kaum Lut dengan menjungkirbalikkan negeri mereka dan menurunkan azab kepada mereka berupa hujan batu yang terbakar, sambil menghujani mereka dengan batu-batu dari tanah yang terbakar, bertubi-tubi. Dalam ayat lain yang bersamaan maksudnya Allah berfirman: \n\nDan Kami hujani mereka (dengan hujan batu), maka betapa buruk hujan yang menimpa orang-orang yang telah diberi peringatan itu. (asy-Syu'ara'/26: 173) \n\nInilah yang dikehendaki oleh Allah dengan firman-Nya, \"Allah menimpakan atas negeri mereka azab yang menimpanya.\" Pengungkapan keadaan dengan kata-kata tersebut menunjukkan kehebatan azab yang menimpa mereka karena Allah membalikkanNya, yang atas menjadi bawah dan bawah menjadi atas. Keterangan yang jelas dan nyata itu tak dapat meyakinkan mereka, bahkan membikin mereka ragu-ragu, mereka menertawakannya, walaupun Nabi Muhammad saw terus-menerus memperingatkan mereka. Sebenarnya mereka harus menangis atas kesalahan dan kelengahan mereka dan sembah sujud kepada Allah.",
          "55": "Allah menyatakan dalam bentuk pertanyaan kepada manusia tentang nikmat-Nya yang manakah, yang masih diragukan, dalam ayat berikut ini yang sama maksudnya. \n\nWahai manusia! Apakah yang telah memperdayakan kamu (berbuat durhaka) terhadap Tuhanmu Yang Mahamulia. (al-Infithar/82: 6) \n\nTetapi manusia adalah memang yang paling banyak membantah. (al-Kahf/18: 54) \n\nMaka nikmat Tuhanmu yang manakah yang kamu dustakan? (arRahman/55: 16) Pada hakikatnya musibah yang menimpa itu dapat membawa manusia kepada kesadaran bagi mereka yang memperhatikannya. Semua nikmat itu adalah bukti yang nyata atas ke-Esaan Allah.",
          "56": "Ayat ini menyatakan bahwa sesungguhnya Nabi Muhammad saw dengan Al-Qur'annya adalah pemberi peringatan terhadap orang yang menyimpang dari petunjuk-Nya dengan mengikuti hawa nafsu yang membawa kepada kecelakaan dunia dan akhirat. Nabi Muhammad saw, seperti para rasul sebelumnya, menyampaikan seruan kepada manusia, tetapi sebagian manusia mendustakan kerasulan-Nya, maka Allah menghancurkan dan menjatuhkan azab kepada mereka sesuai dengan kedustaan dan keingkaran mereka terhadap nikmat-nikmat yang terus-menerus datang dari Tuhan, dalam ayat yang lain: \n\nDia tidak lain hanyalah seorang pemberi peringatan bagi kamu sebelum (menghadapi) azab yang keras.\" (Saba'/34: 46) \n\nDalam hadis Nabi yang ada hubungannya dengan ayat ini yaitu: Saya pemberi peringatan yang tak berpakaian. (Riwayat al-Bukhari dan Muslim) Maksudnya, karena terburu-buru melihat kejahatan, sehingga tidak sempat memakai pakaian, terus berangkat untuk mengingatkan kaumnya. Bisa juga berarti polos dan tegas. (",
          "57": "Ayat ini menerangkan, bahwa hari Kiamat sudah dekat masanya dan neraka telah tersedia, tiap manusia akan menerima balasan sesuai dengan perbuatannya, maka waspadalah, agar kamu tidak termasuk di antara orang yang binasa, yaitu pada suatu hari yang tidak berguna. Pada waktu itu harta dan anak, kecuali orang yang datang menghadapi Allah dengan hati yang bersih pada hari seorang anggota keluarga tidak dapat memberi manfaat kepada anggota keluarga lainnya sedikit pun dan mereka tidak mendapat pertolongan apa pun. \n\nApabila terjadi hari Kiamat, terjadinya tidak dapat didustakan (disangkal). (al-Waqi'ah/56: 1-2) Dan tersebut dalam hadis: Kerasulanku ini dibandingkan dengan hari Kiamat adalah seperti dua ini, dan beliau menceraikan antara dua anak jari-jari tengah dan telunjuk. (Riwayat Ahmad",
          "58": "Ayat ini menerangkan bahwa, tidak ada seorang pun yang mengetahui waktu tibanya hari Kiamat selain dari Allah, maka bersiap-siaplah untuk menghadapi hari itu sebelum datang secara tibatiba, dalam keadaan kamu tidak memperkirakan. Kamu akan menyesali kesalahan yang tidak ada gunanya, karenanya, beramallah selama masih ada kesempatan untuk beramal. Dengan ayat ini diungkapkan tiga macam dasar agama yaitu: 1. Keesaan Allah berdasarkan firman-Nya; maka dengan nikmat Tuhanmu yang manakah kamu ragu-ragu? 2. Pengukuhan kerasulan Nabi Muhammad saw, dengan firman-Nya; ini (Muhammad) adalah seorang pemberi peringatan. 3. Pengukuhan tentang adanya pengumpulan dan kebangkitan pada hari Kiamat dengan firman-Nya; telah dekatlah kejadiannya hari Kiamat.",
          "59": "Ayat ini diungkapkan dalam bentuk pertanyaan, maksudnya: Apakah layak bagi kamu, sesudah keterangan yang jelas itu bahwa manusia merasa heran terhadap Al-Qur'an, sedang AlQur'an membawa petunjuk untuk kamu ke jalan yang benar dan menghantarkan kamu ke jalan yang lurus; atau kamu masih memandangnya rendah dengan mencemoohkan dan berpaling dari padanya. Al-Baihaqi dalam Kitab Syu'abul Iman meriwayatkan dari Abu Hurairah, ia berkata, \"Ketika turun firman Allah 'maka apakah kamu merasa heran terhadap pemberitaan ini?\" Ahli Suffah menangis sehingga mengalir air mata mereka ke pipi. Dan ketika Nabi Muhammad saw melihat tangisan mereka beliau pun menangis, lalu kami menangis karena tangisan beliau, seraya berkata: Tidak akan masuk neraka orang-orang yang menangis karena takut kepada Allah dan tidak akan masuk surga orang-orang yang terusmenerus mengerjakan maksiat Dan kalaulah orang-orang tidak melakukan dosa sungguh Allah akan mendatangkan orang-orang yang berdosa, lalu mereka beristigfar, maka Allah mengampuni mereka. (Riwayat al-Baihaqi) \n\nKemudian Allah menyatakan kewajiban mengagungkan dan khusyu' ketika mendengar Al-Qur'an, sebagaimana firman Allah: \n\nDan mereka menyungkurkan wajah sambil menangis dan mereka bertambah khusyuk. (al-Isra'/17: 109)",
          "60": "Ayat ini diungkapkan dalam bentuk pertanyaan, maksudnya: Apakah layak bagi kamu, sesudah keterangan yang jelas itu bahwa manusia merasa heran terhadap Al-Qur'an, sedang AlQur'an membawa petunjuk untuk kamu ke jalan yang benar dan menghantarkan kamu ke jalan yang lurus; atau kamu masih memandangnya rendah dengan mencemoohkan dan berpaling dari padanya. Al-Baihaqi dalam Kitab Syu'abul Iman meriwayatkan dari Abu Hurairah, ia berkata, \"Ketika turun firman Allah 'maka apakah kamu merasa heran terhadap pemberitaan ini?\" Ahli Suffah menangis sehingga mengalir air mata mereka ke pipi. Dan ketika Nabi Muhammad saw melihat tangisan mereka beliau pun menangis, lalu kami menangis karena tangisan beliau, seraya berkata: Tidak akan masuk neraka orang-orang yang menangis karena takut kepada Allah dan tidak akan masuk surga orang-orang yang terusmenerus mengerjakan maksiat Dan kalaulah orang-orang tidak melakukan dosa sungguh Allah akan mendatangkan orang-orang yang berdosa, lalu mereka beristigfar, maka Allah mengampuni mereka. (Riwayat al-Baihaqi) \n\nKemudian Allah menyatakan kewajiban mengagungkan dan khusyu' ketika mendengar Al-Qur'an, sebagaimana firman Allah: \n\nDan mereka menyungkurkan wajah sambil menangis dan mereka bertambah khusyuk. (al-Isra'/17: 109)",
          "61": "Ayat ini diungkapkan dalam bentuk pertanyaan, maksudnya: Apakah layak bagi kamu, sesudah keterangan yang jelas itu bahwa manusia merasa heran terhadap Al-Qur'an, sedang AlQur'an membawa petunjuk untuk kamu ke jalan yang benar dan menghantarkan kamu ke jalan yang lurus; atau kamu masih memandangnya rendah dengan mencemoohkan dan berpaling dari padanya. Al-Baihaqi dalam Kitab Syu'abul Iman meriwayatkan dari Abu Hurairah, ia berkata, \"Ketika turun firman Allah 'maka apakah kamu merasa heran terhadap pemberitaan ini?\" Ahli Suffah menangis sehingga mengalir air mata mereka ke pipi. Dan ketika Nabi Muhammad saw melihat tangisan mereka beliau pun menangis, lalu kami menangis karena tangisan beliau, seraya berkata: Tidak akan masuk neraka orang-orang yang menangis karena takut kepada Allah dan tidak akan masuk surga orang-orang yang terusmenerus mengerjakan maksiat Dan kalaulah orang-orang tidak melakukan dosa sungguh Allah akan mendatangkan orang-orang yang berdosa, lalu mereka beristigfar, maka Allah mengampuni mereka. (Riwayat al-Baihaqi) \n\nKemudian Allah menyatakan kewajiban mengagungkan dan khusyu' ketika mendengar Al-Qur'an, sebagaimana firman Allah: \n\nDan mereka menyungkurkan wajah sambil menangis dan mereka bertambah khusyuk. (al-Isra'/17: 109)",
          "62": "Ayat ini memerintahkan manusia supaya tunduk dan beribadah kepada Allah dengan ikhlas, karena Allah menurunkan AlQur'an kepada manusia melalui rasul-Nya, tugasnya memberi petunjuk dan membawa berita gembira. Hendaklah manusia menyambut Al-Qur'an itu dengan meninggalkan penyembahan terhadap berhala yang tidak membawa manfaat."
        }
      }
    }
  }
}