{
  "name": "Al-Mumtahinah",
  "name_translations": {
    "ar": "الممتحنة",
    "en": "She that is to be examined",
    "id": "Wanita Yang Diuji"
  },
  "number_of_ayah": 13,
  "number_of_surah": 60,
  "place": "Medina",
  "recitations": [{
    "name": "Mishari Rashid al-`Afasy",
    "audio_url": "https://download.quranicaudio.com/quran/mishaari_raashid_al_3afaasee/060.mp3"
  }, {
    "name": "Abdur-Rahman as-Sudais",
    "audio_url": "https://download.quranicaudio.com/quran/abdurrahmaan_as-sudays/060.mp3"
  }, {
    "name": "Saad al-Ghamdi",
    "audio_url": "https://download.quranicaudio.com/quran/sa3d_al-ghaamidi/complete/060.mp3"
  }],
  "type": "Madaniyah",
  "verses": [{
    "number": 1,
    "text": "بِسْمِ ٱللَّهِ ٱلرَّحْمَٰنِ ٱلرَّحِيمِ يَٰٓأَيُّهَا ٱلَّذِينَ ءَامَنُوا۟ لَا تَتَّخِذُوا۟ عَدُوِّى وَعَدُوَّكُمْ أَوْلِيَآءَ تُلْقُونَ إِلَيْهِم بِٱلْمَوَدَّةِ وَقَدْ كَفَرُوا۟ بِمَا جَآءَكُم مِّنَ ٱلْحَقِّ يُخْرِجُونَ ٱلرَّسُولَ وَإِيَّاكُمْ أَن تُؤْمِنُوا۟ بِٱللَّهِ رَبِّكُمْ إِن كُنتُمْ خَرَجْتُمْ جِهَٰدًا فِى سَبِيلِى وَٱبْتِغَآءَ مَرْضَاتِى تُسِرُّونَ إِلَيْهِم بِٱلْمَوَدَّةِ وَأَنَا۠ أَعْلَمُ بِمَآ أَخْفَيْتُمْ وَمَآ أَعْلَنتُمْ وَمَن يَفْعَلْهُ مِنكُمْ فَقَدْ ضَلَّ سَوَآءَ ٱلسَّبِيلِ",
    "translation_en": "O you who have believed, do not take My enemies and your enemies as allies, extending to them affection while they have disbelieved in what came to you of the truth, having driven out the Prophet and yourselves [only] because you believe in Allah, your Lord. If you have come out for jihad in My cause and seeking means to My approval, [take them not as friends]. You confide to them affection, but I am most knowing of what you have concealed and what you have declared. And whoever does it among you has certainly strayed from the soundness of the way.",
    "translation_id": "Hai orang-orang yang beriman, janganlah kamu mengambil musuh-Ku dan musuhmu menjadi teman-teman setia yang kamu sampaikan kepada mereka (berita-berita Muhammad), karena rasa kasih sayang; padahal sesungguhnya mereka telah ingkar kepada kebenaran yang datang kepadamu, mereka mengusir Rasul dan (mengusir) kamu karena kamu beriman kepada Allah, Tuhanmu. Jika kamu benar-benar keluar untuk berjihad di jalan-Ku dan mencari keridhaan-Ku (janganlah kamu berbuat demikian). Kamu memberitahukan secara rahasia (berita-berita Muhammad) kepada mereka, karena rasa kasih sayang. Aku lebih mengetahui apa yang kamu sembunyikan dan apa yang kamu nyatakan. Dan barangsiapa di antara kamu yang melakukannya, maka sesungguhnya dia telah tersesat dari jalan yang lurus."
  }, {
    "number": 2,
    "text": "إِن يَثْقَفُوكُمْ يَكُونُوا۟ لَكُمْ أَعْدَآءً وَيَبْسُطُوٓا۟ إِلَيْكُمْ أَيْدِيَهُمْ وَأَلْسِنَتَهُم بِٱلسُّوٓءِ وَوَدُّوا۟ لَوْ تَكْفُرُونَ",
    "translation_en": "If they gain dominance over you, they would be to you as enemies and extend against you their hands and their tongues with evil, and they wish you would disbelieve.",
    "translation_id": "Jika mereka menangkap kamu, niscaya mereka bertindak sebagai musuh bagimu dan melepaskan tangan dan lidah mereka kepadamu dengan menyakiti(mu); dan mereka ingin supaya kamu (kembali) kafir."
  }, {
    "number": 3,
    "text": "لَن تَنفَعَكُمْ أَرْحَامُكُمْ وَلَآ أَوْلَٰدُكُمْ يَوْمَ ٱلْقِيَٰمَةِ يَفْصِلُ بَيْنَكُمْ وَٱللَّهُ بِمَا تَعْمَلُونَ بَصِيرٌ",
    "translation_en": "Never will your relatives or your children benefit you; the Day of Resurrection He will judge between you. And Allah, of what you do, is Seeing.",
    "translation_id": "Karib kerabat dan anak-anakmu sekali-sekali tiada bermanfaat bagimu pada Hari Kiamat. Dia akan memisahkan antara kamu. Dan Allah Maha Melihat apa yang kamu kerjakan."
  }, {
    "number": 4,
    "text": "قَدْ كَانَتْ لَكُمْ أُسْوَةٌ حَسَنَةٌ فِىٓ إِبْرَٰهِيمَ وَٱلَّذِينَ مَعَهُۥٓ إِذْ قَالُوا۟ لِقَوْمِهِمْ إِنَّا بُرَءَٰٓؤُا۟ مِنكُمْ وَمِمَّا تَعْبُدُونَ مِن دُونِ ٱللَّهِ كَفَرْنَا بِكُمْ وَبَدَا بَيْنَنَا وَبَيْنَكُمُ ٱلْعَدَٰوَةُ وَٱلْبَغْضَآءُ أَبَدًا حَتَّىٰ تُؤْمِنُوا۟ بِٱللَّهِ وَحْدَهُۥٓ إِلَّا قَوْلَ إِبْرَٰهِيمَ لِأَبِيهِ لَأَسْتَغْفِرَنَّ لَكَ وَمَآ أَمْلِكُ لَكَ مِنَ ٱللَّهِ مِن شَىْءٍ رَّبَّنَا عَلَيْكَ تَوَكَّلْنَا وَإِلَيْكَ أَنَبْنَا وَإِلَيْكَ ٱلْمَصِيرُ",
    "translation_en": "There has already been for you an excellent pattern in Abraham and those with him, when they said to their people, \"Indeed, we are disassociated from you and from whatever you worship other than Allah. We have denied you, and there has appeared between us and you animosity and hatred forever until you believe in Allah alone\" except for the saying of Abraham to his father, \"I will surely ask forgiveness for you, but I have not [power to do] for you anything against Allah. Our Lord, upon You we have relied, and to You we have returned, and to You is the destination.",
    "translation_id": "Sesungguhnya telah ada suri tauladan yang baik bagimu pada Ibrahim dan orang-orang yang bersama dengan dia; ketika mereka berkata kepada kaum mereka: \"Sesungguhnya kami berlepas diri daripada kamu dari daripada apa yang kamu sembah selain Allah, kami ingkari (kekafiran)mu dan telah nyata antara kami dan kamu permusuhan dan kebencian buat selama-lamanya sampai kamu beriman kepada Allah saja. Kecuali perkataan Ibrahim kepada bapaknya: \"Sesungguhnya aku akan memohonkan ampunan bagi kamu dan aku tiada dapat menolak sesuatupun dari kamu (siksaan) Allah\". (Ibrahim berkata): \"Ya Tuhan kami hanya kepada Engkaulah kami bertawakkal dan hanya kepada Engkaulah kami bertaubat dan hanya kepada Engkaulah kami kembali\"."
  }, {
    "number": 5,
    "text": "رَبَّنَا لَا تَجْعَلْنَا فِتْنَةً لِّلَّذِينَ كَفَرُوا۟ وَٱغْفِرْ لَنَا رَبَّنَآ إِنَّكَ أَنتَ ٱلْعَزِيزُ ٱلْحَكِيمُ",
    "translation_en": "Our Lord, make us not [objects of] torment for the disbelievers and forgive us, our Lord. Indeed, it is You who is the Exalted in Might, the Wise.\"",
    "translation_id": "\"Ya Tuhan kami, janganlah Engkau jadikan kami (sasaran) fitnah bagi orang-orang kafir. Dan ampunilah kami ya Tuhan kami. Sesungguhnya Engkaulah Yang Maha Perkasa lagi Maha Bijaksana\"."
  }, {
    "number": 6,
    "text": "لَقَدْ كَانَ لَكُمْ فِيهِمْ أُسْوَةٌ حَسَنَةٌ لِّمَن كَانَ يَرْجُوا۟ ٱللَّهَ وَٱلْيَوْمَ ٱلْءَاخِرَ وَمَن يَتَوَلَّ فَإِنَّ ٱللَّهَ هُوَ ٱلْغَنِىُّ ٱلْحَمِيدُ",
    "translation_en": "There has certainly been for you in them an excellent pattern for anyone whose hope is in Allah and the Last Day. And whoever turns away - then indeed, Allah is the Free of need, the Praiseworthy.",
    "translation_id": "Sesungguhnya pada mereka itu (Ibrahim dan umatnya) ada teladan yang baik bagimu; (yaitu) bagi orang-orang yang mengharap (pahala) Allah dan (keselamatan pada) Hari Kemudian. Dan barangsiapa yang berpaling, maka sesungguhnya Allah Dialah yang Maha kaya lagi Maha Terpuji."
  }, {
    "number": 7,
    "text": "عَسَى ٱللَّهُ أَن يَجْعَلَ بَيْنَكُمْ وَبَيْنَ ٱلَّذِينَ عَادَيْتُم مِّنْهُم مَّوَدَّةً وَٱللَّهُ قَدِيرٌ وَٱللَّهُ غَفُورٌ رَّحِيمٌ",
    "translation_en": "Perhaps Allah will put, between you and those to whom you have been enemies among them, affection. And Allah is competent, and Allah is Forgiving and Merciful.",
    "translation_id": "Mudah-mudahan Allah menimbulkan kasih sayang antaramu dengan orang-orang yang kamu musuhi di antara mereka. Dan Allah adalah Maha Kuasa. Dan Allah Maha Pengampun lagi Maha Penyayang."
  }, {
    "number": 8,
    "text": "لَّا يَنْهَىٰكُمُ ٱللَّهُ عَنِ ٱلَّذِينَ لَمْ يُقَٰتِلُوكُمْ فِى ٱلدِّينِ وَلَمْ يُخْرِجُوكُم مِّن دِيَٰرِكُمْ أَن تَبَرُّوهُمْ وَتُقْسِطُوٓا۟ إِلَيْهِمْ إِنَّ ٱللَّهَ يُحِبُّ ٱلْمُقْسِطِينَ",
    "translation_en": "Allah does not forbid you from those who do not fight you because of religion and do not expel you from your homes - from being righteous toward them and acting justly toward them. Indeed, Allah loves those who act justly.",
    "translation_id": "Allah tidak melarang kamu untuk berbuat baik dan berlaku adil terhadap orang-orang yang tiada memerangimu karena agama dan tidak (pula) mengusir kamu dari negerimu. Sesungguhnya Allah menyukai orang-orang yang berlaku adil."
  }, {
    "number": 9,
    "text": "إِنَّمَا يَنْهَىٰكُمُ ٱللَّهُ عَنِ ٱلَّذِينَ قَٰتَلُوكُمْ فِى ٱلدِّينِ وَأَخْرَجُوكُم مِّن دِيَٰرِكُمْ وَظَٰهَرُوا۟ عَلَىٰٓ إِخْرَاجِكُمْ أَن تَوَلَّوْهُمْ وَمَن يَتَوَلَّهُمْ فَأُو۟لَٰٓئِكَ هُمُ ٱلظَّٰلِمُونَ",
    "translation_en": "Allah only forbids you from those who fight you because of religion and expel you from your homes and aid in your expulsion - [forbids] that you make allies of them. And whoever makes allies of them, then it is those who are the wrongdoers.",
    "translation_id": "Sesungguhnya Allah hanya melarang kamu menjadikan sebagai kawanmu orang-orang yang memerangimu karena agama dan mengusir kamu dari negerimu, dan membantu (orang lain) untuk mengusirmu. Dan barangsiapa menjadikan mereka sebagai kawan, maka mereka itulah orang-orang yang zalim."
  }, {
    "number": 10,
    "text": "يَٰٓأَيُّهَا ٱلَّذِينَ ءَامَنُوٓا۟ إِذَا جَآءَكُمُ ٱلْمُؤْمِنَٰتُ مُهَٰجِرَٰتٍ فَٱمْتَحِنُوهُنَّ ٱللَّهُ أَعْلَمُ بِإِيمَٰنِهِنَّ فَإِنْ عَلِمْتُمُوهُنَّ مُؤْمِنَٰتٍ فَلَا تَرْجِعُوهُنَّ إِلَى ٱلْكُفَّارِ لَا هُنَّ حِلٌّ لَّهُمْ وَلَا هُمْ يَحِلُّونَ لَهُنَّ وَءَاتُوهُم مَّآ أَنفَقُوا۟ وَلَا جُنَاحَ عَلَيْكُمْ أَن تَنكِحُوهُنَّ إِذَآ ءَاتَيْتُمُوهُنَّ أُجُورَهُنَّ وَلَا تُمْسِكُوا۟ بِعِصَمِ ٱلْكَوَافِرِ وَسْـَٔلُوا۟ مَآ أَنفَقْتُمْ وَلْيَسْـَٔلُوا۟ مَآ أَنفَقُوا۟ ذَٰلِكُمْ حُكْمُ ٱللَّهِ يَحْكُمُ بَيْنَكُمْ وَٱللَّهُ عَلِيمٌ حَكِيمٌ",
    "translation_en": "O you who have believed, when the believing women come to you as emigrants, examine them. Allah is most knowing as to their faith. And if you know them to be believers, then do not return them to the disbelievers; they are not lawful [wives] for them, nor are they lawful [husbands] for them. But give the disbelievers what they have spent. And there is no blame upon you if you marry them when you have given them their due compensation. And hold not to marriage bonds with disbelieving women, but ask for what you have spent and let them ask for what they have spent. That is the judgement of Allah; He judges between you. And Allah is Knowing and Wise.",
    "translation_id": "Hai orang-orang yang beriman, apabila datang berhijrah kepadamu perempuan-perempuan yang beriman, maka hendaklah kamu uji (keimanan) mereka. Allah lebih mengetahui tentang keimanan mereka; maka jika kamu telah mengetahui bahwa mereka (benar-benar) beriman maka janganlah kamu kembalikan mereka kepada (suami-suami mereka) orang-orang kafir. Mereka tiada halal bagi orang-orang kafir itu dan orang-orang kafir itu tiada halal pula bagi mereka. Dan berikanlah kepada (suami suami) mereka, mahar yang telah mereka bayar. Dan tiada dosa atasmu mengawini mereka apabila kamu bayar kepada mereka maharnya. Dan janganlah kamu tetap berpegang pada tali (perkawinan) dengan perempuan-perempuan kafir; dan hendaklah kamu minta mahar yang telah kamu bayar; dan hendaklah mereka meminta mahar yang telah mereka bayar. Demikianlah hukum Allah yang ditetapkan-Nya di antara kamu. Dan Allah Maha Mengetahui lagi Maha Bijaksana."
  }, {
    "number": 11,
    "text": "وَإِن فَاتَكُمْ شَىْءٌ مِّنْ أَزْوَٰجِكُمْ إِلَى ٱلْكُفَّارِ فَعَاقَبْتُمْ فَـَٔاتُوا۟ ٱلَّذِينَ ذَهَبَتْ أَزْوَٰجُهُم مِّثْلَ مَآ أَنفَقُوا۟ وَٱتَّقُوا۟ ٱللَّهَ ٱلَّذِىٓ أَنتُم بِهِۦ مُؤْمِنُونَ",
    "translation_en": "And if you have lost any of your wives to the disbelievers and you subsequently obtain [something], then give those whose wives have gone the equivalent of what they had spent. And fear Allah, in whom you are believers.",
    "translation_id": "Dan jika seseorang dari isteri-isterimu lari kepada orang-orang kafir, lalu kamu mengalahkan mereka maka bayarkanlah kepada orang-orang yang lari isterinya itu mahar sebanyak yang telah mereka bayar. Dan bertakwalah kepada Allah Yang kepada-Nya kamu beriman."
  }, {
    "number": 12,
    "text": "يَٰٓأَيُّهَا ٱلنَّبِىُّ إِذَا جَآءَكَ ٱلْمُؤْمِنَٰتُ يُبَايِعْنَكَ عَلَىٰٓ أَن لَّا يُشْرِكْنَ بِٱللَّهِ شَيْـًٔا وَلَا يَسْرِقْنَ وَلَا يَزْنِينَ وَلَا يَقْتُلْنَ أَوْلَٰدَهُنَّ وَلَا يَأْتِينَ بِبُهْتَٰنٍ يَفْتَرِينَهُۥ بَيْنَ أَيْدِيهِنَّ وَأَرْجُلِهِنَّ وَلَا يَعْصِينَكَ فِى مَعْرُوفٍ فَبَايِعْهُنَّ وَٱسْتَغْفِرْ لَهُنَّ ٱللَّهَ إِنَّ ٱللَّهَ غَفُورٌ رَّحِيمٌ",
    "translation_en": "O Prophet, when the believing women come to you pledging to you that they will not associate anything with Allah, nor will they steal, nor will they commit unlawful sexual intercourse, nor will they kill their children, nor will they bring forth a slander they have invented between their arms and legs, nor will they disobey you in what is right - then accept their pledge and ask forgiveness for them of Allah. Indeed, Allah is Forgiving and Merciful.",
    "translation_id": "Hai Nabi, apabila datang kepadamu perempuan-perempuan yang beriman untuk mengadakan janji setia, bahwa mereka tiada akan menyekutukan Allah, tidak akan mencuri, tidak akan berzina, tidak akan membunuh anak-anaknya, tidak akan berbuat dusta yang mereka ada-adakan antara tangan dan kaki mereka dan tidak akan mendurhakaimu dalam urusan yang baik, maka terimalah janji setia mereka dan mohonkanlah ampunan kepada Allah untuk mereka. Sesungguhnya Allah maha Pengampun lagi Maha Penyayang."
  }, {
    "number": 13,
    "text": "يَٰٓأَيُّهَا ٱلَّذِينَ ءَامَنُوا۟ لَا تَتَوَلَّوْا۟ قَوْمًا غَضِبَ ٱللَّهُ عَلَيْهِمْ قَدْ يَئِسُوا۟ مِنَ ٱلْءَاخِرَةِ كَمَا يَئِسَ ٱلْكُفَّارُ مِنْ أَصْحَٰبِ ٱلْقُبُورِ",
    "translation_en": "O you who have believed, do not make allies of a people with whom Allah has become angry. They have despaired of [reward in] the Hereafter just as the disbelievers have despaired of [meeting] the inhabitants of the graves.",
    "translation_id": "Hai orang-orang yang beriman, janganlah kamu jadikan penolongmu kaum yang dimurkai Allah. Sesungguhnya mereka telah putus asa terhadap negeri akhirat sebagaimana orang-orang kafir yang telah berada dalam kubur berputus asa."
  }],
  "tafsir": {
    "id": {
      "kemenag": {
        "name": "Kemenag",
        "source": "Aplikasi Quran Kementrian Agama Republik Indonesia",
        "text": {
          "1": "Ayat ini memperingatkan kaum Muslimin agar tidak mengadakan hubungan kasih sayang dengan kaum musyrik yang menjadi musuh Allah dan kaum Muslimin. Sebab, dengan adanya hubungan yang demikian itu, tanpa disadari mereka telah membukakan rahasia-rahasia kaum Muslimin, menyampaikan sesuatu yang akan dilaksanakan Rasulullah saw kepada mereka dalam usaha menegakkan kalimat Allah. Oleh karena itu, kaum Muslimin dilarang melakukan yang demikian sekalipun kepada kaum kerabatnya.\n\nMenjadikan orang-orang kafir yang memusuhi kaum Muslimin sebagai teman setia dan penolong adalah suatu hal yang dilarang. Hal ini tidak boleh dilakukan selama orang-orang kafir itu ingin menghancurkan agama Islam dan kaum Muslimin. \n\nAllah kemudian menjelaskan penyebab larangan menjadikan orang-orang kafir sebagai teman setia, yaitu:\n\n1.Mereka menyangkal dan tidak membenarkan semua yang dibawa Rasulullah. Mereka ingkar kepada Allah, Rasul-Nya, dan Al-Qur'an. Mungkinkah orang yang seperti itu dijadikan penolong-penolong dan teman setia? Kemudian disampaikan kepada mereka rahasia-rahasia yang bermanfaat bagi mereka dan menimbulkan bahaya bagi kaum Muslimin?\n\n2.Mereka telah mengusir Rasulullah saw dan orang-orang Muhajirin dari kampung halaman mereka karena beriman kepada Allah, bukan karena sebab yang lain.\n\nAyat ini sama maksudnya dengan firman Allah:\n\nDan mereka menyiksa orang-orang mukmin itu hanya karena (orang-orang mukmin itu) beriman kepada Allah Yang Mahaperkasa, Maha Terpuji (al-Buruj/85: 8)\n\nDan Firman Allah:\n\n(Yaitu) orang-orang yang diusir dari kampung halamannya tanpa alasan yang benar, hanya karena mereka berkata, \"Tuhan kami ialah Allah.\" Seandainya Allah tidak menolak (keganasan) sebagian manusia dengan sebagian yang lain, tentu telah dirobohkan biara-biara Nasrani, gereja-gereja, rumah-rumah ibadah orang Yahudi dan masjid-masjid, yang di dalamnya banyak disebut nama Allah. Allah pasti akan menolong orang yang menolong (agama)-Nya. Sungguh, Allah Mahakuat, Mahaperkasa (al-hajj/22: 40)\n\nAllah memperingatkan kaum Muslimin bahwa jika mereka keluar dari kampung halaman atau terusir karena berjihad di jalan Allah dan mencari keridaan-Nya, maka janganlah sekali-kali menjadikan orang-orang kafir itu sebagai teman setia dan penolong-penolong mereka. Cukuplah kaum Muslimin menderita akibat tindakan-tindakan mereka, dan jangan sekali-kali memberi kesempatan kepada mereka menambah penderitaan kaum Muslimin. Bagaimana mungkin ada di antara kaum Muslimin melakukan seperti yang dilakukan hathib yang menyampaikan kepada orang-orang kafir langkah-langkah yang akan diambil Rasulullah dalam menghadapi orang-orang kafir?\n\nAllah Mahatahu segala yang dilakukan hamba-hamba-Nya. Oleh karena itu, Dia menyampaikan hal tersebut kepada Rasulullah, sehingga beliau segera dapat mengambil tindakan. Dengan demikian, kaum Muslimin tidak dirugikan.\n\nPada akhir ayat ini ditegaskan bahwa barang siapa yang berkasih-kasihan dengan musuh Islam dan menjadikan mereka penolong-penolong, berarti ia telah menyimpang dari jalan yang lurus.",
          "2": "Dalam ayat ini diterangkan sebab-sebab yang lain Allah melarang kaum Muslimin berteman akrab dan saling menolong dengan orang kafir, yaitu:\n\n1.Jika suatu waktu mereka menangkap atau mengalahkan kaum Muslimin, mereka pasti akan melakukan kezaliman yang di luar dugaan. Mereka berteman dengan kaum Muslimin semata-mata mencari keuntungan bagi diri dan golongan mereka. Bila tidak ada keuntungan yang diharapkan, mereka akan menjauhkan diri, bahkan akan menghancurkan kaum Muslimin.\n\n2.Mereka selalu berusaha menjelek-jelekkan dan memusuhi kaum Muslimin. Bagaimana mungkin ada satu atau sebagian dari kaum Muslimin membukakan rahasia kepada mereka atau berteman erat dengan mereka. Orang yang dapat dijadikan teman itu hanyalah orang yang menginginkan kebaikan untuk kita, bukan sebaliknya.\n\n3.Mereka mengharapkan kaum Muslimin mengingkari kebenaran dan kafir kepada Allah, sehingga kaum Muslimin sama dengan mereka, yaitu sama-sama kafir. Oleh karena itu, mereka hanya mau berteman erat atau bertolong-tolongan dengan kaum Muslimin selama hal itu bisa memenuhi keinginan-keinginan mereka.",
          "3": "Pada hari Kiamat setiap orang mempertanggungjawabkan diri mereka masing-masing kepada Allah. Karib-kerabat, teman setia, anak-anak, atau orang tua sekalipun tidak dapat menolong seseorang di hari Kiamat. Yang dapat menolong seseorang dari siksa Allah hanyalah iman dan amal saleh yang dilakukan selama hidup di dunia.\n\nKarib-kerabat, teman setia, anak-anak dan orang tua tidak dapat dijadikan penolong di hari Kiamat karena masing-masing berusaha menghindarkan diri dari malapetaka yang akan menimpa, sehingga tidak sempat memikirkan kerabat atau temannya, sebagaimana firman Allah:\n\nMaka apabila datang suara yang memekakkan (tiupan sangkakala yang kedua), Pada hari itu manusia lari dari saudaranya, Dan dari ibu dan bapaknya, Dan dari istri dan anak-anaknya. Setiap orang dari mereka pada hari itu mempunyai urusan yang menyibukkannya. ('Abasa/80: 33-37)\n\nPada akhir ayat ini, Allah memberi peringatan bahwa Dia Maha Mengetahui semua yang dilakukan manusia, tidak ada satu pun yang luput dari pengetahuan-Nya. Oleh karena itu, Dia akan memberikan balasan yang seadil-adilnya. Maka itu berhati-hatilah dan jagalah dirimu sebaik mungkin.",
          "4": "Allah memerintahkan kaum Muslimin untuk mencontoh Nabi Ibrahim dan orang-orang yang beriman besertanya, ketika ia berkata kepada kaumnya yang kafir dan menyembah berhala, \"Hai kaumku, sesungguhnya kami berlepas diri dari kamu semua, dan dari apa yang kamu sembah selain Allah.\"\n\nKemudian diterangkan bahwa yang dimaksud Ibrahim dengan berlepas diri itu ialah:\n\n1.Nabi Ibrahim mengingkari kaumnya, tidak mengacuhkan tuhan-tuhan mereka, dan tidak membenarkan perbuatan mereka yang menyembah patung-patung yang tidak dapat memberi manfaat dan mudarat kepada siapa pun. Allah berfirman: \n\nWahai manusia! Telah dibuat suatu perumpamaan. Maka dengarkanlah! Sesungguhnya segala yang kamu seru selain Allah tidak dapat menciptakan seekor lalat pun, walaupun mereka bersatu untuk menciptakannya. Dan jika lalat itu merampas sesuatu dari mereka, mereka tidak akan dapat merebutnya kembali dari lalat itu. Sama lemahnya yang menyembah dan yang disembah. (al-hajj/22: 73)\n\n2.Nabi Ibrahim mengatakan bahwa antara dia dengan kaumnya yang ingkar telah terjadi permusuhan dan saling membenci selamanya. Ibrahim menyatakan akan tetap menentang kaumnya sampai mereka meninggalkan perbuatan syirik. Jika mereka telah beriman, permusuhan itu baru akan berakhir.\n\nTerhadap ayahnya yang masih kafir, ia tidak mengambil sikap yang tegas seperti sikapnya terhadap kaumnya. Ia berjanji akan mendoakan agar Allah mengampuni dosa-dosa ayahnya. Dalam hal ini, Allah melarang kaum Muslimin mencontoh Ibrahim, sekalipun ia akhirnya berlepas tangan pula terhadap ayahnya, setelah nyata baginya keingkaran bapaknya itu.\n\nBenar ada di antara orang yang beriman mendoakan ayah-ayah mereka yang meninggal dalam keadaan musyrik. Mereka beralasan mencontoh perbuatan Ibrahim itu. Maka Allah membantah perbuatan mereka:\n\nTidak pantas bagi Nabi dan orang-orang yang beriman memohonkan ampunan (kepada Allah) bagi orang-orang musyrik, sekalipun orang-orang itu kaum kerabat(nya), setelah jelas bagi mereka, bahwa orang-orang musyrik itu penghuni neraka Jahanam. Adapun permohonan ampunan Ibrahim (kepada Allah) untuk bapaknya, tidak lain hanyalah karena suatu janji yang telah diikrarkannya kepada bapaknya. Maka ketika jelas bagi Ibrahim bahwa bapaknya adalah musuh Allah, maka Ibrahim berlepas diri darinya. Sungguh, Ibrahim itu seorang yang sangat lembut hatinya lagi penyantun. (at-Taubah/9: 113-114)\n\nSelanjutnya Nabi Ibrahim berkata kepada ayahnya bahwa dia tidak mampu menolongnya. Ia hanya bisa berdoa agar Allah memberi taufik berupa iman kepadanya.",
          "5": "Sebelum Nabi Ibrahim berpisah dengan kaumnya yang tidak mau menerima seruannya, ia berdoa kepada Allah dengan hati yang tunduk dan berserah diri kepada-Nya. Dalam doanya ia berkata, \"Ya Tuhan kami, janganlah Engkau jadikan kami (sasaran) fitnah bagi orang-orang kafir.\"\n\nDengan perkataan lain, arti ayat ini ialah Nabi Ibrahim memohon agar Allah tidak memenangkan orang kafir atas orang beriman. Hal itu akan memberi kesempatan kepada orang kafir untuk memfitnah orang beriman. Kemenangan itu juga bisa menimbulkan keyakinan pada orang kafir bahwa mereka berada di jalan yang benar sedangkan orang beriman berada di jalan yang salah.\n\nDi akhir ayat, Nabi Ibrahim berdoa, \"Wahai Tuhan kami, ampunilah dan maafkanlah dosa kami sehingga perbuatan dosa itu seakan-akan tidak pernah kami kerjakan. Engkaulah tempat kami berlindung. Tuntutan-Mu sangat keras. Engkau melakukan dan menciptakan segala sesuatu sesuai dengan sifat, guna, dan faedahnya.\"",
          "6": "Ayat ini mengulang perintah untuk menjadikan Nabi Ibrahim dan orang-orang yang beriman besertanya sebagai teladan yang baik dengan maksud agar perintah itu diperhatikan oleh orang-orang yang beriman. Hal ini terutama ditujukan bagi orang yang yakin akan bertemu dengan Allah di akhirat, dan mengharapkan pahala serta balasan surga sebagai tempat yang nikmat.\n\nOrang yang tidak mengikuti perintah Allah, dan tidak mengambil teladan dari orang-orang yang saleh, maka hendaklah mereka ketahui bahwa Allah sedikit pun tidak memerlukannya. Allah Maha Terpuji di langit dan di bumi, dan Dia tidak memerlukan bantuan makhluk-Nya dalam melaksanakan kehendak-Nya. Allah berfirman:\n\nDan Musa berkata, \"Jika kamu dan orang yang ada di bumi semuanya mengingkari (nikmat Allah), maka sesungguhnya Allah Mahakaya, Maha Terpuji. (Ibrahim/14: 8)",
          "7": "Menurut al-hasan al-Basri dan Abu salih, ayat ini diturunkan berhubungan dengan Khuza'ah, Bani al-harits bin Ka'ab, Kinanah, Khuzaimah, dan kabilah-kabilah Arab lainnya. Mereka minta diadakan perdamaian dengan kaum Muslimin dengan mengemukakan ikrar tidak akan memerangi kaum Muslimin dan tidak menolong musuh-musuh mereka. Maka turunlah ayat ini yang memerintahkan kaum Muslimin untuk menerima permusuhan mereka.\n\nAyat ini menyatakan kepada Rasulullah dan orang-orang yang beriman bahwa mudah-mudahan Allah akan menjalinkan rasa cinta dan kasih sayang antara kaum Muslimin yang ada di Medinah dengan orang-orang musyrik Mekah yang selama ini membenci dan menjadi musuh mereka. Hal itu mudah bagi Allah, sebagai Zat Yang Mahakuasa dan menentukan segalanya. Apalagi jika orang-orang kafir mau beriman kepada Allah dan rasul-Nya, maka Allah akan mengampuni dosa-dosa yang telah mereka lakukan sebelumnya, yaitu dosa memusuhi Rasulullah dan kaum Muslimin.\n\nIsyarat yang terdapat dalam ayat ini terbukti kebenarannya pada pembebasan kota Mekah oleh kaum Muslimin, tanpa terjadi pertumpahan darah. Sewaktu Rasulullah memasuki kota Mekah, karena orang-orang musyrik melanggar perjanjian mereka dengan kaum Muslimin, mereka merasa gentar menghadapi tentara kaum Muslimin, dan bersembunyi di rumah-rumah mereka. Oleh karena itu, Rasulullah mengumumkan bahwa barang siapa memasuki Baitullah, maka dia mendapat keamanan, barang siapa memasuki Masjidil Haram, maka ia mendapat keamanan, dan barang siapa memasuki rumah Abu Sufyan, ia mendapat keamanan. Perintah itu ditaati oleh kaum musyrik dan mereka pun berlindung di Ka'bah, di Masjidil Haram, dan rumah Abu Sufyan. Maka waktu itu, kaum Muslimin yang telah hijrah bersama Rasulullah ke Medinah bertemu kembali dengan keluarganya yang masih musyrik dan tetap tinggal di Mekah, setelah beberapa tahun mereka berpisah. Maka terjalinlah kembali hubungan baik dan kasih sayang diantara mereka.\n\nKarena baiknya sikap kaum Muslimin kepada mereka, maka mereka berbondong-bondong masuk Islam. Firman Allah: \n\nApabila telah datang pertolongan Allah dan kemenangan, dan engkau melihat manusia berbondong-bondong masuk agama Allah. Maka bertasbihlah dengan memuji Tuhanmu dan mohonlah ampunan kepada-Nya. Sungguh, Dia Maha Penerima tobat. (an-Nasr/110:1-3)",
          "8": "Diriwayatkan bahwa Ahmad bin hanbal menceritakan kepada beberapa imam yang lain dari 'Abdullah bin Zubair, ia berkata, \"Telah datang ke Medinah (dari Mekah) Qutailah binti 'Abdul 'Uzza, bekas istri Abu Bakar sebelum masuk Islam, untuk menemui putrinya Asma' binti Abu Bakar dengan membawa berbagai hadiah. Asma' enggan menerima hadiah itu dan tidak memperkenankan ibunya memasuki rumahnya. Kemudian Asma' mengutus seseorang kepada 'Aisyah agar menanyakan hal itu kepada Rasulullah. Maka turunlah ayat ini yang membolehkan Asma' menerima hadiah dan mengizinkan ibunya yang kafir itu tinggal di rumahnya.\n\nAllah tidak melarang orang-orang yang beriman berbuat baik, mengadakan hubungan persaudaraan, tolong-menolong, dan bantu-membantu dengan orang musyrik selama mereka tidak mempunyai niat menghancurkan Islam dan kaum Muslimin, tidak mengusir kaum Muslimin dari negeri-negeri mereka, dan tidak pula berteman akrab dengan orang yang hendak mengusir itu.\n\nAyat ini memberikan ketentuan umum dan prinsip agama Islam dalam menjalin hubungan dengan orang-orang yang bukan Islam dalam satu negara. Kaum Muslimin diwajibkan bersikap baik dan bergaul dengan orang-orang kafir, selama mereka bersikap dan ingin bergaul baik, terutama dengan kaum Muslimin.\n\nSeandainya dalam sejarah Islam, terutama pada masa Rasulullah saw dan masa para sahabat, terdapat tindakan kekerasan yang dilakukan oleh kaum Muslimin kepada orang-orang musyrik, maka tindakan itu semata-mata dilakukan untuk membela diri dari kezaliman dan siksaan yang dilakukan oleh pihak musyrik.\n\nDi Mekah, Rasulullah dan para sahabat disiksa dan dianiaya oleh orang-orang musyrik, sampai mereka terpaksa hijrah ke Medinah. Sesampai di Medinah, mereka pun dimusuhi oleh orang Yahudi yang bersekutu dengan orang-orang musyrik, sekalipun telah dibuat perjanjian damai antara mereka dengan Rasulullah. Oleh karena itu, Rasulullah terpaksa mengambil tindakan keras terhadap mereka. Demikian pula ketika kaum Muslimin berhadapan dengan kerajaan Persia dan Romawi, orang-orang kafir di sana telah memancing permusuhan sehingga terjadi peperangan.\n\nJadi ada satu prinsip yang perlu diingat dalam hubungan orang-orang Islam dengan orang-orang kafir, yaitu boleh mengadakan hubungan baik, selama pihak yang bukan Islam melakukan yang demikian pula. Hal ini hanya dapat dibuktikan dalam sikap dan perbuatan kedua belah pihak.\n\nDi Indonesia prinsip ini dapat dilakukan, selama tidak ada pihak agama lain bermaksud memurtadkan orang Islam atau menghancurkan Islam dan kaum Muslimin.",
          "9": "Dalam ayat ini dijelaskan bahwa Allah hanya melarang kaum Muslimin bertolong-tolongan dengan orang-orang yang menghambat atau menghalangi manusia beribadah di jalan Allah, dan memurtadkan kaum Muslimin sehingga ia berpindah kepada agama lain, yang memerangi, mengusir, dan membantu pengusir kaum Muslimin dari negeri mereka. Dengan orang yang semacam itu, Allah dengan tegas melarang kaum Muslimin untuk berteman dengan mereka.\n\nDi akhir ayat ini, Allah mengingatkan kaum Muslimin yang menjadikan musuh-musuh mereka sebagai teman dan tolong-menolong dengan mereka, bahwa jika mereka melanggar larangan ini, maka mereka adalah orang-orang yang zalim.",
          "10": "Ayat ini menerangkan perintah Allah kepada Rasulullah dan orang-orang yang beriman tentang sikap yang harus diambil, jika seorang perempuan beriman yang berasal dari daerah kafir datang menghadap atau minta perlindungan. Allah menyatakan bahwa apabila datang seorang perempuan dari daerah kafir yang mengucapkan dua kalimat syahadat dan tidak tampak padanya tanda-tanda keingkaran dan kemunafikan, maka perlu diperiksa lebih dahulu, apakah mereka benar telah beriman, atau datang karena melarikan diri dari suaminya, sedangkan ia sebenarnya tidak beriman.\n\nAllah memerintahkan yang demikian itu bukan karena Dia tidak mengetahui hal ihwal mereka. Allah Maha Mengetahui hakikat iman mereka, bahkan mengetahui semua yang terbesit dalam hati mereka. Akan tetapi, untuk kewaspadaan dan berjaga-jaga di kalangan kaum Muslimin yang sedang berperang menghadapi orang-orang kafir, maka usaha-usaha mengadakan penelitian itu harus dilakukan, walaupun orang itu kerabat sendiri.\n\nJika dalam pemeriksaan itu terbukti mereka adalah orang-orang yang beriman, maka jangan sekali-kali kaum Muslimin mengembalikan mereka ke daerah kafir, sebab perempuan-perempuan yang beriman tidak halal lagi bagi suaminya yang kafir. Sebaliknya, pria-pria yang kafir tidak halal bagi perempuan yang beriman.\n\nDari ayat ini dapat ditetapkan suatu hukum yang menyatakan bahwa jika seorang istri telah masuk Islam, berarti sejak itu ia telah bercerai dengan suaminya yang masih kafir. Oleh karena itu, ia haram kembali kepada suaminya. Ayat ini juga menguatkan hukum yang menyatakan bahwa haram hukumnya seorang perempuan muslimat kawin dengan laki-laki kafir.\n\nKemudian Allah menetapkan agar mas kawin yang telah diterima istri yang masuk Islam itu dikembalikan kepada suaminya. Menurut Imam Syafi'i, istri wajib mengembalikan mahar itu jika pihak suaminya yang kafir itu memintanya. Jika pihak suami tidak memintanya, maka mahar itu tidak wajib dikembalikan. Sebagian ulama berpendapat bahwa mahar yang wajib dikembalikan itu jika suaminya termasuk orang yang telah melakukan perjanjian damai dengan kaum Muslimin, sedang bagi suami yang tidak termasuk dalam perjanjian damai dengan kaum Muslimin maharnya tidak wajib dikembalikan. Sebagian ulama lain berpendapat bahwa hukum pengembalian mahar itu bukan wajib tetapi sunah dan itu pun jika diminta oleh suaminya.\n\nSementara itu kaum Muslimin dibolehkan mengawini perempuan-perempuan mukminat yang berhijrah itu dengan membayar mahar. Hal ini berarti bahwa perempuan itu tidak boleh dijadikan budak, karena mereka bukan berasal dari tawanan perang. Allah menganjurkan kaum Muslimin mengawini mereka agar diri mereka terpelihara. \n\nAllah menerangkan bahwa penyebab larangan melanjutkan perkawinan istri yang beriman dengan suami yang kafir itu adalah karena tidak akan ada hubungan perkawinan antara perempuan-perempuan yang sudah beriman dengan suami-suami mereka yang masih kafir dan berada di daerah kafir. Akad perkawinan mereka tidak berlaku lagi sejak sang istri masuk Islam. Sebaliknya jika yang pergi ke daerah kafir itu adalah istri-istri yang beriman kemudian ia menjadi kafir, kaum Muslimin diperintahkan untuk membiarkan mereka pergi. Akan tetapi, mereka harus mengembalikan barang-barang yang pernah diberikan suaminya yang Muslim.\n\nSemua yang disebutkan itu adalah hukum-hukum Allah yang wajib ditaati oleh setiap orang yang menghambakan diri kepada-Nya, karena dalam menetapkan hukum-Nya, Allah Maha Mengetahui kesanggupan hamba yang akan memikul hukum itu dan mengetahui sesuatu yang paling baik dilakukan oleh hamba-hamba-Nya. Dalam menetapkan hukum itu, Allah juga mengetahui faedah dan akibat menetapkan hukum serta keserasian hukum itu bagi yang memikulnya.",
          "11": "Dalam ayat ini diterangkan hukum seorang istri mukminat yang murtad dan lari dari suaminya ke daerah kafir, sedang ia belum mengembalikan mahar yang pernah diterima dari suaminya yang Mukmin itu. Jika si suami menyerang daerah kafir, kemudian dapat menawan bekas istrinya, maka bekas istrinya itu boleh diambilnya kembali dengan mengganti mahar yang telah diterima oleh istri dari suami yang kafir.\n\nDiriwayatkan oleh Ibnu Abi hatim dari al-hasan bahwa ayat ini diturunkan berhubungan dengan peristiwa Ummul hakam binti Abi Sufyan yang telah murtad dan melarikan diri dari suaminya, kemudian ia menikah dengan seorang laki-laki dari Bani tsaqif. Ayat ini memerintahkan agar mas kawin yang diterima Ummul hakam dari suaminya yang kafir itu diganti dan diambilkan dari hasil rampasan perang, dan Ummul hakam kembali kepada suaminya semula (yang Muslim).\n\nMenurut riwayat Ibnu 'Abbas, mas kawin itu diambil dan diberikan kepada suami yang kafir sebelum harta rampasan perang dibagi lima sebanyak yang pernah diberikan suami yang kafir kepada perempuan yang lari itu.\n\nPada akhir ayat ini Allah memerintahkan agar kaum Muslimin bertakwa dan melaksanakan perintah-perintah-Nya dan menghentikan larangan-larangan-Nya, baik yang diterangkan pada ayat di atas, maupun yang disebut pada ayat-ayat yang lain serta yang terdapat di dalam hadis, jika mereka beriman kepada-Nya dan kepada Rasul-Nya.",
          "12": "Allah menyatakan kepada Nabi Muhammad bahwa perempuan-perempuan yang menyatakan keimanan dan ketaatannya harus berjanji bahwa mereka tidak akan mempersekutukan Allah dengan sesuatu pun, tidak akan mencuri harta orang lain, tidak akan berzina, tidak akan menggugurkan anak dalam kandungannya, dan tidak akan mengerjakan yang dilarang, seperti meratapi orang mati dengan mengoyak-ngoyak pakaian, dan sebagainya. Bila mereka telah berjanji, maka pernyataan iman mereka harus diterima. Nabi juga diperintahkan untuk mengatakan kepada mereka bahwa mereka akan mendapat ampunan Allah dan pahala dari-Nya jika mereka konsekuen melaksanakan janji mereka itu. Nabi juga diminta untuk berdoa kepada Allah agar dosa-dosa mereka diampuni, karena sesungguhnya Allah Maha Pengampun lagi Maha Penyayang.\n\nDiriwayatkan oleh al-Bukhari dari 'Urwah bin Zubair bahwa 'Aisyah berkata, \"Rasulullah saw menguji perempuan yang hijrah sesuai ayat: ya ayyuhan-nabiyy idha ja'akal-mu'minat¦..innallaha gafurur-rahim. Barang siapa yang telah memenuhi syarat-syarat di atas, berarti perempuan itu telah mengikrarkan pernyataan bahwa dirinya beriman.\"\n\nDiriwayatkan pula oleh 'Urwah bin Zubair dari 'Aisyah, ia berkata, \"Telah datang Fathimah binti 'Utbah untuk menyatakan keimanannya kepada Rasulullah, maka beliau meminta ia berjanji tidak akan mempersekutukan Allah dengan sesuatu pun, tidak mencuri, tidak berzina, tidak menggugurkan kandungannya, maka Fathimah merasa malu menyebut janji itu sambil meletakkan tangan di atas kepalanya.\" Maka 'Aisyah berkata, \"Hendaklah engkau akui yang dikatakan Nabi itu. Demi Allah, kami tidak menyatakan keimanan kecuali dengan cara demikian.\" Fathimah melaksanakan yang diminta 'Aisyah itu, lalu Nabi menerima pengakuannya.\n\nMenurut riwayat yang lain bahwa Nabi Muhammad banyak menerima pernyataan beriman dari para perempuan ketika penaklukan Mekah. Di antara yang menyatakan keimanannya itu terdapat Hindun binti 'Utbah, istri Abu Sufyan, kepala suku Quraisy.",
          "13": "Diriwayatkan oleh Ibnu Mundhir dari Ibnu Ishaq dari 'Ikrimah dan Abu Sa'id dari Ibnu 'Abbas, ia menerangkan bahwa 'Abdullah bin 'Umar dan Zaid bin haritsah bersahabat dengan orang-orang Yahudi. Maka turunlah ayat ini yang melarang kaum Muslimin berteman erat dengan orang yang dimurkai Allah.\n\nDalam ayat ini, Allah menegaskan kembali larangan menjadikan orang-orang Yahudi, Nasrani, dan musyrik Mekah yang berniat jahat terhadap kaum Muslimin sebagai wali atau teman akrab, karena dikhawatirkan orang-orang yang beriman akan menyampaikan rahasia-rahasia penting kepada mereka.\n\nPada akhir ayat ini, Allah menerangkan bahwa orang-orang kafir itu telah putus asa untuk memperoleh kebaikan dari Allah di akhirat, karena kedurhakaan mereka kepada Rasulullah saw yang telah diisyaratkan kedatangannya dalam kitab-kitab mereka. Padahal, persoalan itu sudah dikuatkan pula dengan bukti-bukti yang jelas dan mukjizat yang nyata. Keputusasaan mereka untuk memperoleh rahmat Allah di hari akhirat sama halnya dengan keputusasaan mereka di dalam kubur karena mereka tidak percaya adanya kebangkitan kembali di akhirat."
        }
      }
    }
  }
}