{
  "name": "At-Talaq",
  "name_translations": {
    "ar": "الطلاق",
    "en": "Divorce",
    "id": "Talak"
  },
  "number_of_ayah": 12,
  "number_of_surah": 65,
  "place": "Medina",
  "recitations": [{
    "name": "Mishari Rashid al-`Afasy",
    "audio_url": "https://download.quranicaudio.com/quran/mishaari_raashid_al_3afaasee/065.mp3"
  }, {
    "name": "Abdur-Rahman as-Sudais",
    "audio_url": "https://download.quranicaudio.com/quran/abdurrahmaan_as-sudays/065.mp3"
  }, {
    "name": "Saad al-Ghamdi",
    "audio_url": "https://download.quranicaudio.com/quran/sa3d_al-ghaamidi/complete/065.mp3"
  }],
  "type": "Madaniyah",
  "verses": [{
    "number": 1,
    "text": "بِسْمِ ٱللَّهِ ٱلرَّحْمَٰنِ ٱلرَّحِيمِ يَٰٓأَيُّهَا ٱلنَّبِىُّ إِذَا طَلَّقْتُمُ ٱلنِّسَآءَ فَطَلِّقُوهُنَّ لِعِدَّتِهِنَّ وَأَحْصُوا۟ ٱلْعِدَّةَ وَٱتَّقُوا۟ ٱللَّهَ رَبَّكُمْ لَا تُخْرِجُوهُنَّ مِنۢ بُيُوتِهِنَّ وَلَا يَخْرُجْنَ إِلَّآ أَن يَأْتِينَ بِفَٰحِشَةٍ مُّبَيِّنَةٍ وَتِلْكَ حُدُودُ ٱللَّهِ وَمَن يَتَعَدَّ حُدُودَ ٱللَّهِ فَقَدْ ظَلَمَ نَفْسَهُۥ لَا تَدْرِى لَعَلَّ ٱللَّهَ يُحْدِثُ بَعْدَ ذَٰلِكَ أَمْرًا",
    "translation_en": "O Prophet, when you [Muslims] divorce women, divorce them for [the commencement of] their waiting period and keep count of the waiting period, and fear Allah, your Lord. Do not turn them out of their [husbands'] houses, nor should they [themselves] leave [during that period] unless they are committing a clear immorality. And those are the limits [set by] Allah. And whoever transgresses the limits of Allah has certainly wronged himself. You know not; perhaps Allah will bring about after that a [different] matter.",
    "translation_id": "Hai Nabi, apabila kamu menceraikan isteri-isterimu maka hendaklah kamu ceraikan mereka pada waktu mereka dapat (menghadapi) iddahnya (yang wajar) dan hitunglah waktu iddah itu serta bertakwalah kepada Allah Tuhanmu. Janganlah kamu keluarkan mereka dari rumah mereka dan janganlah mereka (diizinkan) ke luar kecuali mereka mengerjakan perbuatan keji yang terang. Itulah hukum-hukum Allah dan barangsiapa yang melanggar hukum-hukum Allah, maka sesungguhnya dia telah berbuat zalim terhadap dirinya sendiri. Kamu tidak mengetahui barangkali Allah mengadakan sesudah itu sesuatu hal yang baru."
  }, {
    "number": 2,
    "text": "فَإِذَا بَلَغْنَ أَجَلَهُنَّ فَأَمْسِكُوهُنَّ بِمَعْرُوفٍ أَوْ فَارِقُوهُنَّ بِمَعْرُوفٍ وَأَشْهِدُوا۟ ذَوَىْ عَدْلٍ مِّنكُمْ وَأَقِيمُوا۟ ٱلشَّهَٰدَةَ لِلَّهِ ذَٰلِكُمْ يُوعَظُ بِهِۦ مَن كَانَ يُؤْمِنُ بِٱللَّهِ وَٱلْيَوْمِ ٱلْءَاخِرِ وَمَن يَتَّقِ ٱللَّهَ يَجْعَل لَّهُۥ مَخْرَجًا",
    "translation_en": "And when they have [nearly] fulfilled their term, either retain them according to acceptable terms or part with them according to acceptable terms. And bring to witness two just men from among you and establish the testimony for [the acceptance of] Allah. That is instructed to whoever should believe in Allah and the Last day. And whoever fears Allah - He will make for him a way out",
    "translation_id": "Apabila mereka telah mendekati akhir iddahnya, maka rujukilah mereka dengan baik atau lepaskanlah mereka dengan baik dan persaksikanlah dengan dua orang saksi yang adil di antara kamu dan hendaklah kamu tegakkan kesaksian itu karena Allah. Demikianlah diberi pengajaran dengan itu orang yang beriman kepada Allah dan hari akhirat. Barangsiapa bertakwa kepada Allah niscaya Dia akan mengadakan baginya jalan keluar."
  }, {
    "number": 3,
    "text": "وَيَرْزُقْهُ مِنْ حَيْثُ لَا يَحْتَسِبُ وَمَن يَتَوَكَّلْ عَلَى ٱللَّهِ فَهُوَ حَسْبُهُۥٓ إِنَّ ٱللَّهَ بَٰلِغُ أَمْرِهِۦ قَدْ جَعَلَ ٱللَّهُ لِكُلِّ شَىْءٍ قَدْرًا",
    "translation_en": "And will provide for him from where he does not expect. And whoever relies upon Allah - then He is sufficient for him. Indeed, Allah will accomplish His purpose. Allah has already set for everything a [decreed] extent.",
    "translation_id": "Dan memberinya rezeki dari arah yang tiada disangka-sangkanya. Dan barangsiapa yang bertawakkal kepada Allah niscaya Allah akan mencukupkan (keperluan)nya. Sesungguhnya Allah melaksanakan urusan yang (dikehendaki)Nya. Sesungguhnya Allah telah mengadakan ketentuan bagi tiap-tiap sesuatu."
  }, {
    "number": 4,
    "text": "وَٱلَّٰٓـِٔى يَئِسْنَ مِنَ ٱلْمَحِيضِ مِن نِّسَآئِكُمْ إِنِ ٱرْتَبْتُمْ فَعِدَّتُهُنَّ ثَلَٰثَةُ أَشْهُرٍ وَٱلَّٰٓـِٔى لَمْ يَحِضْنَ وَأُو۟لَٰتُ ٱلْأَحْمَالِ أَجَلُهُنَّ أَن يَضَعْنَ حَمْلَهُنَّ وَمَن يَتَّقِ ٱللَّهَ يَجْعَل لَّهُۥ مِنْ أَمْرِهِۦ يُسْرًا",
    "translation_en": "And those who no longer expect menstruation among your women - if you doubt, then their period is three months, and [also for] those who have not menstruated. And for those who are pregnant, their term is until they give birth. And whoever fears Allah - He will make for him of his matter ease.",
    "translation_id": "Dan perempuan-perempuan yang tidak haid lagi (monopause) di antara perempuan-perempuanmu jika kamu ragu-ragu (tentang masa iddahnya), maka masa iddah mereka adalah tiga bulan; dan begitu (pula) perempuan-perempuan yang tidak haid. Dan perempuan-perempuan yang hamil, waktu iddah mereka itu ialah sampai mereka melahirkan kandungannya. Dan barang -siapa yang bertakwa kepada Allah, niscaya Allah menjadikan baginya kemudahan dalam urusannya."
  }, {
    "number": 5,
    "text": "ذَٰلِكَ أَمْرُ ٱللَّهِ أَنزَلَهُۥٓ إِلَيْكُمْ وَمَن يَتَّقِ ٱللَّهَ يُكَفِّرْ عَنْهُ سَيِّـَٔاتِهِۦ وَيُعْظِمْ لَهُۥٓ أَجْرًا",
    "translation_en": "That is the command of Allah, which He has sent down to you; and whoever fears Allah - He will remove for him his misdeeds and make great for him his reward.",
    "translation_id": "Itulah perintah Allah yang diturunkan-Nya kepada kamu, dan barangsiapa yang bertakwa kepada Allah, niscaya Dia akan menghapus kesalahan-kesalahannya dan akan melipat gandakan pahala baginya."
  }, {
    "number": 6,
    "text": "أَسْكِنُوهُنَّ مِنْ حَيْثُ سَكَنتُم مِّن وُجْدِكُمْ وَلَا تُضَآرُّوهُنَّ لِتُضَيِّقُوا۟ عَلَيْهِنَّ وَإِن كُنَّ أُو۟لَٰتِ حَمْلٍ فَأَنفِقُوا۟ عَلَيْهِنَّ حَتَّىٰ يَضَعْنَ حَمْلَهُنَّ فَإِنْ أَرْضَعْنَ لَكُمْ فَـَٔاتُوهُنَّ أُجُورَهُنَّ وَأْتَمِرُوا۟ بَيْنَكُم بِمَعْرُوفٍ وَإِن تَعَاسَرْتُمْ فَسَتُرْضِعُ لَهُۥٓ أُخْرَىٰ",
    "translation_en": "Lodge them [in a section] of where you dwell out of your means and do not harm them in order to oppress them. And if they should be pregnant, then spend on them until they give birth. And if they breastfeed for you, then give them their payment and confer among yourselves in the acceptable way; but if you are in discord, then there may breastfeed for the father another woman.",
    "translation_id": "Tempatkanlah mereka (para isteri) di mana kamu bertempat tinggal menurut kemampuanmu dan janganlah kamu menyusahkan mereka untuk menyempitkan (hati) mereka. Dan jika mereka (isteri-isteri yang sudah ditalaq) itu sedang hamil, maka berikanlah kepada mereka nafkahnya hingga mereka bersalin, kemudian jika mereka menyusukan (anak-anak)mu untukmu maka berikanlah kepada mereka upahnya, dan musyawarahkanlah di antara kamu (segala sesuatu) dengan baik; dan jika kamu menemui kesulitan maka perempuan lain boleh menyusukan (anak itu) untuknya."
  }, {
    "number": 7,
    "text": "لِيُنفِقْ ذُو سَعَةٍ مِّن سَعَتِهِۦ وَمَن قُدِرَ عَلَيْهِ رِزْقُهُۥ فَلْيُنفِقْ مِمَّآ ءَاتَىٰهُ ٱللَّهُ لَا يُكَلِّفُ ٱللَّهُ نَفْسًا إِلَّا مَآ ءَاتَىٰهَا سَيَجْعَلُ ٱللَّهُ بَعْدَ عُسْرٍ يُسْرًا",
    "translation_en": "Let a man of wealth spend from his wealth, and he whose provision is restricted - let him spend from what Allah has given him. Allah does not charge a soul except [according to] what He has given it. Allah will bring about, after hardship, ease.",
    "translation_id": "Hendaklah orang yang mampu memberi nafkah menurut kemampuannya. Dan orang yang disempitkan rezekinya hendaklah memberi nafkah dari harta yang diberikan Allah kepadanya. Allah tidak memikulkan beban kepada seseorang melainkan sekedar apa yang Allah berikan kepadanya. Allah kelak akan memberikan kelapangan sesudah kesempitan."
  }, {
    "number": 8,
    "text": "وَكَأَيِّن مِّن قَرْيَةٍ عَتَتْ عَنْ أَمْرِ رَبِّهَا وَرُسُلِهِۦ فَحَاسَبْنَٰهَا حِسَابًا شَدِيدًا وَعَذَّبْنَٰهَا عَذَابًا نُّكْرًا",
    "translation_en": "And how many a city was insolent toward the command of its Lord and His messengers, so We took it to severe account and punished it with a terrible punishment.",
    "translation_id": "Dan berapalah banyaknya (penduduk) negeri yang mendurhakai perintah Tuhan mereka dan Rasul-rasul-Nya, maka Kami hisab penduduk negeri itu dengan hisab yang keras, dan Kami azab mereka dengan azab yang mengerikan."
  }, {
    "number": 9,
    "text": "فَذَاقَتْ وَبَالَ أَمْرِهَا وَكَانَ عَٰقِبَةُ أَمْرِهَا خُسْرًا",
    "translation_en": "And it tasted the bad consequence of its affair, and the outcome of its affair was loss.",
    "translation_id": "Maka mereka merasakan akibat yang buruk dari perbuatannya, dan adalah akibat perbuatan mereka kerugian yang besar."
  }, {
    "number": 10,
    "text": "أَعَدَّ ٱللَّهُ لَهُمْ عَذَابًا شَدِيدًا فَٱتَّقُوا۟ ٱللَّهَ يَٰٓأُو۟لِى ٱلْأَلْبَٰبِ ٱلَّذِينَ ءَامَنُوا۟ قَدْ أَنزَلَ ٱللَّهُ إِلَيْكُمْ ذِكْرًا",
    "translation_en": "Allah has prepared for them a severe punishment; so fear Allah, O you of understanding who have believed. Allah has sent down to you the Qur'an.",
    "translation_id": "Allah menyediakan bagi mereka azab yang keras, maka bertakwalah kepada Allah hai orang-orang yang mempunyai akal; (yaitu) orang-orang yang beriman. Sesungguhnya Allah telah menurunkan peringatan kepadamu,"
  }, {
    "number": 11,
    "text": "رَّسُولًا يَتْلُوا۟ عَلَيْكُمْ ءَايَٰتِ ٱللَّهِ مُبَيِّنَٰتٍ لِّيُخْرِجَ ٱلَّذِينَ ءَامَنُوا۟ وَعَمِلُوا۟ ٱلصَّٰلِحَٰتِ مِنَ ٱلظُّلُمَٰتِ إِلَى ٱلنُّورِ وَمَن يُؤْمِنۢ بِٱللَّهِ وَيَعْمَلْ صَٰلِحًا يُدْخِلْهُ جَنَّٰتٍ تَجْرِى مِن تَحْتِهَا ٱلْأَنْهَٰرُ خَٰلِدِينَ فِيهَآ أَبَدًا قَدْ أَحْسَنَ ٱللَّهُ لَهُۥ رِزْقًا",
    "translation_en": "[He sent] a Messenger [Muhammad] reciting to you the distinct verses of Allah that He may bring out those who believe and do righteous deeds from darknesses into the light. And whoever believes in Allah and does righteousness - He will admit him into gardens beneath which rivers flow to abide therein forever. Allah will have perfected for him a provision.",
    "translation_id": "(Dan mengutus) seorang Rasul yang membacakan kepadamu ayat-ayat Allah yang menerangkan (bermacam-macam hukum) supaya Dia mengeluarkan orang-orang yang beriman dan beramal saleh dari kegelapan kepada cahaya. Dan barangsiapa beriman kepada Allah dan mengerjakan amal yang saleh niscaya Allah akan memasukkannya ke dalam surga-surga yang mengalir di bawahnya sungai-sungai; mereka kekal di dalamnya selama-lamanya. Sesungguhnya Allah memberikan rezeki yang baik kepadanya."
  }, {
    "number": 12,
    "text": "ٱللَّهُ ٱلَّذِى خَلَقَ سَبْعَ سَمَٰوَٰتٍ وَمِنَ ٱلْأَرْضِ مِثْلَهُنَّ يَتَنَزَّلُ ٱلْأَمْرُ بَيْنَهُنَّ لِتَعْلَمُوٓا۟ أَنَّ ٱللَّهَ عَلَىٰ كُلِّ شَىْءٍ قَدِيرٌ وَأَنَّ ٱللَّهَ قَدْ أَحَاطَ بِكُلِّ شَىْءٍ عِلْمًۢا",
    "translation_en": "It is Allah who has created seven heavens and of the earth, the like of them. [His] command descends among them so you may know that Allah is over all things competent and that Allah has encompassed all things in knowledge.",
    "translation_id": "Allah-lah yang menciptakan tujuh langit dan seperti itu pula bumi. Perintah Allah berlaku padanya, agar kamu mengetahui bahwasanya Allah Maha Kuasa atas segala sesuatu, dan sesungguhnya Allah ilmu-Nya benar-benar meliputi segala sesuatu."
  }],
  "tafsir": {
    "id": {
      "kemenag": {
        "name": "Kemenag",
        "source": "Aplikasi Quran Kementrian Agama Republik Indonesia",
        "text": {
          "1": "Dalam ayat ini, khithab (seruan) Allah ditujukan kepada Nabi Muhammad, tetapi pada hakikatnya dimaksudkan juga kepada umatnya yang beriman. Allah menyerukan kepada orang-orang mukmin apabila mereka ingin menceraikan (menalak) istri-istri mereka, agar melakukannya ketika istrinya langsung bisa menjalani idahnya, yaitu pada waktu istri-istri itu suci dari haid dan belum dicampuri, sebagaimana dijelaskan dalam satu hadis Nabi saw yang berasal dari Ibnu 'Umar: \n\n'Abdullah bin 'Umar telah menalak istrinya dalam keadaan haid. Lalu 'Umar bin Khaththab menanyakan hal itu kepada Nabi saw, lalu beliau memerintahkan 'Abdullah bin 'Umar merujuk istrinya, menahan istrinya (tinggal bersama) sampai masa suci. Lalu menunggu masa haidnya lagi sampai suci, maka setelah itu jika ia menginginkan tinggal bersama istrinya (maka lakukanlah), dan jika ia ingin menalak istrinya (maka lakukanlah) sebelum menggaulinya. Demikianlah masa idah yang diperintahkan Allah ketika perempuan ditalak. (Riwayat al-Bukhari dan Muslim)\n\nSeorang suami yang akan menalak istrinya, agar meneliti dan memperhitungkan betul kapan idah istrinya mulai dan kapan berakhir, agar istri langsung bisa menjalani idahnya sehingga tidak menunggu terlalu lama. Suami juga diminta melaksanakan hukum-hukum dan memenuhi hak-hak istri yang harus dipenuhi selama masa idah. Hendaklah suami itu takut kepada Allah dan jangan menyalahi apa yang telah diperintahkan-Nya mengenai talak, yaitu menjatuhkan talak pada masa yang direstui-Nya dan memenuhi hak istri yang di talak. Antara lain, janganlah sang suami mengeluarkan istri yang ditalaknya dari rumah yang ditempatinya sebelum ditalak dengan alasan marah dan sebagainya, karena menempatkan istri itu pada tempat yang layak adalah hak istri yang telah diwajibkan Allah selama ia masih dalam idah. \n\nSang suami juga dilarang untuk mengeluarkan istri yang sedang menjalani idah dari rumah yang ditempatinya. Apalagi membiarkan keluar sekehendaknya, karena yang demikian merupakan pelanggaran agama, kecuali apabila istri terang-terangan mengerjakan perbuatan keji, seperti melakukan perbuatan zina dan sebagainya. Jika sang istri berkelakuan tidak sopan terhadap mertua, maka bolehlah ia dikeluarkan dari tempat tinggalnya. Demikianlah batas-batas dan ketentuan-ketentuan yang telah digariskan Allah mengenai talak, idah, dan sebagainya.\n\nOleh karena itu, barang siapa melanggar hukum-hukum Allah itu, berarti ia berbuat zalim kepada dirinya sendiri. Andaikata Allah menakdirkan satu perubahan, lalu hati suami berbalik menjadi cinta lagi kepada istrinya yang telah ditalaknya dan merasa menyesal atas perbuatannya kemudian ia ingin rujuk kembali, maka baginya sudah tertutup jalan, bila keinginannya itu dilaksanakan sesudah habis masa idahnya karena ia telah menyia-nyiakan kesempatan yang diberikan kepadanya. Istri yang dimaksud di sini ialah istri yang sudah atau masih haid dan sudah dicampuri sesudah akad nikah. Ada pun istri yang masih kecil atau sudah ayisah (tidak haid lagi) atau belum dicampuri sesudah akad nikah, apabila ditalak, mempunyai hukum idah tersendiri. Berbeda dengan hukum yang berlaku seperti tersebut di atas.",
          "2": "Dalam ayat-ayat ini, Allah menerangkan bahwa apabila masa idah istri hampir habis dan suami masih ingin berkumpul kembali, ia boleh rujuk kepada istrinya dan tinggal bersama secara baik sebagai suami-istri, melaksanakan kewajibannya, memberi belanja, pakaian, tempat tinggal, dan lainnya. Akan tetapi, kalau suami tetap tidak akan rujuk kepada istri, maka ia boleh melepaskannya secara baik pula tanpa ada ketegangan terjadi, menyempurnakan maharnya, memberi mut'ah sebagai imbalan dan terima kasih atas kebaikan istrinya selama ia hidup bersama dan lain-lain yang menghibur hatinya. Apabila suami memilih rujuk, maka hendaknya hal itu disaksikan oleh dua orang saksi laki-laki yang adil, untuk memantapkan rumah tangganya kembali.\n\nSelanjutnya Allah menyerukan agar kesaksian itu diberikan secara jujur karena Allah semata-mata tanpa mengharapkan bayaran dan tanpa memihak, sebagaimana firman Allah:\n\nJadilah kamu penegak keadilan, menjadi saksi karena Allah, walaupun terhadap dirimu sendiri. (an-Nisa'/4: 135)\n\nDemikian seruan mengenai rujuk dan talak untuk menjadi pelajaran bagi orang yang beriman kepada Allah di hari akhirat. Orang yang bertakwa kepada Allah, dan patuh menaati peraturan-peraturan yang telah ditetapkan-Nya, antara lain mengenai rujuk dan talak tersebut di atas, niscaya Ia akan menunjukkan baginya jalan keluar dari kesulitan yang dihadapinya.\n\nBagi orang-orang yang bertakwa kepada Allah, tidak saja diberi dan dimudahkan jalan keluar dari kesulitan yang dihadapinya, tetapi juga diberi rezeki oleh Allah dari arah yang tidak disangka-sangka, yang belum pernah terlintas dalam pikirannya. Selanjutnya Allah menyerukan agar mereka bertawakal kepada-Nya, karena Allah-lah yang mencukupkan keperluannya mensukseskan urusannya. \n\nBertawakal kepada Allah artinya berserah diri kepada-Nya, menyerahkan sepenuhnya kepada-Nya keberhasilan usaha. Setelah ia berusaha dan memantapkan satu ikhtiar, barulah ia bertawakal. Bukanlah tawakal namanya apabila seorang menyerahkan keadaannya kepada Allah tanpa usaha dan ikhtiar. Berusaha dan berikhtiar dahulu baru bertawakal menyerahkan diri kepada Allah. \n\nPernah terjadi seorang Arab Badui berkunjung kepada Nabi di Medinah dengan mengendarai unta. Setelah orang Arab itu sampai ke tempat yang dituju, ia turun dari untanya lalu masuk menemui Nabi saw. Nabi bertanya, \"Apakah unta sudah ditambatkan?\" Orang Badui itu menjawab, \"Tidak! Saya melepaskan begitu saja, dan saya bertawakal kepada Allah.\" Nabi saw bersabda, \"Tambatkan dulu untamu, baru bertawakal.\"\n\nAllah akan melaksanakan dan menyempurnakan urusan orang yang bertawakal kepada-Nya sesuai dengan kodrat iradat-Nya, pada waktu yang telah ditetapkan, sebagaimana dijelaskan dalam firman-Nya:\n\nDan segala sesuatu ada ukuran di sisi-Nya. (ar-Ra'd/13: 8)",
          "3": "Dalam ayat-ayat ini, Allah menerangkan bahwa apabila masa idah istri hampir habis dan suami masih ingin berkumpul kembali, ia boleh rujuk kepada istrinya dan tinggal bersama secara baik sebagai suami-istri, melaksanakan kewajibannya, memberi belanja, pakaian, tempat tinggal, dan lainnya. Akan tetapi, kalau suami tetap tidak akan rujuk kepada istri, maka ia boleh melepaskannya secara baik pula tanpa ada ketegangan terjadi, menyempurnakan maharnya, memberi mut'ah sebagai imbalan dan terima kasih atas kebaikan istrinya selama ia hidup bersama dan lain-lain yang menghibur hatinya. Apabila suami memilih rujuk, maka hendaknya hal itu disaksikan oleh dua orang saksi laki-laki yang adil, untuk memantapkan rumah tangganya kembali.\n\nSelanjutnya Allah menyerukan agar kesaksian itu diberikan secara jujur karena Allah semata-mata tanpa mengharapkan bayaran dan tanpa memihak, sebagaimana firman Allah:\n\nJadilah kamu penegak keadilan, menjadi saksi karena Allah, walaupun terhadap dirimu sendiri. (an-Nisa'/4: 135)\n\nDemikian seruan mengenai rujuk dan talak untuk menjadi pelajaran bagi orang yang beriman kepada Allah di hari akhirat. Orang yang bertakwa kepada Allah, dan patuh menaati peraturan-peraturan yang telah ditetapkan-Nya, antara lain mengenai rujuk dan talak tersebut di atas, niscaya Ia akan menunjukkan baginya jalan keluar dari kesulitan yang dihadapinya.\n\nBagi orang-orang yang bertakwa kepada Allah, tidak saja diberi dan dimudahkan jalan keluar dari kesulitan yang dihadapinya, tetapi juga diberi rezeki oleh Allah dari arah yang tidak disangka-sangka, yang belum pernah terlintas dalam pikirannya. Selanjutnya Allah menyerukan agar mereka bertawakal kepada-Nya, karena Allah-lah yang mencukupkan keperluannya mensukseskan urusannya. \n\nBertawakal kepada Allah artinya berserah diri kepada-Nya, menyerahkan sepenuhnya kepada-Nya keberhasilan usaha. Setelah ia berusaha dan memantapkan satu ikhtiar, barulah ia bertawakal. Bukanlah tawakal namanya apabila seorang menyerahkan keadaannya kepada Allah tanpa usaha dan ikhtiar. Berusaha dan berikhtiar dahulu baru bertawakal menyerahkan diri kepada Allah. \n\nPernah terjadi seorang Arab Badui berkunjung kepada Nabi di Medinah dengan mengendarai unta. Setelah orang Arab itu sampai ke tempat yang dituju, ia turun dari untanya lalu masuk menemui Nabi saw. Nabi bertanya, \"Apakah unta sudah ditambatkan?\" Orang Badui itu menjawab, \"Tidak! Saya melepaskan begitu saja, dan saya bertawakal kepada Allah.\" Nabi saw bersabda, \"Tambatkan dulu untamu, baru bertawakal.\"\n\nAllah akan melaksanakan dan menyempurnakan urusan orang yang bertawakal kepada-Nya sesuai dengan kodrat iradat-Nya, pada waktu yang telah ditetapkan, sebagaimana dijelaskan dalam firman-Nya:\n\nDan segala sesuatu ada ukuran di sisi-Nya. (ar-Ra'd/13: 8)",
          "4": "Ayat ini menjelaskan bahwa idah perempuan-perempuan yang ya'is (tidak haid lagi), adalah tiga bulan. Begitu juga perempuan muda yang belum pernah haid. Adapun bagi perempuan-perempuan yang hamil, maka idahnya sampai melahirkan kandungannya. Begitu juga perempuan-perempuan hamil yang meninggal suaminya, idahnya sampai melahirkan kandungannya, sebagaimana yang diriwayatkan Imam Malik, Imam Syafi'i, Abdur Razaq, Ibnu Abi Syaibah, dan Ibnu Mundhir dari Ibnu 'Umar. Ketika ditanya tentang perempuan hamil yang meninggal suaminya, Ibnu 'Umar menjawab, \"Apabila perempuan itu melahirkan kandungannya, maka ia menjadi halal (untuk dinikahi).\" Mengenai hal ini ada ulama yang berpendapat yang didasarkan pada masa terlama dari dua waktu, yaitu kalau hamil tua dan segera melahirkan maka idahnya 4 bulan 10 hari. Sedang kalau hamil muda, idahnya sampai perempuan itu melahirkan. Orang yang bertakwa kepada Allah, melaksanakan perintah-Nya dan menjauhi larangan-Nya, maka ia akan dimudahkan urusannya, dilepaskan dari kesulitan yang dialaminya.\n\nDua ayat di atas (ayat 1 dan 4), dan 2 (dua) ayat lain yang berada di antaranya (ayat 2 dan 3), mengatur mengenai tata cara perceraian. Di antaranya hal yang mengatur masa idah. Masa tersebut dengan jelas disebutkan sebagai 3 (tiga) bulan bagi wanita yang (sedang) tidak haid dan mereka yang sudah memasuki masa menopause, dan sampai saat melahirkan bagi mereka yang sedang mengandung.\n\nPada dasarnya, waktu tiga bulan, apabila tidak lagi terjadi persetubuhan, maka akan dapat ditentukan kondisi wanita, apakah dalam keadaan hamil atau tidak. Karena mulai pada bulan pertama kehamilan, haid akan berhenti. Tentunya, berhentinya haid ini dapat disebabkan oleh banyak hal. Dapat karena hamil, atau sedang memulai proses menopause, atau karena adanya penyakit. Bagi seorang wanita, mereka akan mengetahui terjadinya kehamilan dari adanya beberapa ciri lain, karena kehamilan tidak saja ditandai oleh terlambatnya haid atau makin \"gendutnya\" perut. Masih ada tanda-tanda lainnya. Memang tidak mudah mengetahui apakah seseorang benar-benar hamil atau tidak.",
          "5": "Dalam ayat ini, Allah menjelaskan bahwa hukum-hukum yang telah disyariatkan mengenai talak, tempat tinggal, dan idah perempuan yang tertera pada ayat-ayat yang lalu adalah ketentuan Allah yang mesti diamalkan dan dilaksanakan.\n\nPada akhir ayat ini, sekali lagi Allah menjelaskan bahwa bagi orang yang bertakwa kepada-Nya dengan mengerjakan perintah-Nya dan menjauhi larangan-Nya, niscaya Dia akan menghapus dan mengampuni dosanya sebagaimana yang telah dijanjikan-Nya. Dalam ayat lain Allah berfirman:\n\nPerbuatan-perbuatan baik itu menghapus kesalahan-kesalahan. (Hud/11: 114)\n\nSelain dari itu, Allah juga melipatgandakan pahala amal mereka, sebagaimana yang Ia janjikan dalam firman-Nya:\n\nBarang siapa berbuat kebaikan mendapat balasan sepuluh kali lipat amalnya. Dan barang siapa berbuat kejahatan dibalas seimbang dengan kejahatannya. Mereka sedikit pun tidak dirugikan (dizalimi). (al-An'am/6: 160)",
          "6": "Dalam ayat ini, Allah menjelaskan bahwa menjadi kewajiban bagi suami memberi tempat tinggal yang layak, sesuai dengan kemampuannya kepada istri yang tengah menjalani idah. Jangan sekali-kali ia berbuat yang menyempitkan dan menyusahkan hati sang istri dengan menempatkannya pada tempat yang tidak layak atau membiarkan orang lain tinggal bersamanya, sehingga ia merasa harus meninggalkan tempat itu dan menuntut tempat lain yang disenangi.\n\nJika istri yang di talak ba'in sedang hamil, maka ia wajib diberi nafkah secukupnya sampai melahirkan. Apabila ia melahirkan, maka habislah masa idahnya. Namun demikian, karena ia menyusukan anak-anak dari suami yang menceraikannya, maka ia wajib diberi nafkah oleh sang suami sebesar yang umum berlaku. Sebaiknya seorang ayah dan ibu merundingkan dengan cara yang baik tentang kemaslahatan anak-anaknya, baik mengenai kesehatan, pendidikan, maupun hal lainnya. Di sejumlah negara muslim, hak-hak perempuan yang dicerai telah diatur secara khusus dalam undang-undang.\n\nApabila di antara kedua belah pihak tidak terdapat kata sepakat, maka pihak ayah boleh saja memilih perempuan lain yang dapat menerima dan memahami kemampuannya untuk menyusukan anak-anaknya. Sekalipun demikian, kalau anak itu tidak mau menyusu kepada perempuan lain, tetapi hanya ke ibunya, maka sang bapak wajib memberi nafkah yang sama besarnya seperti nafkah yang diberikan kepada orang lain.",
          "7": "Dalam ayat ini, Allah menjelaskan bahwa kewajiban ayah memberikan upah kepada perempuan yang menyusukan anaknya menurut kemampuannya. Jika kemampuan ayah itu hanya dapat memberi makan karena rezekinya sedikit, maka hanya itulah yang menjadi kewajibannya. Allah tidak akan memikulkan beban kepada seseorang melainkan sesuai dengan kemampuannya, sebagaimana firman-Nya:\n\nAllah tidak membebani seseorang melainkan sesuai dengan kesanggupannya. (al-Baqarah/2: 286)\n\nDalam ayat lain juga dijelaskan:\n\nSeseorang tidak dibebani lebih dari kesanggupannya. (al-Baqarah/2: 233)\n\nTidak ada yang kekal di dunia. Pada suatu waktu, Allah akan mem-berikan kelapangan sesudah kesempitan, kekayaan sesudah kemiskinan, kesenangan sesudah penderitaan. Allah berfirman:\n\nSesungguhnya beserta kesulitan itu ada kemudahan. (asy-Syarh/94: 6)",
          "8": "Dalam ayat ini, Allah menerangkan bahwa tidak sedikit daerah yang penduduknya menyalahi perintah-Nya, mendustakan rasul-rasul yang telah diutus kepada mereka. Mereka akan dihisab dengan perhitungan yang sangat teliti, sehingga terbongkar segala kejahatan yang telah diperbuatnya di dunia. Mereka lalu diazab dengan siksaan yang mengerikan.",
          "9": "Dalam ayat ini, Allah menerangkan bahwa orang-orang yang diazab di hari Kiamat dengan azab yang mengerikan adalah seperti orang-orang yang memetik hasil tanaman mereka, mendapatkan hasil usaha mereka sesuai dengan tanaman dan usaha mereka. Jika baik yang ditanam, baik pula yang akan dipetik, sebaliknya jika buruk yang ditanam, buruk pula yang akan dipetik, dan tidak mungkin terjadi sebaliknya. Sejalan dengan uraian ini, dalam ayat lain dijelaskan:\n\nBarang siapa mengerjakan kebajikan maka (pahalanya) untuk dirinya sendiri dan barang siapa berbuat jahat maka (dosanya) menjadi tanggungan dirinya sendiri. Dan Tuhanmu sama sekali tidak menzalimi hamba-hamba-(Nya). (Fussilat/41: 46)\n\nAkibat perbuatan buruk yang mereka kerjakan, mereka memperoleh kerugian yang sangat besar.",
          "10": "Dalam ayat ini, Allah menerangkan bahwa bagi orang-orang yang senantiasa memperlihatkan keingkaran dan pembangkangan terhadap ajaran-ajaran para rasul yang berasal dari Allah, telah disediakan azab yang pedih di hari kemudian. Orang-orang yang berakal dan beriman mestinya bertakwa kepada Allah, karena Ia telah lama menurunkan peringatan yaitu Al-Qur'an, yang memperingatkan segala sesuatunya, untuk menjadi pegangan dengan mengamalkan serta mematuhi isinya.",
          "11": "Dalam ayat ini, Allah menerangkan bahwa Dia telah mengutus seorang rasul untuk membacakan dan mengajarkan ayat-ayat kitab suci Al-Qur'an yang diturunkan kepadanya, yang mengandung bermacam-macam petunjuk dan hukum. Ayat-ayatnya sangat jelas dan mudah dipahami oleh orang yang mau memikirkan dan mempergunakan akalnya, agar orang-orang beriman dan mengerjakan amal saleh memperoleh petunjuk, dan keluar dari kegelapan menuju cahaya yang terang benderang. Orang-orang yang beriman kepada Allah mengakui kebesaran kekuasaan-Nya. Mereka itu akan dimasukkan ke dalam surga yang mengalir di bawahnya sungai-sungai, mereka kekal di dalamnya untuk selama-lamanya, tidak akan mati dan tidak akan dikeluarkan. Di dalam surga, mereka memperoleh beraneka macam kenikmatan yang besar, kelapangan rezeki berupa makanan dan minuman yang tidak pernah dilihat mata, didengar telinga, dan terlintas di dalam hati manusia.",
          "12": "Dalam ayat ini, Allah menerangkan bahwa Dialah yang menciptakan tujuh petala langit dan yang menciptakan tujuh lapis bumi. Dalam sebuah hadis yang diriwayatkan oleh Ibnu Mas'ud , Nabi saw bersabda: \n\nWahai Abu dzarr, tidaklah ada (perbandingan) tujuh petala langit dengan kursi melainkan seperti lingkaran kecil di hamparan tanah yang luas. Sedangkan (perbandingan) 'Arsy dengan kursi di hamparan tanah yang luas dengan lingkaran kecil. (Riwayat Ibn hibban dan Abu Nu'aim)\n\nPerintah, qadha', dan qadar Allah berlaku di antara bumi dan langit. Dialah yang mengatur semuanya sesuai dengan ilmu-Nya yang Mahaluas, menerapkan kebijaksanaan-Nya yang adil dan membawa maslahat. Semuanya itu bertujuan agar manusia mengetahui sejauh mana kekuasaan Allah. Tidak ada sesuatu yang dapat menghalangi kehendak-Nya. Dia kuasa di atas segala sesuatu. Hal ini juga bertujuan agar manusia mengetahui bahwa ilmu Allah meliputi segala sesuatunya. Tidak ada sesuatu di langit dan di bumi walau bagaimanapun kecilnya, kecuali diketahui Allah. Tidak ada yang tersembunyi bagi-Nya, sebagaimana dijelaskan dalam firman-Nya:\n\nBagi Allah tidak ada sesuatu pun yang tersembunyi di bumi dan di langit. (Ali 'Imran/3: 5)\n\nDijelaskan juga dalam firman-Nya yang lain:\n\nDan tidak ada sesuatu pun yang tersembunyi bagi Allah, baik yang ada di bumi maupun yang ada di langit. (Ibrahim/14: 38)"
        }
      }
    }
  }
}