{
  "name": "At-Tahrim",
  "name_translations": {
    "ar": "التحريم",
    "en": "The Prohibition",
    "id": "Pengharaman"
  },
  "number_of_ayah": 12,
  "number_of_surah": 66,
  "place": "Medina",
  "recitations": [{
    "name": "Mishari Rashid al-`Afasy",
    "audio_url": "https://download.quranicaudio.com/quran/mishaari_raashid_al_3afaasee/066.mp3"
  }, {
    "name": "Abdur-Rahman as-Sudais",
    "audio_url": "https://download.quranicaudio.com/quran/abdurrahmaan_as-sudays/066.mp3"
  }, {
    "name": "Saad al-Ghamdi",
    "audio_url": "https://download.quranicaudio.com/quran/sa3d_al-ghaamidi/complete/066.mp3"
  }],
  "type": "Madaniyah",
  "verses": [{
    "number": 1,
    "text": "بِسْمِ ٱللَّهِ ٱلرَّحْمَٰنِ ٱلرَّحِيمِ يَٰٓأَيُّهَا ٱلنَّبِىُّ لِمَ تُحَرِّمُ مَآ أَحَلَّ ٱللَّهُ لَكَ تَبْتَغِى مَرْضَاتَ أَزْوَٰجِكَ وَٱللَّهُ غَفُورٌ رَّحِيمٌ",
    "translation_en": "O Prophet, why do you prohibit [yourself from] what Allah has made lawful for you, seeking the approval of your wives? And Allah is Forgiving and Merciful.",
    "translation_id": "Hai Nabi, mengapa kamu mengharamkan apa yang Allah halalkan bagimu; kamu mencari kesenangan hati isteri-isterimu? Dan Allah Maha Pengampun lagi Maha Penyayang"
  }, {
    "number": 2,
    "text": "قَدْ فَرَضَ ٱللَّهُ لَكُمْ تَحِلَّةَ أَيْمَٰنِكُمْ وَٱللَّهُ مَوْلَىٰكُمْ وَهُوَ ٱلْعَلِيمُ ٱلْحَكِيمُ",
    "translation_en": "Allah has already ordained for you [Muslims] the dissolution of your oaths. And Allah is your protector, and He is the Knowing, the Wise.",
    "translation_id": "Sesungguhnya Allah telah mewajibkan kepadamu sekalian membebaskan diri dari sumpahmu dan Allah adalah Pelindungmu dan Dia Maha Mengetahui lagi Maha Bijaksana."
  }, {
    "number": 3,
    "text": "وَإِذْ أَسَرَّ ٱلنَّبِىُّ إِلَىٰ بَعْضِ أَزْوَٰجِهِۦ حَدِيثًا فَلَمَّا نَبَّأَتْ بِهِۦ وَأَظْهَرَهُ ٱللَّهُ عَلَيْهِ عَرَّفَ بَعْضَهُۥ وَأَعْرَضَ عَنۢ بَعْضٍ فَلَمَّا نَبَّأَهَا بِهِۦ قَالَتْ مَنْ أَنۢبَأَكَ هَٰذَا قَالَ نَبَّأَنِىَ ٱلْعَلِيمُ ٱلْخَبِيرُ",
    "translation_en": "And [remember] when the Prophet confided to one of his wives a statement; and when she informed [another] of it and Allah showed it to him, he made known part of it and ignored a part. And when he informed her about it, she said, \"Who told you this?\" He said, \"I was informed by the Knowing, the Acquainted.\"",
    "translation_id": "Dan ingatlah ketika Nabi membicarakan secara rahasia kepada salah seorang isterinya (Hafsah) suatu peristiwa. Maka tatkala (Hafsah) menceritakan peristiwa itu (kepada Aisyah) dan Allah memberitahukan hal itu (pembicaraan Hafsah dan Aisyah) kepada Muhammad lalu Muhammad memberitahukan sebagian (yang diberitakan Allah kepadanya) dan menyembunyikan sebagian yang lain (kepada Hafsah). Maka tatkala (Muhammad) memberitahukan pembicaraan (antara Hafsah dan Aisyah) lalu (Hafsah) bertanya: \"Siapakah yang telah memberitahukan hal ini kepadamu?\" Nabi menjawab: \"Telah diberitahukan kepadaku oleh Allah yang Maha Mengetahui lagi Maha Mengenal\"."
  }, {
    "number": 4,
    "text": "إِن تَتُوبَآ إِلَى ٱللَّهِ فَقَدْ صَغَتْ قُلُوبُكُمَا وَإِن تَظَٰهَرَا عَلَيْهِ فَإِنَّ ٱللَّهَ هُوَ مَوْلَىٰهُ وَجِبْرِيلُ وَصَٰلِحُ ٱلْمُؤْمِنِينَ وَٱلْمَلَٰٓئِكَةُ بَعْدَ ذَٰلِكَ ظَهِيرٌ",
    "translation_en": "If you two [wives] repent to Allah, [it is best], for your hearts have deviated. But if you cooperate against him - then indeed Allah is his protector, and Gabriel and the righteous of the believers and the angels, moreover, are [his] assistants.",
    "translation_id": "Jika kamu berdua bertaubat kepada Allah, maka sesungguhnya hati kamu berdua telah condong (untuk menerima kebaikan); dan jika kamu berdua bantu-membantu menyusahkan Nabi, maka sesungguhnya Allah adalah Pelindungnya dan (begitu pula) Jibril dan orang-orang mukmin yang baik; dan selain dari itu malaikat-malaikat adalah penolongnya pula."
  }, {
    "number": 5,
    "text": "عَسَىٰ رَبُّهُۥٓ إِن طَلَّقَكُنَّ أَن يُبْدِلَهُۥٓ أَزْوَٰجًا خَيْرًا مِّنكُنَّ مُسْلِمَٰتٍ مُّؤْمِنَٰتٍ قَٰنِتَٰتٍ تَٰٓئِبَٰتٍ عَٰبِدَٰتٍ سَٰٓئِحَٰتٍ ثَيِّبَٰتٍ وَأَبْكَارًا",
    "translation_en": "Perhaps his Lord, if he divorced you [all], would substitute for him wives better than you - submitting [to Allah], believing, devoutly obedient, repentant, worshipping, and traveling - [ones] previously married and virgins.",
    "translation_id": "Jika Nabi menceraikan kamu, boleh jadi Tuhannya akan memberi ganti kepadanya dengan isteri yang lebih baik daripada kamu, yang patuh, yang beriman, yang taat, yang bertaubat, yang mengerjakan ibadat, yang berpuasa, yang janda dan yang perawan."
  }, {
    "number": 6,
    "text": "يَٰٓأَيُّهَا ٱلَّذِينَ ءَامَنُوا۟ قُوٓا۟ أَنفُسَكُمْ وَأَهْلِيكُمْ نَارًا وَقُودُهَا ٱلنَّاسُ وَٱلْحِجَارَةُ عَلَيْهَا مَلَٰٓئِكَةٌ غِلَاظٌ شِدَادٌ لَّا يَعْصُونَ ٱللَّهَ مَآ أَمَرَهُمْ وَيَفْعَلُونَ مَا يُؤْمَرُونَ",
    "translation_en": "O you who have believed, protect yourselves and your families from a Fire whose fuel is people and stones, over which are [appointed] angels, harsh and severe; they do not disobey Allah in what He commands them but do what they are commanded.",
    "translation_id": "Hai orang-orang yang beriman, peliharalah dirimu dan keluargamu dari api neraka yang bahan bakarnya adalah manusia dan batu; penjaganya malaikat-malaikat yang kasar, keras, dan tidak mendurhakai Allah terhadap apa yang diperintahkan-Nya kepada mereka dan selalu mengerjakan apa yang diperintahkan."
  }, {
    "number": 7,
    "text": "يَٰٓأَيُّهَا ٱلَّذِينَ كَفَرُوا۟ لَا تَعْتَذِرُوا۟ ٱلْيَوْمَ إِنَّمَا تُجْزَوْنَ مَا كُنتُمْ تَعْمَلُونَ",
    "translation_en": "O you who have disbelieved, make no excuses that Day. You will only be recompensed for what you used to do.",
    "translation_id": "Hai orang-orang kafir, janganlah kamu mengemukakan uzur pada hari ini. Sesungguhnya kamu hanya diberi balasan menurut apa yang kamu kerjakan."
  }, {
    "number": 8,
    "text": "يَٰٓأَيُّهَا ٱلَّذِينَ ءَامَنُوا۟ تُوبُوٓا۟ إِلَى ٱللَّهِ تَوْبَةً نَّصُوحًا عَسَىٰ رَبُّكُمْ أَن يُكَفِّرَ عَنكُمْ سَيِّـَٔاتِكُمْ وَيُدْخِلَكُمْ جَنَّٰتٍ تَجْرِى مِن تَحْتِهَا ٱلْأَنْهَٰرُ يَوْمَ لَا يُخْزِى ٱللَّهُ ٱلنَّبِىَّ وَٱلَّذِينَ ءَامَنُوا۟ مَعَهُۥ نُورُهُمْ يَسْعَىٰ بَيْنَ أَيْدِيهِمْ وَبِأَيْمَٰنِهِمْ يَقُولُونَ رَبَّنَآ أَتْمِمْ لَنَا نُورَنَا وَٱغْفِرْ لَنَآ إِنَّكَ عَلَىٰ كُلِّ شَىْءٍ قَدِيرٌ",
    "translation_en": "O you who have believed, repent to Allah with sincere repentance. Perhaps your Lord will remove from you your misdeeds and admit you into gardens beneath which rivers flow [on] the Day when Allah will not disgrace the Prophet and those who believed with him. Their light will proceed before them and on their right; they will say, \"Our Lord, perfect for us our light and forgive us. Indeed, You are over all things competent.\"",
    "translation_id": "Hai orang-orang yang beriman, bertaubatlah kepada Allah dengan taubatan nasuhaa (taubat yang semurni-murninya). Mudah-mudahan Rabbmu akan menutupi kesalahan-kesalahanmu dan memasukkanmu ke dalam jannah yang mengalir di bawahnya sungai-sungai, pada hari ketika Allah tidak menghinakan Nabi dan orang-orang mukmin yang bersama dia; sedang cahaya mereka memancar di hadapan dan di sebelah kanan mereka, sambil mereka mengatakan: \"Ya Rabb kami, sempurnakanlah bagi kami cahaya kami dan ampunilah kami; Sesungguhnya Engkau Maha Kuasa atas segala sesuatu\"."
  }, {
    "number": 9,
    "text": "يَٰٓأَيُّهَا ٱلنَّبِىُّ جَٰهِدِ ٱلْكُفَّارَ وَٱلْمُنَٰفِقِينَ وَٱغْلُظْ عَلَيْهِمْ وَمَأْوَىٰهُمْ جَهَنَّمُ وَبِئْسَ ٱلْمَصِيرُ",
    "translation_en": "O Prophet, strive against the disbelievers and the hypocrites and be harsh upon them. And their refuge is Hell, and wretched is the destination.",
    "translation_id": "Hai Nabi, perangilah orang-orang kafir dan orang-orang munafik dan bersikap keraslah terhadap mereka. Tempat mereka adalah jahannam dan itu adalah seburuk-buruknya tempat kembali."
  }, {
    "number": 10,
    "text": "ضَرَبَ ٱللَّهُ مَثَلًا لِّلَّذِينَ كَفَرُوا۟ ٱمْرَأَتَ نُوحٍ وَٱمْرَأَتَ لُوطٍ كَانَتَا تَحْتَ عَبْدَيْنِ مِنْ عِبَادِنَا صَٰلِحَيْنِ فَخَانَتَاهُمَا فَلَمْ يُغْنِيَا عَنْهُمَا مِنَ ٱللَّهِ شَيْـًٔا وَقِيلَ ٱدْخُلَا ٱلنَّارَ مَعَ ٱلدَّٰخِلِينَ",
    "translation_en": "Allah presents an example of those who disbelieved: the wife of Noah and the wife of Lot. They were under two of Our righteous servants but betrayed them, so those prophets did not avail them from Allah at all, and it was said, \"Enter the Fire with those who enter.\"",
    "translation_id": "Allah membuat isteri Nuh dan isteri Luth sebagai perumpamaan bagi orang-orang kafir. Keduanya berada di bawah pengawasan dua orang hamba yang saleh di antara hamba-hamba Kami; lalu kedua isteri itu berkhianat kepada suaminya (masing-masing), maka suaminya itu tiada dapat membantu mereka sedikitpun dari (siksa) Allah; dan dikatakan (kepada keduanya): \"Masuklah ke dalam jahannam bersama orang-orang yang masuk (jahannam)\"."
  }, {
    "number": 11,
    "text": "وَضَرَبَ ٱللَّهُ مَثَلًا لِّلَّذِينَ ءَامَنُوا۟ ٱمْرَأَتَ فِرْعَوْنَ إِذْ قَالَتْ رَبِّ ٱبْنِ لِى عِندَكَ بَيْتًا فِى ٱلْجَنَّةِ وَنَجِّنِى مِن فِرْعَوْنَ وَعَمَلِهِۦ وَنَجِّنِى مِنَ ٱلْقَوْمِ ٱلظَّٰلِمِينَ",
    "translation_en": "And Allah presents an example of those who believed: the wife of Pharaoh, when she said, \"My Lord, build for me near You a house in Paradise and save me from Pharaoh and his deeds and save me from the wrongdoing people.\"",
    "translation_id": "Dan Allah membuat isteri Fir'aun perumpamaan bagi orang-orang yang beriman, ketika ia berkata: \"Ya Rabbku, bangunkanlah untukku sebuah rumah di sisi-Mu dalam firdaus, dan selamatkanlah aku dari Fir'aun dan perbuatannya, dan selamatkanlah aku dari kaum yang zhalim."
  }, {
    "number": 12,
    "text": "وَمَرْيَمَ ٱبْنَتَ عِمْرَٰنَ ٱلَّتِىٓ أَحْصَنَتْ فَرْجَهَا فَنَفَخْنَا فِيهِ مِن رُّوحِنَا وَصَدَّقَتْ بِكَلِمَٰتِ رَبِّهَا وَكُتُبِهِۦ وَكَانَتْ مِنَ ٱلْقَٰنِتِينَ",
    "translation_en": "And [the example of] Mary, the daughter of 'Imran, who guarded her chastity, so We blew into [her garment] through Our angel, and she believed in the words of her Lord and His scriptures and was of the devoutly obedient.",
    "translation_id": "dan (ingatlah) Maryam binti Imran yang memelihara kehormatannya, maka Kami tiupkan ke dalam rahimnya sebagian dari ruh (ciptaan) Kami, dan dia membenarkan kalimat Rabbnya dan Kitab-Kitab-Nya, dan dia adalah termasuk orang-orang yang taat."
  }],
  "tafsir": {
    "id": {
      "kemenag": {
        "name": "Kemenag",
        "source": "Aplikasi Quran Kementrian Agama Republik Indonesia",
        "text": {
          "1": "Pada ayat ini, Allah menegur Nabi saw karena bersumpah tidak akan meminum madu lagi, padahal madu itu adalah minuman yang halal. Sebabnya hanyalah karena menghendaki kesenangan hati istri-istrinya.\n\nAyat ini ditutup dengan satu ketegasan bahwa Allah Maha Pengampun atas dosa hamba-Nya yang bertobat, dan Dia telah mengampuni kesalahan Nabi saw yang telah bersumpah tidak mau lagi minum madu.",
          "2": "Dalam ayat ini, Allah menjelaskan bahwa Dia telah menetapkan satu ketentuan yaitu wajib bagi seseorang membebaskan dirinya dari sumpah yang pernah diucapkannya dengan membayar kafarat sebagaimana yang dijelaskan dalam firman Allah:\n\nMaka kafaratnya (denda pelanggaran sumpah) ialah memberi makan sepuluh orang miskin, yaitu dari makanan yang biasa kamu berikan kepada keluargamu, atau memberi mereka pakaian atau memerdekakan seorang hamba sahaya. Barangsiapa tidak mampu melakukannya, maka (kafaratnya) berpuasalah tiga hari. Itulah kafarat sumpah-sumpahmu apabila kamu bersumpah. (al-Ma'idah/5: 89)\n\nSumpah yang wajib dilanggar ialah jika bersifat menghalalkan sesuatu yang hukumnya haram, atau sebaliknya sumpah itu mengharamkan sesuatu yang halal. Untuk membatalkan sumpah tidak minum madu, Nabi saw telah memenuhi ketentuan Allah tersebut di atas, dengan membayar kafarat yaitu memerdekakan seorang budak, sebagaimana yang diinformasikan dalam sebuah hadis: \n\nDari Ibnu 'Abbas, ia berkata, \"Saya bertanya kepada 'Umar bin al-Khaththab tentang siapa kedua perempuan itu? Ia berkata, 'Aisyah dan Hafsah. Dia mengawali cerita tentang Ummu Ibrahim (Mariyah) al-Qibthiyyah yang digauli Nabi saw di rumah Hafsah pada hari (giliran)nya, lalu Hafsah mengetahuinya. Hafsah lalu berkata, 'Wahai Nabi Allah, engkau telah memperlakukan saya dengan perlakuan yang tidak engkau lakukan kepada istri-istrimu yang lain pada hari saya, rumah saya, dan di atas tempat tidur saya. Nabi berkata, 'Senangkah engkau bila saya mengharamkannya dengan tidak menggaulinya lagi? Ia menjawab, 'Baik, haramkan dia! Nabi lalu berkata, 'Janganlah engkau katakan hal ini kepada siapa pun. Tetapi Hafsah mengatakannya kepada 'Aisyah. Kemudian Allah memberitahukan hal itu kepada Nabi saw, lalu menurunkan ayat: \"ya ayyuhan-nabiyyu lima tuharrimu¦\" dan seterusnya. Kami mendapat berita bahwa Nabi saw membayar kafarat sumpahnya dan menggauli Maryam al-Qibtiyyah kembali.\" (Riwayat Ibnu Jarir dan Ibnu Mundhir)\n\nKesimpulan dari apa yang terkandung dalam ayat ini adalah bahwa yang diharamkan Nabi saw untuk dirinya adalah sesuatu yang telah dihalalkan Allah, bisa berupa budak, minuman, atau yang lainnya. Apa pun kasusnya, yang jelas Nabi mengharamkan sesuatu yang dihalalkan Allah. Oleh karena itulah, Allah menegur dan meminta Nabi untuk membatalkan sumpahnya dan membayar kafarat.\n\nDi bagian akhir ayat ini dijelaskan bahwa Allah adalah pelindung orang beriman, mengalahkan musuh-musuhnya, memudahkannya menempuh jalan yang menguntungkan di dunia dan di akhirat, memberikan hidayat dan bimbingan untuk mencapai kebahagiaan dunia dan akhirat. Dia Maha Mengetahui apa yang mendatangkan maslahat. Allah Mahabijaksana dalam mengatur segala sesuatunya, tidak akan melarang dan memerintahkan sesuatu kecuali tujuannya ialah maslahat manusia.",
          "3": "Dalam ayat ini, Allah mengingatkan suatu peristiwa yang terjadi pada diri Nabi saw yaitu ketika beliau meminta kepada Hafsah (salah seorang istrinya) untuk merahasiakan dan tidak memberitahukan kepada siapa pun bahwa beliau pernah meminum madu di rumah Zainab binti Jahsy, lalu bersumpah tidak akan mengulangi hal itu lagi. Setelah Hafsah menceritakan hal itu kepada 'Aisyah, Allah lalu memberitahukan kepada Nabi percakapan antara keduanya itu. Nabi saw kemudian memberitahu Hafsah tentang perbuatannya yang telah menyiarkan rahasia beliau. Ketika itu Hafsah menjadi heran dan bertanya, \"Siapakah yang telah memberitahukan hal ini kepadamu?\" Ia menyangka bahwa 'Aisyahlah yang memberitahukan, Nabi saw menjawab bahwa yang memberitahukan ialah Allah, Tuhan Yang Maha Mengetahui segala rahasia dan bisikan, Maha Mengenal apa yang ada di bumi dan apa yang ada di langit, tiada sesuatu yang tersembunyi bagi-Nya. Firman Allah:\n\nBagi Allah tidak ada sesuatu pun yang tersembunyi di bumi dan di langit. (Ali 'Imran/3: 5)",
          "4": "Dalam ayat ini, Allah menerangkan bahwa jika Hafsah dan 'Aisyah mau bertobat, dan mengatakan bahwa dirinya telah menyalahi kehendak Nabi saw, keduanya cinta kepada apa yang beliau cintai, dan membenci apa yang beliau benci, berarti keduanya telah cenderung untuk menerima kebaikan.\n\nDalam riwayat lain, Ibnu 'Abbas berkata, \"Saya senantiasa ingin menanyakan kepada Umar tentang dua istri Nabi saw yang dimaksudkan firman Allah, \"Jika kamu berdua bertobat kepada Allah¦,\" sampai 'Umar menunaikan ibadah haji dan saya pun menunaikan ibadah haji bersama dia. Ketika 'Umar dalam perjalanannya mampir untuk berwudu, saya guyur kedua tangannya dan bertanya, 'Wahai Amirul Mukminin! Siapakah kedua istri Nabi yang dituju oleh firman Allah, \"Jika kamu berdua bertobat kepada Allah ¦.\" 'Umar lalu menjawab, 'Wahai Ibnu 'Abbas! Kedua istri Nabi saw yang dimaksud itu ialah 'Aisyah dan Hafsah. Kalau keduanya ('Aisyah dan Hafsah) tetap sepakat berbuat apa yang menyakiti hati Nabi saw dengan menyiarkan rahasianya, hal itu tidak akan menyusahkan Nabi, karena Allah-lah pelindungnya, serta membantunya di dalam urusan agama dan semua hal yang dihadapinya. Begitu pula Jibril, orang-orang mukmin yang saleh, dan para malaikat, semuanya turut menolong dan membantunya.",
          "5": "Diriwayatkan oleh Anas dari 'Umar bahwa ia berkata, \"Telah sampai kepadaku bahwa sebagian istri-istri Nabi bersikap keras kepada Nabi dan menyakiti hati beliau. Maka saya selidiki hal itu. Saya menasihatinya satu-persatu dan melarangnya menyakiti hati Nabi saw, saya berkata, 'Jika kalian tetap tidak mau taat maka boleh jadi Allah memberikan kepada Nabi, istri-istri baru yang lebih baik dari kalian. Dan setelah saya menemui Zainab, ia berkata, 'Wahai Ibnu Khaththab! Apakah tidak ada usaha Rasulullah untuk menasihati istri-istrinya? Maka nasihatilah mereka sampai mereka itu tidak diceraikan, maka turunlah ayat ini.\"\n\nAyat ini berisi peringatan dari Allah terhadap istri-istri yang menyakiti hati Nabi saw. Jika Nabi menceraikan mereka, boleh jadi Allah menggantinya dengan istri-istri baru yang lebih baik dari mereka, baik keislaman maupun keimanannya, yaitu istri-istri yang tekun beribadah, bertobat kepada Allah, patuh kepada perintah-perintah Rasul.",
          "6": "Dalam ayat ini, Allah memerintahkan orang-orang yang beriman agar menjaga dirinya dari api neraka yang bahan bakarnya terdiri dari manusia dan batu, dengan taat dan patuh melaksanakan perintah Allah. Mereka juga diperintahkan untuk mengajarkan kepada keluarganya agar taat dan patuh kepada perintah Allah untuk menyelamatkan mereka dari api neraka. Keluarga merupakan amanat yang harus dipelihara kesejahteraannya baik jasmani maupun rohani.\n\nDi antara cara menyelamatkan diri dari api neraka itu ialah mendirikan salat dan bersabar, sebagaimana firman Allah:\n\nDan perintahkanlah keluargamu melaksanakan salat dan sabar dalam mengerjakannya. (thaha/20: 132)\n\nDan berilah peringatan kepada kerabat-kerabatmu (Muhammad) yang terdekat. (asy-Syu'ara'/26: 214)\n\nDiriwayatkan bahwa ketika ayat ke-6 ini turun, 'Umar berkata, \"Wahai Rasulullah, kami sudah menjaga diri kami, dan bagaimana menjaga keluarga kami?\" Rasulullah saw menjawab, \"Larang mereka mengerjakan apa yang kamu dilarang mengerjakannya dan perintahkan mereka melakukan apa yang diperintahkan Allah kepadamu. Begitulah caranya menyelamatkan mereka dari api neraka. Neraka itu dijaga oleh malaikat yang kasar dan keras yang pemimpinnya berjumlah sembilan belas malaikat. Mereka diberi kewenangan mengadakan penyiksaan di dalam neraka. Mereka adalah para malaikat yang tidak mendurhakai Allah terhadap apa yang diperintahkan-Nya dan selalu mengerjakan apa yang diperintahkan-Nya.",
          "7": "Pada ayat ini, Allah mengeluarkan satu ketegasan yang ditujukan kepada orang-orang kafir bahwa di hari kemudian nanti, tidak ada lagi gunanya mereka itu mengemukakan alasan, serta menginginkan satu kehendak dan harapan. Waktu dan kesempatan untuk mengemukakan alasan dan harapan sudah lewat. Hari Kiamat hanyalah hari untuk mempertanggungjawabkan dan menerima pembalasan dari apa yang telah dikerjakan di dunia, sebagaimana firman Allah:\n\nDemikianlah Kami menghukum mereka karena kedurhakaannya. Dan sungguh, Kami Mahabenar. (al-An'am/6: 146)\n\nDijelaskan pula dalam ayat lain:\n\nDemikianlah Kami memberi balasan kepada mereka karena kekafiran mereka. Dan Kami tidak menjatuhkan azab (yang demikian itu), melainkan hanya kepada orang-orang yang sangat kafir. (Saba'/34: 17)",
          "8": "Seruan pada ayat ini ditujukan kepada orang-orang yang percaya kepada Allah dan para rasul-Nya. Mereka diperintahkan bertobat kepada Allah dari dosa-dosa mereka dengan tobat yang sebenar-benarnya (tobat nasuha), yaitu tobat yang memenuhi tiga syarat. Pertama, berhenti dari maksiat yang dilakukannya. Kedua, menyesali perbuatannya, dan ketiga, berketetapan hati tidak akan mengulangi perberbuatan maksiat tersebut. \n\nBila syarat-syarat itu terpenuhi, Allah menghapuskan semua kesalahan dan kejahatan yang telah lalu dan memasukkan mereka ke dalam surga yang mengalir di bawahnya sungai-sungai. Pada saat itu, Allah tidak mengecewakan dan menghinakan Nabi saw dan orang-orang yang beriman bersamanya. Bahkan pada hari itu, kebahagiaan mereka ditonjolkan, cahaya mereka memancar menerangi mereka waktu berjalan menuju Mahsyar tempat diadakan perhitungan dan pertanggungjawaban. Mereka itu meminta kepada Allah agar cahaya mereka disempurnakan, tetap memancar dan tidak akan padam sampai mereka itu melewati sirathal Mustaqim, tempat orang-orang munafik baik laki-laki maupun perempuan memohon dengan sangat agar dapat ditunggu untuk dapat ikut memanfaatkan cahaya mereka. \n\nMereka juga memohon agar dosa-dosa mereka dihapus dan diampuni. Dengan demikian, mereka tidak merasa malu dan kecewa pada waktu diadakan hisab dan pertanggungjawaban. Tidak ada yang patut dimintai untuk menyempurnakan cahaya dan mengampuni dosa kecuali Allah, karena Dialah Yang Mahakuasa atas segala sesuatu, berbuat sesuai dengan kodrat dan iradat-Nya.",
          "9": "Dalam ayat ini, Allah memerintahkan Nabi Muhammad mengangkat senjata dan memerangi orang-orang kafir dengan sungguh-sungguh dan memberi ancaman serta bertindak tegas dan keras kepada orang-orang munafik. Nabi juga diperintahkan untuk menjelaskan bahwa mereka akan mengalami kekecewaan di akhirat nanti karena kemunafikan mereka. Oleh karena itu, Nabi saw pernah mengusir secara tegas sebagian orang munafik dan menyuruhnya keluar dari masjid. Mereka itu akan dimasukkan ke dalam neraka Jahanam yang merupakan seburuk-buruk tempat tinggal, sebagaimana dijelaskan Allah dalam firman-Nya:\n\nSungguh, Jahanam itu seburuk-buruk tempat menetap dan tempat kediaman. (al-Furqan/25: 66)\n\nDalam ayat lain juga dijelaskan:\n\nMaka orang-orang itu tempatnya di neraka Jahanam, dan (Jahanam) itu seburuk-buruk tempat kembali. (an-Nisa'/4: 97)",
          "10": "Dalam ayat ini, Allah membuat satu perumpamaan yang menjelaskan keadaan orang-orang kafir yang tidak bermanfaat lagi baginya pelajaran dan nasihat dari orang-orang mukmin yang jujur, antara lain para nabi dan rasul karena kerasnya hati mereka. Tidak ada kesediaan mereka untuk beriman dan fitrah mereka sudah menyimpang dari kebenaran, seperti istri Nabi Nuh dan istri Nabi Lut. Keduanya di dalam asuhan dan pengawasan dua orang nabi, yang mestinya dapat memberikan petunjuk sehingga memperoleh kebahagiaan dunia dan akhirat. Akan tetapi, keduanya tidak mau, bahkan mereka berbuat khianat dan kekafiran. Istri Nabi Nuh menuduh suaminya gila, sedang istri Nabi Lut menuntun kaum suaminya untuk berbuat yang tidak wajar dan tidak sopan terhadap tamu-tamu suaminya yaitu para malaikat. \n\nKeakraban kedua istri-istri itu dengan para suami yaitu Nabi Nuh dan Nabi Lut, dua hamba Allah yang saleh, tidak dapat membendung dan mencegah keduanya dari berbuat khianat dan kufur. Oleh karena itu, kedua istri itu pantas mendapat azab Allah dan akan dimasukkan ke dalam neraka bersama rombongan penghuni neraka, sebagai balasan yang setimpal dari perbuatan keduanya yang jahat, yang merupakan dosa besar.",
          "11": "Pada ayat ini, Allah membuat perumpamaan sebaliknya yaitu keadaan orang-orang yang beriman. Perumpamaan itu ialah Asiyah binti Muzahim, istri Fir'aun. Dalam perumpamaan itu, Allah menjelaskan bahwa hubungan orang-orang mukmin dengan orang-orang kafir tidak akan membahayakan kalau diri itu murni dan suci dari kotoran. Sekalipun Asiyah binti Muzahim berada di bawah pengawasan suaminya, musuh Allah yang sangat berbahaya, tetapi ia tetap beriman. Ia selalu memohon dan berdoa, \"Ya Tuhanku! Bangunlah untukku sebuah rumah di sisi-Mu dalam surga dan selamatkanlah aku dari Fir'aun dan perbuatannya, dan selamatkanlah aku dari kaum yang zalim.\"",
          "12": "Pada ayat ini, Allah sekali lagi membuat perumpamaan bagi orang-orang mukmin yaitu keadaan Maryam binti Imran yang memelihara kehormatannya dan telah diberikan karamah di dunia dan akhirat. Ia dipilih Tuhannya karena bereaksi kepada Jibril tentang pengisian rahimnya dengan ucapan sebagaimana diabadikan di dalam Al-Qur'an:\n\nDia (Maryam) berkata, \"Sungguh, aku berlindung kepada Tuhan Yang Maha Pengasih terhadapmu, jika engkau orang yang bertakwa.\" (Maryam/19: 18)\n\nDengan demikian, kesalehannya menjadi mantap dan sempurna kesuciannya, maka ditiupkanlah ke dalam rahimnya oleh Jibril sebagian roh ciptaan Allah, yang mewujudkan seorang nabi yaitu Isa bin Maryam binti Imran, membenarkan syariat Allah dan kitab-kitab yang diturunkan-Nya kepada nabi-Nya. Dia termasuk dan terbilang orang yang bertakwa, tekun beribadah, merendahkan diri, dan taat kepada Tuhan-Nya.\n\nAhmad meriwayatkan dalam Musnadnya bahwa penghulu wanita penghuni surga ialah Maryam lalu Fatimah menyusul Khadijah dan Asiyah.\n\nDi dalam kitab sahih diterangkan bahwa laki-laki yang sempurna banyak bilangannya, tetapi perempuan yang sempurna hanya empat yaitu Asiyah binti Muzahim (istri Fir'aun), Maryam binti 'Imran, Khadijah binti Khuwailid, dan Fathimah binti Muhammad. Sedangkan kelebihan Siti 'Aisyah atas wanita-wanita yang lain seperti kelebihan tsarid atas makanan-makanan yang lain."
        }
      }
    }
  }
}