{
  "name": "Al-Jinn",
  "name_translations": {
    "ar": "الجن",
    "en": "The Jinn",
    "id": "Jin"
  },
  "number_of_ayah": 28,
  "number_of_surah": 72,
  "place": "Mecca",
  "recitations": [{
    "name": "Mishari Rashid al-`Afasy",
    "audio_url": "https://download.quranicaudio.com/quran/mishaari_raashid_al_3afaasee/072.mp3"
  }, {
    "name": "Abdur-Rahman as-Sudais",
    "audio_url": "https://download.quranicaudio.com/quran/abdurrahmaan_as-sudays/072.mp3"
  }, {
    "name": "Saad al-Ghamdi",
    "audio_url": "https://download.quranicaudio.com/quran/sa3d_al-ghaamidi/complete/072.mp3"
  }],
  "type": "Makkiyah",
  "verses": [{
    "number": 1,
    "text": "بِسْمِ ٱللَّهِ ٱلرَّحْمَٰنِ ٱلرَّحِيمِ قُلْ أُوحِىَ إِلَىَّ أَنَّهُ ٱسْتَمَعَ نَفَرٌ مِّنَ ٱلْجِنِّ فَقَالُوٓا۟ إِنَّا سَمِعْنَا قُرْءَانًا عَجَبًا",
    "translation_en": "Say, [O Muhammad], \"It has been revealed to me that a group of the jinn listened and said, 'Indeed, we have heard an amazing Qur'an.",
    "translation_id": "Katakanlah (hai Muhammad): \"Telah diwahyukan kepadamu bahwasanya: telah mendengarkan sekumpulan jin (akan Al Quran), lalu mereka berkata: Sesungguhnya kami telah mendengarkan Al Quran yang menakjubkan,"
  }, {
    "number": 2,
    "text": "يَهْدِىٓ إِلَى ٱلرُّشْدِ فَـَٔامَنَّا بِهِۦ وَلَن نُّشْرِكَ بِرَبِّنَآ أَحَدًا",
    "translation_en": "It guides to the right course, and we have believed in it. And we will never associate with our Lord anyone.",
    "translation_id": "(yang) memberi petunjuk kapada jalan yang benar, lalu kami beriman kepadanya. Dan kami sekali-kali tidak akan mempersekutukan seseorangpun dengan Tuhan kami,"
  }, {
    "number": 3,
    "text": "وَأَنَّهُۥ تَعَٰلَىٰ جَدُّ رَبِّنَا مَا ٱتَّخَذَ صَٰحِبَةً وَلَا وَلَدًا",
    "translation_en": "And [it teaches] that exalted is the nobleness of our Lord; He has not taken a wife or a son",
    "translation_id": "dan bahwasanya Maha Tinggi kebesaran Tuhan kami, Dia tidak beristeri dan tidak (pula) beranak."
  }, {
    "number": 4,
    "text": "وَأَنَّهُۥ كَانَ يَقُولُ سَفِيهُنَا عَلَى ٱللَّهِ شَطَطًا",
    "translation_en": "And that our foolish one has been saying about Allah an excessive transgression.",
    "translation_id": "Dan bahwasanya: orang yang kurang akal daripada kami selalu mengatakan (perkataan) yang melampaui batas terhadap Allah,"
  }, {
    "number": 5,
    "text": "وَأَنَّا ظَنَنَّآ أَن لَّن تَقُولَ ٱلْإِنسُ وَٱلْجِنُّ عَلَى ٱللَّهِ كَذِبًا",
    "translation_en": "And we had thought that mankind and the jinn would never speak about Allah a lie.",
    "translation_id": "dan sesungguhnya kami mengira, bahwa manusia dan jin sekali-kali tidak akan mengatakan perkataan yang dusta terhadap Allah."
  }, {
    "number": 6,
    "text": "وَأَنَّهُۥ كَانَ رِجَالٌ مِّنَ ٱلْإِنسِ يَعُوذُونَ بِرِجَالٍ مِّنَ ٱلْجِنِّ فَزَادُوهُمْ رَهَقًا",
    "translation_en": "And there were men from mankind who sought refuge in men from the jinn, so they [only] increased them in burden.",
    "translation_id": "Dan bahwasanya ada beberapa orang laki-laki di antara manusia meminta perlindungan kepada beberapa laki-laki di antara jin, maka jin-jin itu menambah bagi mereka dosa dan kesalahan."
  }, {
    "number": 7,
    "text": "وَأَنَّهُمْ ظَنُّوا۟ كَمَا ظَنَنتُمْ أَن لَّن يَبْعَثَ ٱللَّهُ أَحَدًا",
    "translation_en": "And they had thought, as you thought, that Allah would never send anyone [as a messenger].",
    "translation_id": "Dan sesungguhnya mereka (jin) menyangka sebagaimana persangkaan kamu (orang-orang kafir Mekah), bahwa Allah sekali-kali tidak akan membangkitkan seorang (rasul)pun,"
  }, {
    "number": 8,
    "text": "وَأَنَّا لَمَسْنَا ٱلسَّمَآءَ فَوَجَدْنَٰهَا مُلِئَتْ حَرَسًا شَدِيدًا وَشُهُبًا",
    "translation_en": "And we have sought [to reach] the heaven but found it filled with powerful guards and burning flames.",
    "translation_id": "dan sesungguhnya kami telah mencoba mengetahui (rahasia) langit, maka kami mendapatinya penuh dengan penjagaan yang kuat dan panah-panah api,"
  }, {
    "number": 9,
    "text": "وَأَنَّا كُنَّا نَقْعُدُ مِنْهَا مَقَٰعِدَ لِلسَّمْعِ فَمَن يَسْتَمِعِ ٱلْءَانَ يَجِدْ لَهُۥ شِهَابًا رَّصَدًا",
    "translation_en": "And we used to sit therein in positions for hearing, but whoever listens now will find a burning flame lying in wait for him.",
    "translation_id": "dan sesungguhnya kami dahulu dapat menduduki beberapa tempat di langit itu untuk mendengar-dengarkan (berita-beritanya). Tetapi sekarang barangsiapa yang (mencoba) mendengar-dengarkan (seperti itu) tentu akan menjumpai panah api yang mengintai (untuk membakarnya)."
  }, {
    "number": 10,
    "text": "وَأَنَّا لَا نَدْرِىٓ أَشَرٌّ أُرِيدَ بِمَن فِى ٱلْأَرْضِ أَمْ أَرَادَ بِهِمْ رَبُّهُمْ رَشَدًا",
    "translation_en": "And we do not know [therefore] whether evil is intended for those on earth or whether their Lord intends for them a right course.",
    "translation_id": "Dan sesungguhnya kami tidak mengetahui (dengan adanya penjagaan itu) apakah keburukan yang dikehendaki bagi orang yang di bumi ataukah Tuhan mereka menghendaki kebaikan bagi mereka."
  }, {
    "number": 11,
    "text": "وَأَنَّا مِنَّا ٱلصَّٰلِحُونَ وَمِنَّا دُونَ ذَٰلِكَ كُنَّا طَرَآئِقَ قِدَدًا",
    "translation_en": "And among us are the righteous, and among us are [others] not so; we were [of] divided ways.",
    "translation_id": "Dan sesungguhnya di antara kami ada orang-orang yang saleh dan di antara kami ada (pula) yang tidak demikian halnya. Adalah kami menempuh jalan yang berbeda-beda."
  }, {
    "number": 12,
    "text": "وَأَنَّا ظَنَنَّآ أَن لَّن نُّعْجِزَ ٱللَّهَ فِى ٱلْأَرْضِ وَلَن نُّعْجِزَهُۥ هَرَبًا",
    "translation_en": "And we have become certain that we will never cause failure to Allah upon earth, nor can we escape Him by flight.",
    "translation_id": "Dan sesungguhnya kami mengetahui bahwa kami sekali-kali tidak akan dapat melepaskan diri (dari kekuasaan) Allah di muka bumi dan sekali-kali tidak (pula) dapat melepaskan diri (daripada)Nya dengan lari."
  }, {
    "number": 13,
    "text": "وَأَنَّا لَمَّا سَمِعْنَا ٱلْهُدَىٰٓ ءَامَنَّا بِهِۦ فَمَن يُؤْمِنۢ بِرَبِّهِۦ فَلَا يَخَافُ بَخْسًا وَلَا رَهَقًا",
    "translation_en": "And when we heard the guidance, we believed in it. And whoever believes in his Lord will not fear deprivation or burden.",
    "translation_id": "Dan sesungguhnya kami tatkala mendengar petunjuk (Al Quran), kami beriman kepadanya. Barangsiapa beriman kepada Tuhannya, maka ia tidak takut akan pengurangan pahala dan tidak (takut pula) akan penambahan dosa dan kesalahan."
  }, {
    "number": 14,
    "text": "وَأَنَّا مِنَّا ٱلْمُسْلِمُونَ وَمِنَّا ٱلْقَٰسِطُونَ فَمَنْ أَسْلَمَ فَأُو۟لَٰٓئِكَ تَحَرَّوْا۟ رَشَدًا",
    "translation_en": "And among us are Muslims [in submission to Allah], and among us are the unjust. And whoever has become Muslim - those have sought out the right course.",
    "translation_id": "Dan sesungguhnya di antara kami ada orang-orang yang taat dan ada (pula) orang-orang yang menyimpang dari kebenaran. Barangsiapa yang yang taat, maka mereka itu benar-benar telah memilih jalan yang lurus."
  }, {
    "number": 15,
    "text": "وَأَمَّا ٱلْقَٰسِطُونَ فَكَانُوا۟ لِجَهَنَّمَ حَطَبًا",
    "translation_en": "But as for the unjust, they will be, for Hell, firewood.'",
    "translation_id": "Adapun orang-orang yang menyimpang dari kebenaran, maka mereka menjadi kayu api bagi neraka Jahannam."
  }, {
    "number": 16,
    "text": "وَأَلَّوِ ٱسْتَقَٰمُوا۟ عَلَى ٱلطَّرِيقَةِ لَأَسْقَيْنَٰهُم مَّآءً غَدَقًا",
    "translation_en": "And [Allah revealed] that if they had remained straight on the way, We would have given them abundant provision",
    "translation_id": "Dan bahwasanya: jikalau mereka tetap berjalan lurus di atas jalan itu (agama Islam), benar-benar Kami akan memberi minum kepada mereka air yang segar (rezeki yang banyak)."
  }, {
    "number": 17,
    "text": "لِّنَفْتِنَهُمْ فِيهِ وَمَن يُعْرِضْ عَن ذِكْرِ رَبِّهِۦ يَسْلُكْهُ عَذَابًا صَعَدًا",
    "translation_en": "So We might test them therein. And whoever turns away from the remembrance of his Lord He will put into arduous punishment.",
    "translation_id": "Untuk Kami beri cobaan kepada mereka padanya. Dan barangsiapa yang berpaling dari peringatan Tuhannya, niscaya akan dimasukkan-Nya ke dalam azab yang amat berat."
  }, {
    "number": 18,
    "text": "وَأَنَّ ٱلْمَسَٰجِدَ لِلَّهِ فَلَا تَدْعُوا۟ مَعَ ٱللَّهِ أَحَدًا",
    "translation_en": "And [He revealed] that the masjids are for Allah, so do not invoke with Allah anyone.",
    "translation_id": "Dan sesungguhnya mesjid-mesjid itu adalah kepunyaan Allah. Maka janganlah kamu menyembah seseorangpun di dalamnya di samping (menyembah) Allah."
  }, {
    "number": 19,
    "text": "وَأَنَّهُۥ لَمَّا قَامَ عَبْدُ ٱللَّهِ يَدْعُوهُ كَادُوا۟ يَكُونُونَ عَلَيْهِ لِبَدًا",
    "translation_en": "And that when the Servant of Allah stood up supplicating Him, they almost became about him a compacted mass.\"",
    "translation_id": "Dan bahwasanya tatkala hamba Allah (Muhammad) berdiri menyembah-Nya (mengerjakan ibadat), hampir saja jin-jin itu desak mendesak mengerumuninya."
  }, {
    "number": 20,
    "text": "قُلْ إِنَّمَآ أَدْعُوا۟ رَبِّى وَلَآ أُشْرِكُ بِهِۦٓ أَحَدًا",
    "translation_en": "Say, [O Muhammad], \"I only invoke my Lord and do not associate with Him anyone.\"",
    "translation_id": "Katakanlah: \"Sesungguhnya aku hanya menyembah Tuhanku dan aku tidak mempersekutukan sesuatupun dengan-Nya\"."
  }, {
    "number": 21,
    "text": "قُلْ إِنِّى لَآ أَمْلِكُ لَكُمْ ضَرًّا وَلَا رَشَدًا",
    "translation_en": "Say, \"Indeed, I do not possess for you [the power of] harm or right direction.\"",
    "translation_id": "Katakanlah: \"Sesungguhnya aku tidak kuasa mendatangkan sesuatu kemudharatanpun kepadamu dan tidak (pula) suatu kemanfaatan\"."
  }, {
    "number": 22,
    "text": "قُلْ إِنِّى لَن يُجِيرَنِى مِنَ ٱللَّهِ أَحَدٌ وَلَنْ أَجِدَ مِن دُونِهِۦ مُلْتَحَدًا",
    "translation_en": "Say, \"Indeed, there will never protect me from Allah anyone [if I should disobey], nor will I find in other than Him a refuge.",
    "translation_id": "Katakanlah: \"Sesungguhnya aku sekali-kali tiada seorangpun dapat melindungiku dari (azab) Allah dan sekali-kali aku tiada akan memperoleh tempat berlindung selain daripada-Nya\"."
  }, {
    "number": 23,
    "text": "إِلَّا بَلَٰغًا مِّنَ ٱللَّهِ وَرِسَٰلَٰتِهِۦ وَمَن يَعْصِ ٱللَّهَ وَرَسُولَهُۥ فَإِنَّ لَهُۥ نَارَ جَهَنَّمَ خَٰلِدِينَ فِيهَآ أَبَدًا",
    "translation_en": "But [I have for you] only notification from Allah, and His messages.\" And whoever disobeys Allah and His Messenger - then indeed, for him is the fire of Hell; they will abide therein forever.",
    "translation_id": "Akan tetapi (aku hanya) menyampaikan (peringatan) dari Allah dan risalah-Nya. Dan barangsiapa yang mendurhakai Allah dan Rasul-Nya maka sesungguhnya baginyalah neraka Jahannam, mereka kekal di dalamnya selama-lamanya."
  }, {
    "number": 24,
    "text": "حَتَّىٰٓ إِذَا رَأَوْا۟ مَا يُوعَدُونَ فَسَيَعْلَمُونَ مَنْ أَضْعَفُ نَاصِرًا وَأَقَلُّ عَدَدًا",
    "translation_en": "[The disbelievers continue] until, when they see that which they are promised, then they will know who is weaker in helpers and less in number.",
    "translation_id": "Sehingga apabila mereka melihat azab yang diancamkan kepada mereka, maka mereka akan mengetahui siapakah yang lebih lemah penolongnya dan lebih sedikit bilangannya."
  }, {
    "number": 25,
    "text": "قُلْ إِنْ أَدْرِىٓ أَقَرِيبٌ مَّا تُوعَدُونَ أَمْ يَجْعَلُ لَهُۥ رَبِّىٓ أَمَدًا",
    "translation_en": "Say, \"I do not know if what you are promised is near or if my Lord will grant for it a [long] period.\"",
    "translation_id": "Katakanlah: \"Aku tidak mengetahui, apakah azab yang diancamkan kepadamu itu dekat ataukah Tuhanku menjadikan bagi (kedatangan) azab itu masa yang panjang?\"."
  }, {
    "number": 26,
    "text": "عَٰلِمُ ٱلْغَيْبِ فَلَا يُظْهِرُ عَلَىٰ غَيْبِهِۦٓ أَحَدًا",
    "translation_en": "[He is] Knower of the unseen, and He does not disclose His [knowledge of the] unseen to anyone",
    "translation_id": "(Dia adalah Tuhan) Yang Mengetahui yang ghaib, maka Dia tidak memperlihatkan kepada seorangpun tentang yang ghaib itu."
  }, {
    "number": 27,
    "text": "إِلَّا مَنِ ٱرْتَضَىٰ مِن رَّسُولٍ فَإِنَّهُۥ يَسْلُكُ مِنۢ بَيْنِ يَدَيْهِ وَمِنْ خَلْفِهِۦ رَصَدًا",
    "translation_en": "Except whom He has approved of messengers, and indeed, He sends before each messenger and behind him observers",
    "translation_id": "Kecuali kepada rasul yang diridhai-Nya, maka sesungguhnya Dia mengadakan penjaga-penjaga (malaikat) di muka dan di belakangnya."
  }, {
    "number": 28,
    "text": "لِّيَعْلَمَ أَن قَدْ أَبْلَغُوا۟ رِسَٰلَٰتِ رَبِّهِمْ وَأَحَاطَ بِمَا لَدَيْهِمْ وَأَحْصَىٰ كُلَّ شَىْءٍ عَدَدًۢا",
    "translation_en": "That he may know that they have conveyed the messages of their Lord; and He has encompassed whatever is with them and has enumerated all things in number.",
    "translation_id": "Supaya Dia mengetahui, bahwa sesungguhnya rasul-rasul itu telah menyampaikan risalah-risalah Tuhannya, sedang (sebenarnya) ilmu-Nya meliputi apa yang ada pada mereka, dan Dia menghitung segala sesuatu satu persatu."
  }],
  "tafsir": {
    "id": {
      "kemenag": {
        "name": "Kemenag",
        "source": "Aplikasi Quran Kementrian Agama Republik Indonesia",
        "text": {
          "1": "Dalam ayat ini, Allah memerintahkan Rasul-Nya untuk menyampaikan kepada para sahabat tentang jin yang beriman kepada Allah. Keimanan jin itu mengandung arti:\n\n1.bahwa Nabi Muhammad adalah rasul bagi umat manusia dan juga bagi jin, sebagaimana juga diungkapkan dalam ayat yang lain.\n\n2.bahwa jin mendengar dan mengerti bahasa manusia, sebagaimana juga dinyatakan dalam ayat-ayat lain.\n\n3.bahwa jin juga akan dihisab sebagaimana halnya manusia.\n\n4.bahwa adanya jin yang juga yang berdakwah kepada kaumnya.\n\n5.agar orang-orang Quraisy mengetahui bahwa jin saja ketika mendengar Al-Qur'an mengakui kemukjizatannya dan beriman kepadanya.\n\nBerdasarkan pengertian ayat ini, dipahami bahwa Nabi Muhammad mengetahui bahwa jin mendengar bacaan beliau dengan perantaraan wahyu, bukan dengan menyaksikan dengan mata beliau sendiri.",
          "2": "Sebagaimana di ayat pertama, dalam ayat kedua ini Allah menyatakan bahwa jin telah mendengar Al-Qur'an yang membuat mereka takjub karena memberi petunjuk kepada jalan yang benar, lalu mereka beriman. Mereka bertekad tidak akan mempersekutukan Allah dengan apa pun. Apa yang mereka dengar dan sikap mereka setelah itu juga disampaikan kepada kaum mereka, sebagaimana disebutkan juga dalam ayat lain:\n\nMaka ketika telah selesai, mereka kembali kepada kaumnya (untuk) memberi peringatan. (al-Ahqaf/46: 29)",
          "3": "Dalam ayat ini, diterangkan bahwa sebagaimana mereka menghindarkan diri dari mempersekutukan Allah, para jin itu juga menyucikan-Nya dari mempunyai istri atau anak. Mempunyai teman istri dan anak hanyalah keperluan manusia, sebagaimana firman Allah:\n\nDan di antara tanda-tanda (kebesaran)-Nya ialah Dia menciptakan pasangan-pasangan untukmu dari jenismu sendiri, agar kamu cenderung dan merasa tenteram kepadanya. (ar-Rum/30: 21)",
          "4": "Dalam ayat ini, diungkapkan bahwa di antara jin-jin itu ada yang mengucapkan perkataan yang jauh dari kebenaran, yaitu bahwa Allah mempunyai anak dan teman wanita.",
          "5": "Dalam ayat ini diterangkan bahwa jin itu menyatakan tidak pantas bila ada jin maupun manusia yang berani mengatakan Allah beranak dan mempunyai istri.",
          "6": "Jin itu juga mengatakan bahwa banyak di antara manusia yang berlindung dan memohon kepada jin. Hal itu mengakibatkan manusia dikuasai oleh jin, dan dibawa untuk berbuat kejahatan sehingga mereka durhaka dan berdosa. Firman Allah:\n\nDan (ingatlah) pada hari ketika Dia mengumpulkan mereka semua (dan Allah berfirman), \"Wahai golongan jin! Kamu telah banyak (menyesatkan) manusia¦.\" (al-An'am/6: 128)",
          "7": "Selanjutnya diterangkannya bahwa jin yang tidak beriman itu mengira sebagaimana perkiraan manusia, bahwa Allah tidak akan mengutus seorang rasul pun kepada makhluk-Nya untuk mengajak mereka kepada tauhid dan iman kepada-Nya dan hari kiamat.",
          "8": "Pada ayat ini, Allah menambah lagi pernyataan jin ketika Dia mengutus Nabi Muhammad dan menurunkan Al-Qur'an kepadanya serta menjaga beliau dari jin-jin itu. Langit ketika itu dijaga dengan ketat, dan panah-panah api disediakan di seluruh penjuru langit untuk mencegah jin-jin mendekatinya guna mencuri berita-berita yang dapat didengar, sebagaimana yang sering mereka lakukan.\n\nTelah diriwayatkan oleh at-Tirmidhi, dan ath-thabrani dari Ibnu 'Abbas, ia berkata: \n\nDahulu jin-jin itu dapat naik ke langit untuk mendengar wahyu. Ketika mereka mendengar suatu kata lalu mereka tambah dengan sembilan kata lainnya. Ucapan (yang mereka dengar) adalah benar tetapi tambahan-tambahan mereka semuanya bohong. Ketika Nabi saw diutus menjadi rasul, mereka dilarang menduduki tempat-tempat tersebut. Lalu mereka sampaikan larangan tersebut kepada Iblis; sedangkan ketika itu bintang-bintang belum dipakai untuk memanah jin-jin itu. Lalu iblis berkata kepada mereka, \"Larangan itu disebabkan suatu kejadian di muka bumi,\" lalu Iblis mengirim tentara-tentaranya untuk menyelidiki kejadian tersebut. Mereka mendapatkan Nabi saw yang sedang mengerjakan salat di antara dua gunung di Mekah, lalu mereka menemui Iblis dan menyampaikan penemuan mereka itu kepadanya, lalu Iblis berkata, \"Inilah kejadian yang terjadi di permukaan bumi.\" (Riwayat at-Tirmizi dan ath-thabrani)",
          "9": "Dalam ayat ini kembali dijelaskan tentang keterangan jin bahwa mereka menduduki tempat-tempat tersebut tanpa ada penjaga dan panah-panah api. Mereka lalu diusir dari sana sehingga tidak dapat mencuri atau mendengar Al-Qur'an sedikit pun untuk disampaikan kepada ahli-ahli nujum dan tukang-tukang tenung yang akan mencampuradukkan yang benar dengan yang batil. Yang demikian itu disebabkan kasih sayang Allah kepada hamba-Nya dan sebagai penjagaan terhadap kitab-Nya, Al-Qur'an. Maka barang siapa yang ingin mencuri berita-berita tersebut sejak itu dia akan diburu dengan panah-panah api yang akan menusuk dan membinasakannya.\n\nKita harus beriman kepada apa yang diberitakan oleh Al-Qur'an mengenai jin yang mencuri berita-berita yang dapat didengarkan, kemudian mereka dilarang sesudah pengutusan Nabi Muhammad, walaupun kita tidak tahu bagaimana cara mereka mencuri, cara bagaimana penjagaan, berapa banyak para penjaga. Kita juga tidak tahu apa yang dimaksud dengan panah-panah api yang mengintip mereka, sedangkan jin itu juga berasal dari api, maka bagaimana cara mereka dapat ditembusi oleh panah-panah api itu.\n\nDi antara mufassir ada yang berpendapat bahwa yang dimaksud dengan \"tempat-tempat untuk mencuri berita\" adalah tempat-tempat yang dipergunakan oleh jin di dalam dada manusia untuk menggoda mereka dan menghalangi mereka mengikuti jalan yang benar. Sedangkan yang dimaksud dengan \"penjaga\" adalah dalil-dalil akli (akal/rasio) yang dijadikan Allah sebagai petunjuk bagi hamba-hamba-Nya, dan yang dimaksud dengan \"panah-panah api\" adalah bukti-bukti alamiah yang tersebar dalam tubuh masing-masing dan di seluruh penjuru alam.\n\nDengan demikian, maksud ayat tersebut adalah sesungguhnya Al-Qur'an yang mengandung bukti-bukti akliah dan alamiah adalah penjaga agama dari kemasukan hal-hal syubhat yang dilontarkan oleh setan, sebagai alat untuk menggoda dan membimbangkan orang-orang yang dapat digodanya. Juga untuk mempengaruhi jiwa-jiwa orang yang sesat agar mereka tidak menghiraukan agama dan menolak petunjuk-petunjuknya. Maka barang siapa yang ingin mempengaruhi jiwa-jiwa orang yang beriman dengan keragu-raguan dan pikiran yang bukan-bukan, maka ia akan berhadapan dengan bukti-bukti yang dapat memusnahkan keragu-raguan itu dari akar-akarnya.",
          "10": "Dalam ayat ini, Allah menambah lagi keterangan jin tentang keyakinan mereka bahwa langit itu dijaga karena salah satu dari dua hal:\n\n1.karena Allah akan menurunkan siksa-Nya kepada penduduk bumi secara tiba-tiba.\n\n2.karena dia akan mengutus seorang rasul yang akan membimbing umat manusia dan memperbaiki keadaan mereka.\n\nSeolah-olah jin itu berkata, \"Apakah karena Allah akan menurunkan siksa atas penduduk bumi maka kita dilarang mencuri berita, dan merajam siapa yang berani mencuri berita tersebut dengan panah-panah api, atau karena Allah menghendaki memberi petunjuk kepada manusia dengan mengirim seorang rasul yang akan membimbing mereka ke jalan yang lurus?\"",
          "11": "Dalam keterangan selanjutnya, Allah menyatakan bahwa di antara jin-jin itu ada yang Islam, mengerjakan amal saleh, dan taat kepada Allah, tetapi ada pula yang sebaliknya, yaitu tidak beriman dan ingkar kepada perintah Allah. Jin-jin itu juga mempunyai kemauan bermacam-macam dan pendapat yang berbeda-beda, sehingga di antara mereka ada yang beriman, ada yang fasik, dan ada pula yang kafir, seperti halnya manusia.",
          "12": "Jin-jin itu juga menjelaskan bahwa mereka yakin tidak akan terlepas dari genggaman Allah, di mana pun mereka berada di dunia ini, dan juga tidak dapat melepaskan diri. Allah Maha Menguasai jin-jin itu di mana saja mereka berada dan tidak ada jalan untuk melarikan diri daripada-Nya.",
          "13": "Dijelaskan juga bahwa ketika jin-jin itu mendengar Al-Qur'an yang memberi petunjuk kepada jalan yang benar, mereka langsung beriman kepadanya serta mengakui bahwa Al-Qur'an itu dari Allah.\n\nMenurut Qatadah, ayat ini memiliki pengertian bahwa barang siapa beriman kepada Allah dan membenarkan apa yang dibawa oleh para rasul, tidak ada kekhawatiran baginya tentang pengurangan pahala kebajikannya dan tidak ada pula dosa orang lain yang harus dipertanggungjawabkannya. Ia akan menerima pahala amal baik sepenuhnya tanpa pengurangan sedikit pun.",
          "14": "Dalam ayat ini, dijelaskan bahwa di antara jin-jin itu ada yang beriman menaati Allah, khusyuk dan ikhlas, serta beramal saleh. Ada pula di antara mereka yang berpaling dari ajaran yang benar. Oleh karena itu, barang siapa yang beriman kepada Allah dan menaati-Nya, sesungguhnya dia telah menempuh jalan yang akan menyampaikannya kepada kebahagiaan. Hal itu juga berarti bahwa ia telah melakukan sesuatu yang menyelamatkannya dari siksa neraka.",
          "15": "Jin-jin yang beriman itu mencela jin yang kafir, dengan penegasan mereka sendiri, bahwa jin yang berpaling dari ketentuan-ketentuan Islam akan dijadikan bahan bakar neraka dan disiksa di dalamnya, sebagaimana manusia yang kafir. Mereka juga menyatakan bahwa barang siapa yang taat (Islam), maka mereka itu benar-benar telah memilih jalan yang lurus.\n\nSemua yang dijelaskan dalam ayat-ayat yang telah lalu adalah pernyataan jin yang diungkapkan Allah. Berikut ini, Allah meneruskan kembali wahyu-wahyu-Nya yang disampaikan kepada Rasulullah saw.",
          "16": "Dalam ayat ini, Allah mengungkapkan bahwa siapa saja di antara manusia atau jin yang tetap berpegang dan menjalankan ketentuan-ketentuan Islam, Allah akan melapangkan rezekinya serta memudahkan semua urusan dunia mereka.\n\nDalam rangka melapangkan rezeki, Allah mengungkapkannya dengan kata \"air yang segar\", karena air itu adalah sumber kehidupan. Banyak air berarti kebahagiaan yang luas. Firman Allah:\n\nDan sekiranya penduduk negeri beriman dan bertakwa, pasti Kami akan melimpahkan kepada mereka berkah dari langit dan bumi. (al-A'raf/7: 96)",
          "17": "Allah menjelaskan dalam ayat ini bahwa mereka diberi kelapangan hidup untuk menguji dan mengamati siapa di antara mereka yang mensyukuri nikmat-Nya dan siapa pula yang mengingkarinya. Bagi yang mensyukurinya, Allah menyediakan balasan yang paling sempurna, dan bagi mereka yang mengingkari, Allah memberikan kesempatan dan mengundurkan siksa-Nya. Kemudian barulah Allah menjatuhkan azab-Nya. Dalam ayat yang lain, Allah berfirman:\n\nDan Aku memberi tenggang waktu kepada mereka. Sungguh, rencana-Ku sangat teguh. (al-Qalam/68: 45)\n\nSelanjutnya Allah menjelaskan bahwa barang siapa yang berpaling dari Al-Qur'an dan petunjuk-Nya, tanpa mengikuti perintah-perintah-Nya serta tidak pula menjauhi larangan-larangan-Nya, Allah akan menyiksanya dengan azab yang paling dahsyat dan ia tidak dapat melepaskan diri daripada-Nya.",
          "18": "Dalam ayat ini, Allah menyatakan bahwa masjid-masjid itu adalah milik-Nya. Oleh sebab itu, seyogyanya tidak ada penyembahan di dalamnya selain kepada-Nya dan tidak pula mempersekutukan-Nya.\n\nQatadah berkata, \"Orang-orang Yahudi dan Nasrani bila masuk ke gereja dan tempat-tempat peribadatan, mereka mempersekutukan Allah dengan sembahan-sembahan lainnya. Lalu Allah memerintahkan kepada Nabi-Nya agar mengesakan-Nya dan mengabdi kepada-Nya dengan penuh khusyu. \n\nAl-hasan al-Basri berkata, \"Yang dimaksud dengan masjid-masjid adalah semua tempat sujud di bumi, baik yang telah disediakan untuk sujud maupun tidak, karena bumi seluruhnya adalah tempat sujud bagi umat Nabi Muhammad.\" Pengertian semacam ini adalah masjid dalam arti lugawi atau bahasa, sebagaimana sabda Rasulullah yang diriwayatkan oleh al-Bukhari, Muslim, dan an-Nasa'i dari Jabir:\n\nTelah dijadikan bumi ini seluruhnya bagiku sebagai tempat sujud dan menyucikan. (Riwayat al-Bukhari, Muslim, dan an-Nasa'i) \n\nMasjid bukan hanya untuk salat saja, melainkan untuk berbagai kegiatan ibadah-ibadah lainnya.",
          "19": "Dalam ayat ini, dijelaskan bahwa ketika Nabi Muhammad menyembah Allah, maka jin-jin yang menyaksikannya menjadi heran dan tercengang melihat cara Nabi dan para sahabat menyembah-Nya. Keheranan itu juga dikarenakan bacaan Al-Qur'an yang belum pernah mereka dengar. Lebih-lebih lagi ketika melihat para sahabat sebagai makmum mengikuti Nabi Muhammad salat dalam keadaan berdiri, rukuk, dan sujud.\n\nAl-hasan dan Qatadah berkata, \"Ketika hamba Allah menyiarkan risalah dengan memanggil untuk mentauhidkan Allah, berbeda dengan ibadah orang-orang musyrik kepada berhala-berhala mereka, maka hampir orang-orang kafir yang menentang dan memusuhi Nabi Muhammad, bersatu padu dan bantu-membantu dalam memusuhi-Nya.",
          "20": "Dalam ayat ini, Allah menyuruh Nabi Muhammad agar mengatakan kepada orang-orang yang memusuhinya bahwa beliau hanya menyembah Allah dan tidak mempersekutukan-Nya dengan suatu apa pun. Hal yang demikian itu bukanlah suatu yang luar biasa dan bukan pula suatu yang harus dibenci, sehingga mereka beramai-ramai memusuhinya.",
          "21": "Allah menyatakan bahwa Nabi Muhammad tidak dapat bertindak lain dalam persoalan tersebut, tidak sanggup memberi petunjuk, dan mendatangkan kebahagiaan atau kebajikan bagi mereka. Allah memerintahkan Nabi saw untuk menyampaikan kepada orang-orang kafir bahwa ia tidak dapat memberi suatu kemudaratan kepada mereka, baik dalam urusan agama maupun urusan dunia, dan tidak dapat pula memberi manfaat kepada mereka. Hanya Allah yang dapat berbuat demikian seluruhnya. Allah memiliki segala sesuatu dan Dialah yang Mahakuasa atas segala sesuatu. \n\nNabi Muhammad juga diperintahkan untuk bertawakal kepada Allah karena Dialah yang akan memberi pahala atas tindakannya yang baik. Dia pulalah yang akan memberi balasan kepada orang-orang kafir atas tindakan-tindakan buruk yang mereka lakukan. Hal ini berarti pula bahwa Nabi saw tidak akan meninggalkan dakwah walaupun orang-orang kafir terus menentang.",
          "22": "Dalam ayat-ayat ini, Allah menyatakan bahwa Nabi Muhammad tidak sanggup melindungi dirinya sebagaimana ia tidak sanggup pula melindungi orang lain. Oleh sebab itu, Allah menyuruh Nabi-Nya untuk mengatakan bahwa tidak ada seorang pun di antara makhluk Allah yang sanggup melindunginya dari kemudaratan bila Allah menghendakinya. Tidak ada yang dapat membantunya dan tidak ada tempat berlindung selain kepada Allah. Bila Nabi saw terus menjalankan risalah dan menaati-Nya, Allah pasti akan melindunginya. Maksudnya, tidak ada yang akan membela Nabi saw dari ancaman-ancaman Allah bila ia tidak menjalankan risalah-Nya. Nabi hanya bertugas untuk menyampaikan risalah dan peringatan Allah sebagaimana firman-Nya:\n\nWahai Rasul! Sampaikanlah apa yang diturunkan Tuhanmu kepadamu. Jika tidak engkau lakukan (apa yang diperintahkan itu) berarti engkau tidak menyampaikan amanat-Nya. Dan Allah memelihara engkau dari (gangguan) manusia. (al-Ma'idah/5: 67)\n\nSelanjutnya Allah menjelaskan bahwa barang siapa yang berani durhaka terhadap suatu perintah atau larangan-Nya serta mendustai Rasul-Nya maka baginya telah disediakan neraka yang akan ditempatinya untuk selama-lamanya. Ia tidak akan sanggup menghindarkan diri dari neraka itu.",
          "23": "Dalam ayat-ayat ini, Allah menyatakan bahwa Nabi Muhammad tidak sanggup melindungi dirinya sebagaimana ia tidak sanggup pula melindungi orang lain. Oleh sebab itu, Allah menyuruh Nabi-Nya untuk mengatakan bahwa tidak ada seorang pun di antara makhluk Allah yang sanggup melindunginya dari kemudaratan bila Allah menghendakinya. Tidak ada yang dapat membantunya dan tidak ada tempat berlindung selain kepada Allah. Bila Nabi saw terus menjalankan risalah dan menaati-Nya, Allah pasti akan melindunginya. Maksudnya, tidak ada yang akan membela Nabi saw dari ancaman-ancaman Allah bila ia tidak menjalankan risalah-Nya. Nabi hanya bertugas untuk menyampaikan risalah dan peringatan Allah sebagaimana firman-Nya:\n\nWahai Rasul! Sampaikanlah apa yang diturunkan Tuhanmu kepadamu. Jika tidak engkau lakukan (apa yang diperintahkan itu) berarti engkau tidak menyampaikan amanat-Nya. Dan Allah memelihara engkau dari (gangguan) manusia. (al-Ma'idah/5: 67)\n\nSelanjutnya Allah menjelaskan bahwa barang siapa yang berani durhaka terhadap suatu perintah atau larangan-Nya serta mendustai Rasul-Nya maka baginya telah disediakan neraka yang akan ditempatinya untuk selama-lamanya. Ia tidak akan sanggup menghindarkan diri dari neraka itu.",
          "24": "Allah lalu menghibur dan menenteramkan Nabi Muhammad serta mengejek orang-orang kafir karena kekurangperhatian mereka terhadap jin, sedangkan mereka mengaku sebagai cerdik pandai, dan juga karena kecerobohan mereka mendustakan dan mengejek sesuatu. Akan tetapi di samping itu, mereka cepat mengakui kebenaran jin serta mengharap petunjuk darinya. Dalam ayat ini, Allah menjelaskan bahwa orang-orang kafir senantiasa menghina dan mengejek orang-orang mukmin sehingga mereka melihat dengan mata kepala sendiri siksa-siksa yang dijanjikan kepada mereka. Ketika itu, barulah mereka sadar siapakah sebenarnya yang hina, apakah orang-orang mukmin yang mentauhidkan Allah ataukah orang-orang musyrik yang tidak mempunyai pembantu dan penolong?\n\n¦ sehingga apabila mereka telah melihat apa yang diancamkan kepada mereka, baik azab maupun Kiamat, maka mereka akan mengetahui siapa yang lebih jelek kedudukannya dan lebih lemah bala tentaranya. (Maryam/19: 75)",
          "25": "Ayat ini dan ayat-ayat sesudahnya adalah jawaban atas pertanyaan, \"Bilakah datangnya hari yang dijanjikan itu kepada kami.\" Allah menyuruh Nabi-Nya agar menyampaikan kepada manusia bahwa hari Kiamat itu pasti akan tiba, tidak ada keraguan padanya. Akan tetapi, tidak ada yang mengetahui kapan waktunya tiba, apakah dalam waktu dekat ataukah masih dalam jangka waktu yang panjang.\n\nNabi saw pernah ditanya Jibril tentang hari Kiamat ketika berhadapan dengan Nabi saw dalam rupa seorang Badui, tetapi beliau tidak menjawabnya. Antara lain Jibril bertanya, \"Hai Muhammad! Kabarkan kepadaku tentang hari Kiamat itu.\" Beliau menjawab, \"Orang yang ditanya tidak lebih tahu daripada yang bertanya.\" Kemudian orang Badui itu bertanya lagi dengan suara keras, \"Hai Muhammad! Bilakah tibanya hari Kiamat itu?\" Nabi menjawab, \"Jangan khawatir, ia pasti datang, tetapi apa yang telah engkau sediakan untuk menghadapinya?\" Badui menjawab, \"Saya tidak banyak mengerjakan salat atau puasa, tetapi saya cinta kepada Allah dan Rasul-Nya.\" Lalu Nabi saw bersabda, \"Maka engkau bersama orang-orang yang engkau cintai.\" Anas berkata, \"Orang-orang mukmin tidak gembira terhadap sesuatu sebagaimana gembira mereka mendengar hadis ini.\"",
          "26": "Dalam ayat ini, Allah menerangkan bahwa Dia mengetahui semua yang gaib, tidak terlihat, dan tidak diketahui oleh hamba-Nya. Semua yang gaib yang tidak dapat diketahui kecuali oleh Allah, dapat diketahui oleh para rasul yang diridai oleh-Nya dan Dia akan memperlihatkan kepada mereka sekadar apa yang dikehendaki-Nya. Allah berfirman:\n\nDan mereka tidak mengetahui sesuatu apa pun tentang ilmu-Nya melainkan apa yang Dia kehendaki. (al-Baqarah/2: 255)\n\nAyat ini menunjukkan bahwa pekerjaan tukang tenung, ahli nujum, dan tukang sihir semuanya itu salah karena mereka tidak termasuk orang-orang yang diridai Allah, bahkan mereka termasuk yang dibenci-Nya. Ayat ini juga menerangkan bahwa orang-orang yang mengaku bahwa bintang itu dapat menunjukkan siapa yang akan hidup dan siapa pula yang akan mati, adalah orang-orang yang telah kafir dan mengingkari Al-Qur'an.\n\nFakhruddin ar-Razi berkata, \"Yang dimaksud dengan tidak dapat menyaksikan yang gaib adalah gaib yang khusus yaitu tentang waktu tibanya hari Kiamat.\"",
          "27": "Selanjutnya Allah mengungkapkan bahwa para rasul yang memperoleh keridaan-Nya sehingga dapat menyaksikan alam gaib, dijaga oleh malaikat Hafadhah dengan penjagaan yang sangat ketat. Dengan penjagaan itu, godaan setan, jin, dan para pengacau lainnya tidak sampai kepada mereka, sehingga para rasul itu dapat menyampaikan wahyu-wahyu Allah menurut aslinya. Mereka juga dijaga dari rongrongan setan-setan manusia sehingga mereka selamat dari bahaya dan kemudaratan manusia.\n\nAdh-ahhak berkata, \"Allah tidak mengutus seorang rasul kecuali baginya telah disiapkan pengawal-pengawal dari malaikat untuk menjaganya dari setan-setan yang datang dalam bentuk rupa malaikat. Bila setan-setan itu datang, maka pengawalnya mengingatkannya agar hati-hati karena yang datang itu setan, dan bila yang menemui rasul itu malaikat, maka pengawal berkata, \"Ini adalah utusan Tuhanmu.\"\n\nPengawal-pengawal itu adalah malaikat yang bertugas menjaga kekuatan lahir dan batin para rasul dan untuk memelihara mereka dari bisikan-bisikan setan.",
          "28": "Dalam ayat ini, Allah menerangkan tujuan dari penjagaan yang sangat rapi itu, yaitu agar para rasul itu dapat menjalankan tugas dengan sempurna dan agar wahyu-wahyu yang disampaikan kepada mereka terpelihara dengan baik. Penjagaan itu juga bertujuan agar dapat dibuktikan dengan pasti bahwa para rasul itu telah menyampaikan risalah Tuhan mereka kepada manusia dengan sebaik-baiknya. Allah berfirman:\n\nDan Allah pasti mengetahui orang-orang yang beriman dan Dia pasti mengetahui orang-orang yang munafik. (al-'Ankabut/29: 11)\n\nSelanjutnya Allah menjelaskan bahwa ilmu-Nya meliputi apa yang diketahui oleh malaikat-malaikat pengawas, apa yang telah ada, dan yang akan ada satu persatu. Dia mengetahui segala sesuatu secara sempurna, tidak ada persamaan. Malaikat itu adalah perantara yang menyampaikan ilmu-ilmu-Nya kepada para rasul."
        }
      }
    }
  }
}