{
  "name": "An-Naziat",
  "name_translations": {
    "ar": "النازعات",
    "en": "Those who drag forth",
    "id": "Malaikat Yang Mencabut"
  },
  "number_of_ayah": 46,
  "number_of_surah": 79,
  "place": "Mecca",
  "recitations": [{
    "name": "Mishari Rashid al-`Afasy",
    "audio_url": "https://download.quranicaudio.com/quran/mishaari_raashid_al_3afaasee/079.mp3"
  }, {
    "name": "Abdur-Rahman as-Sudais",
    "audio_url": "https://download.quranicaudio.com/quran/abdurrahmaan_as-sudays/079.mp3"
  }, {
    "name": "Saad al-Ghamdi",
    "audio_url": "https://download.quranicaudio.com/quran/sa3d_al-ghaamidi/complete/079.mp3"
  }],
  "type": "Makkiyah",
  "verses": [{
    "number": 1,
    "text": "بِسْمِ ٱللَّهِ ٱلرَّحْمَٰنِ ٱلرَّحِيمِ وَٱلنَّٰزِعَٰتِ غَرْقًا",
    "translation_en": "By those [angels] who extract with violence",
    "translation_id": "Demi (malaikat-malaikat) yang mencabut (nyawa) dengan keras,"
  }, {
    "number": 2,
    "text": "وَٱلنَّٰشِطَٰتِ نَشْطًا",
    "translation_en": "And [by] those who remove with ease",
    "translation_id": "dan (malaikat-malaikat) yang mencabut (nyawa) dengan lemah-lembut,"
  }, {
    "number": 3,
    "text": "وَٱلسَّٰبِحَٰتِ سَبْحًا",
    "translation_en": "And [by] those who glide [as if] swimming",
    "translation_id": "dan (malaikat-malaikat) yang turun dari langit dengan cepat,"
  }, {
    "number": 4,
    "text": "فَٱلسَّٰبِقَٰتِ سَبْقًا",
    "translation_en": "And those who race each other in a race",
    "translation_id": "dan (malaikat-malaikat) yang mendahului dengan kencang,"
  }, {
    "number": 5,
    "text": "فَٱلْمُدَبِّرَٰتِ أَمْرًا",
    "translation_en": "And those who arrange [each] matter,",
    "translation_id": "dan (malaikat-malaikat) yang mengatur urusan (dunia)."
  }, {
    "number": 6,
    "text": "يَوْمَ تَرْجُفُ ٱلرَّاجِفَةُ",
    "translation_en": "On the Day the blast [of the Horn] will convulse [creation],",
    "translation_id": "(Sesungguhnya kamu akan dibangkitkan) pada hari ketika tiupan pertama menggoncang alam,"
  }, {
    "number": 7,
    "text": "تَتْبَعُهَا ٱلرَّادِفَةُ",
    "translation_en": "There will follow it the subsequent [one].",
    "translation_id": "tiupan pertama itu diiringi oleh tiupan kedua."
  }, {
    "number": 8,
    "text": "قُلُوبٌ يَوْمَئِذٍ وَاجِفَةٌ",
    "translation_en": "Hearts, that Day, will tremble,",
    "translation_id": "Hati manusia pada waktu itu sangat takut,"
  }, {
    "number": 9,
    "text": "أَبْصَٰرُهَا خَٰشِعَةٌ",
    "translation_en": "Their eyes humbled.",
    "translation_id": "Pandangannya tunduk."
  }, {
    "number": 10,
    "text": "يَقُولُونَ أَءِنَّا لَمَرْدُودُونَ فِى ٱلْحَافِرَةِ",
    "translation_en": "They are [presently] saying, \"Will we indeed be returned to [our] former state [of life]?",
    "translation_id": "(Orang-orang kafir) berkata: \"Apakah sesungguhnya kami benar-benar dikembalikan kepada kehidupan semula?"
  }, {
    "number": 11,
    "text": "أَءِذَا كُنَّا عِظَٰمًا نَّخِرَةً",
    "translation_en": "Even if we should be decayed bones?",
    "translation_id": "Apakah (akan dibangkitkan juga) apabila kami telah menjadi tulang belulang yang hancur lumat?\""
  }, {
    "number": 12,
    "text": "قَالُوا۟ تِلْكَ إِذًا كَرَّةٌ خَاسِرَةٌ",
    "translation_en": "They say, \"That, then, would be a losing return.\"",
    "translation_id": "Mereka berkata: \"Kalau demikian, itu adalah suatu pengembalian yang merugikan\"."
  }, {
    "number": 13,
    "text": "فَإِنَّمَا هِىَ زَجْرَةٌ وَٰحِدَةٌ",
    "translation_en": "Indeed, it will be but one shout,",
    "translation_id": "Sesungguhnya pengembalian itu hanyalah satu kali tiupan saja,"
  }, {
    "number": 14,
    "text": "فَإِذَا هُم بِٱلسَّاهِرَةِ",
    "translation_en": "And suddenly they will be [alert] upon the earth's surface.",
    "translation_id": "maka dengan serta merta mereka hidup kembali di permukaan bumi."
  }, {
    "number": 15,
    "text": "هَلْ أَتَىٰكَ حَدِيثُ مُوسَىٰٓ",
    "translation_en": "Has there reached you the story of Moses? -",
    "translation_id": "Sudah sampaikah kepadamu (ya Muhammad) kisah Musa."
  }, {
    "number": 16,
    "text": "إِذْ نَادَىٰهُ رَبُّهُۥ بِٱلْوَادِ ٱلْمُقَدَّسِ طُوًى",
    "translation_en": "When his Lord called to him in the sacred valley of Tuwa,",
    "translation_id": "Tatkala Tuhannya memanggilnya di lembah suci ialah Lembah Thuwa;"
  }, {
    "number": 17,
    "text": "ٱذْهَبْ إِلَىٰ فِرْعَوْنَ إِنَّهُۥ طَغَىٰ",
    "translation_en": "\"Go to Pharaoh. Indeed, he has transgressed.",
    "translation_id": "\"Pergilah kamu kepada Fir'aun, sesungguhnya dia telah melampaui batas,"
  }, {
    "number": 18,
    "text": "فَقُلْ هَل لَّكَ إِلَىٰٓ أَن تَزَكَّىٰ",
    "translation_en": "And say to him, 'Would you [be willing to] purify yourself",
    "translation_id": "dan katakanlah (kepada Fir'aun): \"Adakah keinginan bagimu untuk membersihkan diri (dari kesesatan)\"."
  }, {
    "number": 19,
    "text": "وَأَهْدِيَكَ إِلَىٰ رَبِّكَ فَتَخْشَىٰ",
    "translation_en": "And let me guide you to your Lord so you would fear [Him]?'\"",
    "translation_id": "Dan kamu akan kupimpin ke jalan Tuhanmu agar supaya kamu takut kepada-Nya?\""
  }, {
    "number": 20,
    "text": "فَأَرَىٰهُ ٱلْءَايَةَ ٱلْكُبْرَىٰ",
    "translation_en": "And he showed him the greatest sign,",
    "translation_id": "Lalu Musa memperlihatkan kepadanya mukjizat yang besar."
  }, {
    "number": 21,
    "text": "فَكَذَّبَ وَعَصَىٰ",
    "translation_en": "But Pharaoh denied and disobeyed.",
    "translation_id": "Tetapi Fir'aun mendustakan dan mendurhakai."
  }, {
    "number": 22,
    "text": "ثُمَّ أَدْبَرَ يَسْعَىٰ",
    "translation_en": "Then he turned his back, striving.",
    "translation_id": "Kemudian dia berpaling seraya berusaha menantang (Musa)."
  }, {
    "number": 23,
    "text": "فَحَشَرَ فَنَادَىٰ",
    "translation_en": "And he gathered [his people] and called out",
    "translation_id": "Maka dia mengumpulkan (pembesar-pembesarnya) lalu berseru memanggil kaumnya."
  }, {
    "number": 24,
    "text": "فَقَالَ أَنَا۠ رَبُّكُمُ ٱلْأَعْلَىٰ",
    "translation_en": "And said, \"I am your most exalted lord.\"",
    "translation_id": "(Seraya) berkata: \"Akulah tuhanmu yang paling tinggi\"."
  }, {
    "number": 25,
    "text": "فَأَخَذَهُ ٱللَّهُ نَكَالَ ٱلْءَاخِرَةِ وَٱلْأُولَىٰٓ",
    "translation_en": "So Allah seized him in exemplary punishment for the last and the first [transgression].",
    "translation_id": "Maka Allah mengazabnya dengan azab di akhirat dan azab di dunia."
  }, {
    "number": 26,
    "text": "إِنَّ فِى ذَٰلِكَ لَعِبْرَةً لِّمَن يَخْشَىٰٓ",
    "translation_en": "Indeed in that is a warning for whoever would fear [Allah].",
    "translation_id": "Sesungguhnya pada yang demikian itu terdapat pelajaran bagi orang yang takut (kepada Tuhannya)."
  }, {
    "number": 27,
    "text": "ءَأَنتُمْ أَشَدُّ خَلْقًا أَمِ ٱلسَّمَآءُ بَنَىٰهَا",
    "translation_en": "Are you a more difficult creation or is the heaven? Allah constructed it.",
    "translation_id": "Apakah kamu lebih sulit penciptaanya ataukah langit? Allah telah membinanya,"
  }, {
    "number": 28,
    "text": "رَفَعَ سَمْكَهَا فَسَوَّىٰهَا",
    "translation_en": "He raised its ceiling and proportioned it.",
    "translation_id": "Dia meninggikan bangunannya lalu menyempurnakannya,"
  }, {
    "number": 29,
    "text": "وَأَغْطَشَ لَيْلَهَا وَأَخْرَجَ ضُحَىٰهَا",
    "translation_en": "And He darkened its night and extracted its brightness.",
    "translation_id": "dan Dia menjadikan malamnya gelap gulita, dan menjadikan siangnya terang benderang."
  }, {
    "number": 30,
    "text": "وَٱلْأَرْضَ بَعْدَ ذَٰلِكَ دَحَىٰهَآ",
    "translation_en": "And after that He spread the earth.",
    "translation_id": "Dan bumi sesudah itu dihamparkan-Nya."
  }, {
    "number": 31,
    "text": "أَخْرَجَ مِنْهَا مَآءَهَا وَمَرْعَىٰهَا",
    "translation_en": "He extracted from it its water and its pasture,",
    "translation_id": "Ia memancarkan daripadanya mata airnya, dan (menumbuhkan) tumbuh-tumbuhannya."
  }, {
    "number": 32,
    "text": "وَٱلْجِبَالَ أَرْسَىٰهَا",
    "translation_en": "And the mountains He set firmly",
    "translation_id": "Dan gunung-gunung dipancangkan-Nya dengan teguh,"
  }, {
    "number": 33,
    "text": "مَتَٰعًا لَّكُمْ وَلِأَنْعَٰمِكُمْ",
    "translation_en": "As provision for you and your grazing livestock.",
    "translation_id": "(semua itu) untuk kesenanganmu dan untuk binatang-binatang ternakmu."
  }, {
    "number": 34,
    "text": "فَإِذَا جَآءَتِ ٱلطَّآمَّةُ ٱلْكُبْرَىٰ",
    "translation_en": "But when there comes the greatest Overwhelming Calamity -",
    "translation_id": "Maka apabila malapetaka yang sangat besar (hari kiamat) telah datang."
  }, {
    "number": 35,
    "text": "يَوْمَ يَتَذَكَّرُ ٱلْإِنسَٰنُ مَا سَعَىٰ",
    "translation_en": "The Day when man will remember that for which he strove,",
    "translation_id": "Pada hari (ketika) manusia teringat akan apa yang telah dikerjakannya,"
  }, {
    "number": 36,
    "text": "وَبُرِّزَتِ ٱلْجَحِيمُ لِمَن يَرَىٰ",
    "translation_en": "And Hellfire will be exposed for [all] those who see -",
    "translation_id": "dan diperlihatkan neraka dengan jelas kepada setiap orang yang melihat."
  }, {
    "number": 37,
    "text": "فَأَمَّا مَن طَغَىٰ",
    "translation_en": "So as for he who transgressed",
    "translation_id": "Adapun orang yang melampaui batas,"
  }, {
    "number": 38,
    "text": "وَءَاثَرَ ٱلْحَيَوٰةَ ٱلدُّنْيَا",
    "translation_en": "And preferred the life of the world,",
    "translation_id": "dan lebih mengutamakan kehidupan dunia,"
  }, {
    "number": 39,
    "text": "فَإِنَّ ٱلْجَحِيمَ هِىَ ٱلْمَأْوَىٰ",
    "translation_en": "Then indeed, Hellfire will be [his] refuge.",
    "translation_id": "maka sesungguhnya nerakalah tempat tinggal(nya)."
  }, {
    "number": 40,
    "text": "وَأَمَّا مَنْ خَافَ مَقَامَ رَبِّهِۦ وَنَهَى ٱلنَّفْسَ عَنِ ٱلْهَوَىٰ",
    "translation_en": "But as for he who feared the position of his Lord and prevented the soul from [unlawful] inclination,",
    "translation_id": "Dan adapun orang-orang yang takut kepada kebesaran Tuhannya dan menahan diri dari keinginan hawa nafsunya,"
  }, {
    "number": 41,
    "text": "فَإِنَّ ٱلْجَنَّةَ هِىَ ٱلْمَأْوَىٰ",
    "translation_en": "Then indeed, Paradise will be [his] refuge.",
    "translation_id": "maka sesungguhnya surgalah tempat tinggal(nya)."
  }, {
    "number": 42,
    "text": "يَسْـَٔلُونَكَ عَنِ ٱلسَّاعَةِ أَيَّانَ مُرْسَىٰهَا",
    "translation_en": "They ask you, [O Muhammad], about the Hour: when is its arrival?",
    "translation_id": "(Orang-orang kafir) bertanya kepadamu (Muhammad) tentang hari kebangkitan, kapankah terjadinya?"
  }, {
    "number": 43,
    "text": "فِيمَ أَنتَ مِن ذِكْرَىٰهَآ",
    "translation_en": "In what [position] are you that you should mention it?",
    "translation_id": "Siapakah kamu (maka) dapat menyebutkan (waktunya)?"
  }, {
    "number": 44,
    "text": "إِلَىٰ رَبِّكَ مُنتَهَىٰهَآ",
    "translation_en": "To your Lord is its finality.",
    "translation_id": "Kepada Tuhanmulah dikembalikan kesudahannya (ketentuan waktunya)."
  }, {
    "number": 45,
    "text": "إِنَّمَآ أَنتَ مُنذِرُ مَن يَخْشَىٰهَا",
    "translation_en": "You are only a warner for those who fear it.",
    "translation_id": "Kamu hanyalah pemberi peringatan bagi siapa yang takut kepadanya (hari berbangkit)"
  }, {
    "number": 46,
    "text": "كَأَنَّهُمْ يَوْمَ يَرَوْنَهَا لَمْ يَلْبَثُوٓا۟ إِلَّا عَشِيَّةً أَوْ ضُحَىٰهَا",
    "translation_en": "It will be, on the Day they see it, as though they had not remained [in the world] except for an afternoon or a morning thereof.",
    "translation_id": "Pada hari mereka melihat hari berbangkit itu, mereka merasa seakan-akan tidak tinggal (di dunia) melainkan (sebentar saja) di waktu sore atau pagi hari."
  }],
  "tafsir": {
    "id": {
      "kemenag": {
        "name": "Kemenag",
        "source": "Aplikasi Quran Kementrian Agama Republik Indonesia",
        "text": {
          "1": "Pada ayat-ayat ini, Allah berfirman dalam bentuk sumpah terhadap beberapa malaikat yang mencabut nyawa manusia dengan keras dan juga kepada para malaikat yang mencabut nyawa manusia dengan lemah-lembut. Hal ini dalam rangka menegaskan adanya hari kebangkitan yang diingkari orang-orang musyrik. Ayat-ayat selanjutnya yang juga dalam bentuk kalimat-kalimat sumpah kepada para malaikat yang turun dari langit dengan cepat sambil membawa perintah Allah. Bahkan Allah bersumpah kepada para malaikat yang mendahului malaikat yang lain dengan kencang, serta para malaikat yang mengatur dunia.\n\nFirman-firman dalam bentuk sumpah ini banyak terdapat pada surah-surah Makkiyyah karena banyak orang-orang musyrik menolak dan mengingkari hari kebangkitan, seperti pada Surah as-saffat/37: 1-4:\n\nDemi (rombongan malaikat) yang berbaris bersaf-saf, demi (rombongan) yang mencegah dengan sungguh-sungguh, demi (rombongan) yang membacakan peringatan, sungguh, Tuhanmu benar-benar Esa. (as-saffat/37: 1-4)\n\nAdapun jawab qasam (isi dari sumpah) pada awal Surah an-Nazi'at ini terdapat dalam ayat 6, yaitu sungguh pada saat alam berguncang ketika tiupan sangkakala pertama, semuanya rusak dan hancur.\n\nTiupan sangkakala yang pertama itu kemudian diikuti oleh tiupan kedua yang membangkitkan manusia dari kuburnya. Inilah hari Kiamat dalam arti yang sebenarnya.\n\nAyat-ayat permulaan pada Surah an-Nazi'at ini oleh jumhur mufasir dipahami sebagai sumpah-sumpah kepada para malaikat. Akan tetapi, ada mufasir lain, seperti Ahmad Musthafa al-Maragi, yang memahami sumpah ini bukan kepada para malaikat, tetapi kepada bintang-bintang yang beredar menurut aturan tertentu, seperti matahari, bulan, dan planet-planet yang lain. Dalam tafsir al-MarAgi, ayat-ayat ini dipahami sebagai bintang-bintang yang sigap dan cepat jalannya, cahaya-cahaya yang keluar dari bintang ke bintang, dan bintang-bintang yang jalannya cepat dari bintang-bintang yang lain.\n\nAdapun tentang pemahaman jawab qasam-nya sama dengan pendapat jumhur mufasir.",
          "2": "Pada ayat-ayat ini, Allah berfirman dalam bentuk sumpah terhadap beberapa malaikat yang mencabut nyawa manusia dengan keras dan juga kepada para malaikat yang mencabut nyawa manusia dengan lemah-lembut. Hal ini dalam rangka menegaskan adanya hari kebangkitan yang diingkari orang-orang musyrik. Ayat-ayat selanjutnya yang juga dalam bentuk kalimat-kalimat sumpah kepada para malaikat yang turun dari langit dengan cepat sambil membawa perintah Allah. Bahkan Allah bersumpah kepada para malaikat yang mendahului malaikat yang lain dengan kencang, serta para malaikat yang mengatur dunia.\n\nFirman-firman dalam bentuk sumpah ini banyak terdapat pada surah-surah Makkiyyah karena banyak orang-orang musyrik menolak dan mengingkari hari kebangkitan, seperti pada Surah as-saffat/37: 1-4:\n\nDemi (rombongan malaikat) yang berbaris bersaf-saf, demi (rombongan) yang mencegah dengan sungguh-sungguh, demi (rombongan) yang membacakan peringatan, sungguh, Tuhanmu benar-benar Esa. (as-saffat/37: 1-4)\n\nAdapun jawab qasam (isi dari sumpah) pada awal Surah an-Nazi'at ini terdapat dalam ayat 6, yaitu sungguh pada saat alam berguncang ketika tiupan sangkakala pertama, semuanya rusak dan hancur.\n\nTiupan sangkakala yang pertama itu kemudian diikuti oleh tiupan kedua yang membangkitkan manusia dari kuburnya. Inilah hari Kiamat dalam arti yang sebenarnya.\n\nAyat-ayat permulaan pada Surah an-Nazi'at ini oleh jumhur mufasir dipahami sebagai sumpah-sumpah kepada para malaikat. Akan tetapi, ada mufasir lain, seperti Ahmad Musthafa al-Maragi, yang memahami sumpah ini bukan kepada para malaikat, tetapi kepada bintang-bintang yang beredar menurut aturan tertentu, seperti matahari, bulan, dan planet-planet yang lain. Dalam tafsir al-MarAgi, ayat-ayat ini dipahami sebagai bintang-bintang yang sigap dan cepat jalannya, cahaya-cahaya yang keluar dari bintang ke bintang, dan bintang-bintang yang jalannya cepat dari bintang-bintang yang lain.\n\nAdapun tentang pemahaman jawab qasam-nya sama dengan pendapat jumhur mufasir.",
          "3": "Pada ayat-ayat ini, Allah berfirman dalam bentuk sumpah terhadap beberapa malaikat yang mencabut nyawa manusia dengan keras dan juga kepada para malaikat yang mencabut nyawa manusia dengan lemah-lembut. Hal ini dalam rangka menegaskan adanya hari kebangkitan yang diingkari orang-orang musyrik. Ayat-ayat selanjutnya yang juga dalam bentuk kalimat-kalimat sumpah kepada para malaikat yang turun dari langit dengan cepat sambil membawa perintah Allah. Bahkan Allah bersumpah kepada para malaikat yang mendahului malaikat yang lain dengan kencang, serta para malaikat yang mengatur dunia.\n\nFirman-firman dalam bentuk sumpah ini banyak terdapat pada surah-surah Makkiyyah karena banyak orang-orang musyrik menolak dan mengingkari hari kebangkitan, seperti pada Surah as-saffat/37: 1-4:\n\nDemi (rombongan malaikat) yang berbaris bersaf-saf, demi (rombongan) yang mencegah dengan sungguh-sungguh, demi (rombongan) yang membacakan peringatan, sungguh, Tuhanmu benar-benar Esa. (as-saffat/37: 1-4)\n\nAdapun jawab qasam (isi dari sumpah) pada awal Surah an-Nazi'at ini terdapat dalam ayat 6, yaitu sungguh pada saat alam berguncang ketika tiupan sangkakala pertama, semuanya rusak dan hancur.\n\nTiupan sangkakala yang pertama itu kemudian diikuti oleh tiupan kedua yang membangkitkan manusia dari kuburnya. Inilah hari Kiamat dalam arti yang sebenarnya.\n\nAyat-ayat permulaan pada Surah an-Nazi'at ini oleh jumhur mufasir dipahami sebagai sumpah-sumpah kepada para malaikat. Akan tetapi, ada mufasir lain, seperti Ahmad Musthafa al-Maragi, yang memahami sumpah ini bukan kepada para malaikat, tetapi kepada bintang-bintang yang beredar menurut aturan tertentu, seperti matahari, bulan, dan planet-planet yang lain. Dalam tafsir al-MarAgi, ayat-ayat ini dipahami sebagai bintang-bintang yang sigap dan cepat jalannya, cahaya-cahaya yang keluar dari bintang ke bintang, dan bintang-bintang yang jalannya cepat dari bintang-bintang yang lain.\n\nAdapun tentang pemahaman jawab qasam-nya sama dengan pendapat jumhur mufasir.",
          "4": "Pada ayat-ayat ini, Allah berfirman dalam bentuk sumpah terhadap beberapa malaikat yang mencabut nyawa manusia dengan keras dan juga kepada para malaikat yang mencabut nyawa manusia dengan lemah-lembut. Hal ini dalam rangka menegaskan adanya hari kebangkitan yang diingkari orang-orang musyrik. Ayat-ayat selanjutnya yang juga dalam bentuk kalimat-kalimat sumpah kepada para malaikat yang turun dari langit dengan cepat sambil membawa perintah Allah. Bahkan Allah bersumpah kepada para malaikat yang mendahului malaikat yang lain dengan kencang, serta para malaikat yang mengatur dunia.\n\nFirman-firman dalam bentuk sumpah ini banyak terdapat pada surah-surah Makkiyyah karena banyak orang-orang musyrik menolak dan mengingkari hari kebangkitan, seperti pada Surah as-saffat/37: 1-4:\n\nDemi (rombongan malaikat) yang berbaris bersaf-saf, demi (rombongan) yang mencegah dengan sungguh-sungguh, demi (rombongan) yang membacakan peringatan, sungguh, Tuhanmu benar-benar Esa. (as-saffat/37: 1-4)\n\nAdapun jawab qasam (isi dari sumpah) pada awal Surah an-Nazi'at ini terdapat dalam ayat 6, yaitu sungguh pada saat alam berguncang ketika tiupan sangkakala pertama, semuanya rusak dan hancur.\n\nTiupan sangkakala yang pertama itu kemudian diikuti oleh tiupan kedua yang membangkitkan manusia dari kuburnya. Inilah hari Kiamat dalam arti yang sebenarnya.\n\nAyat-ayat permulaan pada Surah an-Nazi'at ini oleh jumhur mufasir dipahami sebagai sumpah-sumpah kepada para malaikat. Akan tetapi, ada mufasir lain, seperti Ahmad Musthafa al-Maragi, yang memahami sumpah ini bukan kepada para malaikat, tetapi kepada bintang-bintang yang beredar menurut aturan tertentu, seperti matahari, bulan, dan planet-planet yang lain. Dalam tafsir al-MarAgi, ayat-ayat ini dipahami sebagai bintang-bintang yang sigap dan cepat jalannya, cahaya-cahaya yang keluar dari bintang ke bintang, dan bintang-bintang yang jalannya cepat dari bintang-bintang yang lain.\n\nAdapun tentang pemahaman jawab qasam-nya sama dengan pendapat jumhur mufasir.",
          "5": "Pada ayat-ayat ini, Allah berfirman dalam bentuk sumpah terhadap beberapa malaikat yang mencabut nyawa manusia dengan keras dan juga kepada para malaikat yang mencabut nyawa manusia dengan lemah-lembut. Hal ini dalam rangka menegaskan adanya hari kebangkitan yang diingkari orang-orang musyrik. Ayat-ayat selanjutnya yang juga dalam bentuk kalimat-kalimat sumpah kepada para malaikat yang turun dari langit dengan cepat sambil membawa perintah Allah. Bahkan Allah bersumpah kepada para malaikat yang mendahului malaikat yang lain dengan kencang, serta para malaikat yang mengatur dunia.\n\nFirman-firman dalam bentuk sumpah ini banyak terdapat pada surah-surah Makkiyyah karena banyak orang-orang musyrik menolak dan mengingkari hari kebangkitan, seperti pada Surah as-saffat/37: 1-4:\n\nDemi (rombongan malaikat) yang berbaris bersaf-saf, demi (rombongan) yang mencegah dengan sungguh-sungguh, demi (rombongan) yang membacakan peringatan, sungguh, Tuhanmu benar-benar Esa. (as-saffat/37: 1-4)\n\nAdapun jawab qasam (isi dari sumpah) pada awal Surah an-Nazi'at ini terdapat dalam ayat 6, yaitu sungguh pada saat alam berguncang ketika tiupan sangkakala pertama, semuanya rusak dan hancur.\n\nTiupan sangkakala yang pertama itu kemudian diikuti oleh tiupan kedua yang membangkitkan manusia dari kuburnya. Inilah hari Kiamat dalam arti yang sebenarnya.\n\nAyat-ayat permulaan pada Surah an-Nazi'at ini oleh jumhur mufasir dipahami sebagai sumpah-sumpah kepada para malaikat. Akan tetapi, ada mufasir lain, seperti Ahmad Musthafa al-Maragi, yang memahami sumpah ini bukan kepada para malaikat, tetapi kepada bintang-bintang yang beredar menurut aturan tertentu, seperti matahari, bulan, dan planet-planet yang lain. Dalam tafsir al-MarAgi, ayat-ayat ini dipahami sebagai bintang-bintang yang sigap dan cepat jalannya, cahaya-cahaya yang keluar dari bintang ke bintang, dan bintang-bintang yang jalannya cepat dari bintang-bintang yang lain.\n\nAdapun tentang pemahaman jawab qasam-nya sama dengan pendapat jumhur mufasir.",
          "6": "Pada ayat-ayat ini, Allah berfirman dalam bentuk sumpah terhadap beberapa malaikat yang mencabut nyawa manusia dengan keras dan juga kepada para malaikat yang mencabut nyawa manusia dengan lemah-lembut. Hal ini dalam rangka menegaskan adanya hari kebangkitan yang diingkari orang-orang musyrik. Ayat-ayat selanjutnya yang juga dalam bentuk kalimat-kalimat sumpah kepada para malaikat yang turun dari langit dengan cepat sambil membawa perintah Allah. Bahkan Allah bersumpah kepada para malaikat yang mendahului malaikat yang lain dengan kencang, serta para malaikat yang mengatur dunia.\n\nFirman-firman dalam bentuk sumpah ini banyak terdapat pada surah-surah Makkiyyah karena banyak orang-orang musyrik menolak dan mengingkari hari kebangkitan, seperti pada Surah as-saffat/37: 1-4:\n\nDemi (rombongan malaikat) yang berbaris bersaf-saf, demi (rombongan) yang mencegah dengan sungguh-sungguh, demi (rombongan) yang membacakan peringatan, sungguh, Tuhanmu benar-benar Esa. (as-saffat/37: 1-4)\n\nAdapun jawab qasam (isi dari sumpah) pada awal Surah an-Nazi'at ini terdapat dalam ayat 6, yaitu sungguh pada saat alam berguncang ketika tiupan sangkakala pertama, semuanya rusak dan hancur.\n\nTiupan sangkakala yang pertama itu kemudian diikuti oleh tiupan kedua yang membangkitkan manusia dari kuburnya. Inilah hari Kiamat dalam arti yang sebenarnya.\n\nAyat-ayat permulaan pada Surah an-Nazi'at ini oleh jumhur mufasir dipahami sebagai sumpah-sumpah kepada para malaikat. Akan tetapi, ada mufasir lain, seperti Ahmad Musthafa al-Maragi, yang memahami sumpah ini bukan kepada para malaikat, tetapi kepada bintang-bintang yang beredar menurut aturan tertentu, seperti matahari, bulan, dan planet-planet yang lain. Dalam tafsir al-MarAgi, ayat-ayat ini dipahami sebagai bintang-bintang yang sigap dan cepat jalannya, cahaya-cahaya yang keluar dari bintang ke bintang, dan bintang-bintang yang jalannya cepat dari bintang-bintang yang lain.\n\nAdapun tentang pemahaman jawab qasam-nya sama dengan pendapat jumhur mufasir.",
          "7": "Pada ayat-ayat ini, Allah berfirman dalam bentuk sumpah terhadap beberapa malaikat yang mencabut nyawa manusia dengan keras dan juga kepada para malaikat yang mencabut nyawa manusia dengan lemah-lembut. Hal ini dalam rangka menegaskan adanya hari kebangkitan yang diingkari orang-orang musyrik. Ayat-ayat selanjutnya yang juga dalam bentuk kalimat-kalimat sumpah kepada para malaikat yang turun dari langit dengan cepat sambil membawa perintah Allah. Bahkan Allah bersumpah kepada para malaikat yang mendahului malaikat yang lain dengan kencang, serta para malaikat yang mengatur dunia.\n\nFirman-firman dalam bentuk sumpah ini banyak terdapat pada surah-surah Makkiyyah karena banyak orang-orang musyrik menolak dan mengingkari hari kebangkitan, seperti pada Surah as-saffat/37: 1-4:\n\nDemi (rombongan malaikat) yang berbaris bersaf-saf, demi (rombongan) yang mencegah dengan sungguh-sungguh, demi (rombongan) yang membacakan peringatan, sungguh, Tuhanmu benar-benar Esa. (as-saffat/37: 1-4)\n\nAdapun jawab qasam (isi dari sumpah) pada awal Surah an-Nazi'at ini terdapat dalam ayat 6, yaitu sungguh pada saat alam berguncang ketika tiupan sangkakala pertama, semuanya rusak dan hancur.\n\nTiupan sangkakala yang pertama itu kemudian diikuti oleh tiupan kedua yang membangkitkan manusia dari kuburnya. Inilah hari Kiamat dalam arti yang sebenarnya.\n\nAyat-ayat permulaan pada Surah an-Nazi'at ini oleh jumhur mufasir dipahami sebagai sumpah-sumpah kepada para malaikat. Akan tetapi, ada mufasir lain, seperti Ahmad Musthafa al-Maragi, yang memahami sumpah ini bukan kepada para malaikat, tetapi kepada bintang-bintang yang beredar menurut aturan tertentu, seperti matahari, bulan, dan planet-planet yang lain. Dalam tafsir al-MarAgi, ayat-ayat ini dipahami sebagai bintang-bintang yang sigap dan cepat jalannya, cahaya-cahaya yang keluar dari bintang ke bintang, dan bintang-bintang yang jalannya cepat dari bintang-bintang yang lain.\n\nAdapun tentang pemahaman jawab qasam-nya sama dengan pendapat jumhur mufasir.",
          "8": "Pada ayat-ayat ini dijelaskan bahwa hati orang-orang kafir pada waktu itu sangat takut setelah mereka menyaksikan sendiri apa yang telah diberitahukan kepada mereka dahulu di dunia. Orang-orang kafir Mekah ketika di dunia bahkan telah diberitahu langsung oleh Nabi Muhammad. Pandangan mereka tertunduk lemas, selalu melihat ke bawah karena rasa takut dan gelisah yang sangat tinggi.\n\nPada ayat lain digambarkan keadaan orang-orang kafir pada hari Kiamat itu sebagai berikut:\n\nMereka datang tergesa-gesa (memenuhi panggilan) dengan mengangkat kepalanya, sedang mata mereka tidak berkedip-kedip dan hati mereka kosong. (Ibrahim/14: 43)",
          "9": "Pada ayat-ayat ini dijelaskan bahwa hati orang-orang kafir pada waktu itu sangat takut setelah mereka menyaksikan sendiri apa yang telah diberitahukan kepada mereka dahulu di dunia. Orang-orang kafir Mekah ketika di dunia bahkan telah diberitahu langsung oleh Nabi Muhammad. Pandangan mereka tertunduk lemas, selalu melihat ke bawah karena rasa takut dan gelisah yang sangat tinggi.\n\nPada ayat lain digambarkan keadaan orang-orang kafir pada hari Kiamat itu sebagai berikut:\n\nMereka datang tergesa-gesa (memenuhi panggilan) dengan mengangkat kepalanya, sedang mata mereka tidak berkedip-kedip dan hati mereka kosong. (Ibrahim/14: 43)",
          "10": "Pada ayat ini kemudian dijelaskan bahwa orang-orang kafir yang mengingkari hari kebangkitan bertanya dengan nada penyesalan, \"Apakah kami betul-betul dikembalikan seperti kehidupan semula?\" Hal ini juga pernah mereka tanyakan, sebagaimana terdapat dalam firman Allah:\n\nMereka berkata, \"Apakah betul, apabila kami telah mati dan telah menjadi tanah dan tulang belulang, kami benar-benar akan dibangkitkan kembali? (al-Mu'minun/23: 82)\n\nPada hari Kiamat pun mereka masih bertanya, \"Apakah kami akan dibangkitkan juga apabila telah menjadi tulang-belulang yang hancur dan bersatu dengan tanah?\" padahal ketika di dunia sudah dijelaskan dalam firman Allah:\n\nDia berkata, \"Siapakah yang dapat menghidupkan tulang-belulang yang telah hancur luluh?\" Katakanlah (Muhammad), \"Yang akan menghidupkannya ialah (Allah) yang menciptakannya pertama kali. Dan Dia Maha Mengetahui tentang segala makhluk. (Yasin/36: 78-79)",
          "11": "Pada ayat ini kemudian dijelaskan bahwa orang-orang kafir yang mengingkari hari kebangkitan bertanya dengan nada penyesalan, \"Apakah kami betul-betul dikembalikan seperti kehidupan semula?\" Hal ini juga pernah mereka tanyakan, sebagaimana terdapat dalam firman Allah:\n\nMereka berkata, \"Apakah betul, apabila kami telah mati dan telah menjadi tanah dan tulang belulang, kami benar-benar akan dibangkitkan kembali? (al-Mu'minun/23: 82)\n\nPada hari Kiamat pun mereka masih bertanya, \"Apakah kami akan dibangkitkan juga apabila telah menjadi tulang-belulang yang hancur dan bersatu dengan tanah?\" padahal ketika di dunia sudah dijelaskan dalam firman Allah:\n\nDia berkata, \"Siapakah yang dapat menghidupkan tulang-belulang yang telah hancur luluh?\" Katakanlah (Muhammad), \"Yang akan menghidupkannya ialah (Allah) yang menciptakannya pertama kali. Dan Dia Maha Mengetahui tentang segala makhluk. (Yasin/36: 78-79)",
          "12": "Dalam ayat ini akhirnya mereka berkata juga, \"Kalau demikian, sungguh kami akan mengalami pengembalian yang sangat merugikan.\" Allah menjawab ejekan dan penyesalan mereka itu dengan menjelaskan bahwa pengembalian itu cukup sederhana saja, yaitu dapat terjadi hanya dengan satu kali tiupan saja oleh Malaikat Israfil.\n\nAkhirnya mereka menyadari bahwa manusia tidak dapat memandang peristiwa hari kebangkitan itu sebagai mustahil. Sebab, dengan itu mereka dapat serta merta akan hidup kembali di permukaan bumi sebagai permulaan hari akhirat.",
          "13": "Dalam ayat ini akhirnya mereka berkata juga, \"Kalau demikian, sungguh kami akan mengalami pengembalian yang sangat merugikan.\" Allah menjawab ejekan dan penyesalan mereka itu dengan menjelaskan bahwa pengembalian itu cukup sederhana saja, yaitu dapat terjadi hanya dengan satu kali tiupan saja oleh Malaikat Israfil.\n\nAkhirnya mereka menyadari bahwa manusia tidak dapat memandang peristiwa hari kebangkitan itu sebagai mustahil. Sebab, dengan itu mereka dapat serta merta akan hidup kembali di permukaan bumi sebagai permulaan hari akhirat.",
          "14": "Dalam ayat ini akhirnya mereka berkata juga, \"Kalau demikian, sungguh kami akan mengalami pengembalian yang sangat merugikan.\" Allah menjawab ejekan dan penyesalan mereka itu dengan menjelaskan bahwa pengembalian itu cukup sederhana saja, yaitu dapat terjadi hanya dengan satu kali tiupan saja oleh Malaikat Israfil.\n\nAkhirnya mereka menyadari bahwa manusia tidak dapat memandang peristiwa hari kebangkitan itu sebagai mustahil. Sebab, dengan itu mereka dapat serta merta akan hidup kembali di permukaan bumi sebagai permulaan hari akhirat.",
          "15": "Dalam ayat ini, Allah mengingatkan Nabi Muhammad tentang kisah Musa dalam bentuk pertanyaan, yaitu apakah belum diketahui olehnya tentang kisah Musa yang diutus Allah kepada Fir'aun untuk menyampaikan risalahnya dengan cara yang halus dan lemah lembut seperti tercantum dalam firman Allah:\n\nMaka berbicaralah kamu berdua kepadanya (Fir'aun) dengan kata-kata yang lemah lembut, mudah-mudahan dia sadar atau takut. (thaha/20: 44)\n\nKisah Nabi Musa terutama tatkala Tuhan memanggil Musa di lembah suci yaitu di Lembah thuwa di dekat Gunung Sinai. Pada saat itu, Nabi Musa bermunajat kepada Allah sebagaimana dijelaskan dalam ayat berikut ini.",
          "16": "Dalam ayat ini, Allah mengingatkan Nabi Muhammad tentang kisah Musa dalam bentuk pertanyaan, yaitu apakah belum diketahui olehnya tentang kisah Musa yang diutus Allah kepada Fir'aun untuk menyampaikan risalahnya dengan cara yang halus dan lemah lembut seperti tercantum dalam firman Allah:\n\nMaka berbicaralah kamu berdua kepadanya (Fir'aun) dengan kata-kata yang lemah lembut, mudah-mudahan dia sadar atau takut. (thaha/20: 44)\n\nKisah Nabi Musa terutama tatkala Tuhan memanggil Musa di lembah suci yaitu di Lembah thuwa di dekat Gunung Sinai. Pada saat itu, Nabi Musa bermunajat kepada Allah sebagaimana dijelaskan dalam ayat berikut ini.",
          "17": "Tugas Nabi Musa ialah supaya pergi kepada Fir'aun dan menasihatinya karena Fir'aun sudah melampaui batas, berlaku sombong terhadap Bani Israil dan memperbudak mereka dengan kekejaman yang luar biasa dan di luar peri kemanusiaan. Di antaranya adalah perintah untuk membunuh bayi-bayi laki-laki dan membiarkan bayi perempuan hidup. Kemudian Allah menyuruh Nabi Musa supaya melaksanakan dakwah dengan halus dan lemah lembut.\n\nNabi Musa diperintahkan untuk berdialog secara baik-baik dengan Fir'aun dan mengemukakan pertanyaan apakah Fir'aun mau membersihkan diri dari kesesatan. Fir'aun telah bergelimang dalam kesesatan, sehingga sebaiknya mau menerima petunjuk dari Allah yang dibawa Nabi Musa. Fir'aun perlu menempuh jalan kebajikan yaitu menjauhkan diri dari perbuatan-perbuatan jahat.\n\nKemudian Nabi Musa diperintahkan untuk menjelaskan secara terbuka dengan mengajak Fir'aun untuk mengikuti risalahnya menuju ke jalan Allah dengan bertakwa kepada-Nya.",
          "18": "Tugas Nabi Musa ialah supaya pergi kepada Fir'aun dan menasihatinya karena Fir'aun sudah melampaui batas, berlaku sombong terhadap Bani Israil dan memperbudak mereka dengan kekejaman yang luar biasa dan di luar peri kemanusiaan. Di antaranya adalah perintah untuk membunuh bayi-bayi laki-laki dan membiarkan bayi perempuan hidup. Kemudian Allah menyuruh Nabi Musa supaya melaksanakan dakwah dengan halus dan lemah lembut.\n\nNabi Musa diperintahkan untuk berdialog secara baik-baik dengan Fir'aun dan mengemukakan pertanyaan apakah Fir'aun mau membersihkan diri dari kesesatan. Fir'aun telah bergelimang dalam kesesatan, sehingga sebaiknya mau menerima petunjuk dari Allah yang dibawa Nabi Musa. Fir'aun perlu menempuh jalan kebajikan yaitu menjauhkan diri dari perbuatan-perbuatan jahat.\n\nKemudian Nabi Musa diperintahkan untuk menjelaskan secara terbuka dengan mengajak Fir'aun untuk mengikuti risalahnya menuju ke jalan Allah dengan bertakwa kepada-Nya.",
          "19": "Tugas Nabi Musa ialah supaya pergi kepada Fir'aun dan menasihatinya karena Fir'aun sudah melampaui batas, berlaku sombong terhadap Bani Israil dan memperbudak mereka dengan kekejaman yang luar biasa dan di luar peri kemanusiaan. Di antaranya adalah perintah untuk membunuh bayi-bayi laki-laki dan membiarkan bayi perempuan hidup. Kemudian Allah menyuruh Nabi Musa supaya melaksanakan dakwah dengan halus dan lemah lembut.\n\nNabi Musa diperintahkan untuk berdialog secara baik-baik dengan Fir'aun dan mengemukakan pertanyaan apakah Fir'aun mau membersihkan diri dari kesesatan. Fir'aun telah bergelimang dalam kesesatan, sehingga sebaiknya mau menerima petunjuk dari Allah yang dibawa Nabi Musa. Fir'aun perlu menempuh jalan kebajikan yaitu menjauhkan diri dari perbuatan-perbuatan jahat.\n\nKemudian Nabi Musa diperintahkan untuk menjelaskan secara terbuka dengan mengajak Fir'aun untuk mengikuti risalahnya menuju ke jalan Allah dengan bertakwa kepada-Nya.",
          "20": "Kemudian Allah menerangkan bahwa Fir'aun tetap membangkang dan tidak mau mengikuti ajakan Nabi Musa sehingga Musa terpaksa memperlihatkan mukjizat-mukjizatnya. Lalu Musa memperlihatkan kepada Fir'aun mukjizat yang besar yaitu tongkat menjadi ular dan telapak tangan yang bersinar terang. Meskipun begitu, Fir'aun masih mengingkari kenabian Musa dan tetap bersikap durhaka dan menentang Allah. Kemudian Fir'aun berpaling dan berusaha untuk mengadakan perlawanan kepada Musa.",
          "21": "Kemudian Allah menerangkan bahwa Fir'aun tetap membangkang dan tidak mau mengikuti ajakan Nabi Musa sehingga Musa terpaksa memperlihatkan mukjizat-mukjizatnya. Lalu Musa memperlihatkan kepada Fir'aun mukjizat yang besar yaitu tongkat menjadi ular dan telapak tangan yang bersinar terang. Meskipun begitu, Fir'aun masih mengingkari kenabian Musa dan tetap bersikap durhaka dan menentang Allah. Kemudian Fir'aun berpaling dan berusaha untuk mengadakan perlawanan kepada Musa.",
          "22": "Kemudian Allah menerangkan bahwa Fir'aun tetap membangkang dan tidak mau mengikuti ajakan Nabi Musa sehingga Musa terpaksa memperlihatkan mukjizat-mukjizatnya. Lalu Musa memperlihatkan kepada Fir'aun mukjizat yang besar yaitu tongkat menjadi ular dan telapak tangan yang bersinar terang. Meskipun begitu, Fir'aun masih mengingkari kenabian Musa dan tetap bersikap durhaka dan menentang Allah. Kemudian Fir'aun berpaling dan berusaha untuk mengadakan perlawanan kepada Musa.",
          "23": "Pada ayat-ayat ini, Allah menerangkan bahwa Fir'aun mengumpulkan pembesar-pembesarnya dan berseru memanggil kaumnya yang sebagiannya terdiri dari para tukang sihir. Dengan penuh kesombongan, Fir'aun berkata, \"Akulah tuhan kamu yang paling tinggi. Jangan ikuti ajakan Musa.\"",
          "24": "Pada ayat-ayat ini, Allah menerangkan bahwa Fir'aun mengumpulkan pembesar-pembesarnya dan berseru memanggil kaumnya yang sebagiannya terdiri dari para tukang sihir. Dengan penuh kesombongan, Fir'aun berkata, \"Akulah tuhan kamu yang paling tinggi. Jangan ikuti ajakan Musa.\"",
          "25": "Maka Allah menurunkan siksa kepadanya, bukan di dunia saja bahkan juga di akhirat. Siksaan di dunia ialah dengan ditenggelamkan bersama kaumnya di Laut Merah, dan siksaan di akhirat dengan dijerumuskan ke dalam neraka Jahanam, yang merupakan tempat kembali yang sangat buruk.",
          "26": "Pada ayat ini dijelaskan sesungguhnya pada kejadian yang demikian itu terdapat pelajaran bagi orang-orang yang mempunyai akal dan dapat memperhitungkan tiap-tiap kejadian dengan akibatnya, terutama bagi orang yang takut kepada Allah.",
          "27": "Ayat ini menghimbau manusia untuk menggunakan akalnya untuk membandingkan penciptaan dirinya yang kecil dan lemah dengan penciptaan alam semesta yang demikian luas dan kokoh. Hal itu menunjukkan kekuasaan Allah. Ibnu Khaldun menggambarkan keadaan manusia yang terlalu mengagungkan kemampuan logika tanpa mengasah kalbunya dengan mengatakan, \"Bagaimana manusia dengan otaknya yang hanya sebesar timbangan emas mau digunakan untuk menimbang alam semesta?\"",
          "28": "Pada ayat ini dijelaskan bahwa Allah meninggikan langit, meluaskan, dan melengkapinya dengan benda-benda angkasa, seperti planet dan lainnya. Allah lalu menetapkan ketentuan-ketentuan yang mengatur benda-benda angkasa itu, sehingga tetap di tempatnya dan tidak berjatuhan, seakan-akan menjadi perhiasan seluruh jagatnya. Menciptakan dan mengatur alam raya (makrokosmos) ini jauh lebih rumit dan kompleks daripada menciptakan manusia yang hanya disebut mikrokosmos.\n\nKajian saintifik modern saat ini menyatakan bahwa jagad-raya seisinya ini diawali pembentukannya dari adanya singularity. Singularity adalah sesuatu dimana calon/bakal ruang, energi, materi dan waktu masih terkumpul menjadi satu (manunggal). Dentuman Besar (Big Bang) meledakkan singularity ini dan berkembanglah bak seperti spiral-kerucut yang terus menerus berekspansi melebar dan melebar terus. Sejak Big Bang itulah, waktu mulai memisahkan diri dari ruang, begitu pula energi, materi dan gaya-gaya memisahkan diri, dan selama bermiliar-miliar tahun terbentuklah seluruh jagad-raya yang berisi miliaran galaksi. Ruang dan waktu terus mengalami ekspansi meluas. Inilah yang disebut dengan \"meninggikan bangunannya (langitnya)\". Bahiruddin S. Mahmud menjelaskan bahwa ekspansi jagad raya bukannya tak terbatas, bukannya terus menerus. Laju ekspansi atau perkembangan ini berangsur-angsur menurun, karena gaya gravitasi antar galaksi (yang mereka sesamanya terus saling menjauh) mulai mengendur, sehingga suatu saat akan berhentilah ekspansi jagad raya itu, maka sempurnalah bangunan itu.",
          "29": "Pada ayat ini dijelaskan bahwa Allah telah menjadikan malam gelap gulita dan siang terang benderang, dan pergantian siang dan malam, serta perbedaan musim-musim sebagai akibat dari peredaran planet-planet di sekitar orbitnya. Mengatur dan memelihara peredaran planet-planet ini sungguh pekerjaan yang luar biasa hebatnya.",
          "30": "Juga diterangkan bahwa Allah menjadikan bumi terhampar, sehingga makhluk Allah mudah melaksanakan kehidupan di sana. Ayat ini menunjukkan bahwa Allah menciptakan bumi lebih dahulu, kemudian menciptakan langit, kemudian kembali lagi ke bumi dan menghamparkannya untuk kediaman manusia. Setelah menyiapkan tempat-tempat tinggal, maka Allah menyediakan segala sesuatu yang diperlukan manusia yaitu tentang makanan dan minuman, sebagaimana dijelaskan dalam ayat berikutnya.",
          "31": "Pada ayat ini dijelaskan bahwa Allah memancarkan dari perut bumi sumber-sumber mata air dan sungai-sungai dan menumbuhkan tumbuh-tumbuhannya, baik untuk dimakan manusia maupun binatang ternak.",
          "32": "Pada ayat ini juga dijelaskan bahwa Allah memancangkan gunung-gunung dengan cara yang teguh sekali laksana tonggak sehingga menjadikan bumi stabil tidak goyah. Allah menerangkan hikmahnya pada ayat berikut ini.",
          "33": "Semuanya itu untuk kesenangan manusia dan hewan-hewan ternaknya. Dengan demikian, manusia dan hewan-hewan itu dapat hidup dengan tenang dan mencari rezeki dengan melakukan berbagai kegiatan.\n\nHal ini juga dijelaskan dalam firman Allah yang lain:\n\nDialah yang telah menurunkan air (hujan) dari langit untuk kamu, sebagiannya menjadi minuman dan sebagiannya (menyuburkan) tumbuhan, padanya kamu menggembalakan ternakmu. (an-Nahl/16: 10)\n\nSetelah mempelajari kandungan ayat-ayat tersebut yang ditujukan untuk meyakinkan tentang adanya hari kebangkitan, maka sepatutnya menjadi bahan renungan bahwa Tuhan yang telah menciptakan manusia dan menciptakan apa-apa yang diperlukan untuk kehidupannya, yang telah mengangkat langit di atas dan menghamparkan bumi di bawah, tidakkah berkuasa untuk membangkitkan manusia kembali pada hari Kiamat? Pantaskah Allah membiarkan manusia melakukan perbuatan yang sia-sia setelah menyiapkan sarana bagi mereka dan menghimpun kebaikan-kebaikan yang melimpah ruah itu untuk mereka?",
          "34": "Dalam ayat ini dijelaskan bahwa apabila malapetaka yang sangat besar yaitu hari Kiamat telah datang yang menyebabkan rambut pemuda bisa beruban dan neraka dapat dilihat, maka setiap orang akan melupakan malapetaka-malapetaka lain yang pernah dialaminya. Allah akan memisahkan antara orang-orang yang taat serta bertakwa, yang mana akan dimasukkan ke dalam surga, dengan orang-orang yang membangkang dan durhaka, yang mana akan dimasukkan ke dalam neraka.",
          "35": "Pada hari Kiamat, manusia akan teringat kepada apa yang telah dikerjakannya ketika hidup di dunia, karena amal-amalnya tercatat dalam sebuah kitab yang lengkap berisi rekaman-rekaman dari ucapan dan perbuatannya sejak mulai balig sampai mati.",
          "36": "Pada hari Kiamat, manusia akan teringat kepada apa yang telah dikerjakannya ketika hidup di dunia, karena amal-amalnya tercatat dalam sebuah kitab yang lengkap berisi rekaman-rekaman dari ucapan dan perbuatannya sejak mulai balig sampai mati.",
          "37": "Adapun orang-orang yang sombong dan melampaui batas, lebih mengutamakan kelezatan kehidupan dunia dari pahala di akhirat. Maka sesungguhnya neraka Jahimlah tempat kediamannya.",
          "38": "Adapun orang-orang yang sombong dan melampaui batas, lebih mengutamakan kelezatan kehidupan dunia dari pahala di akhirat. Maka sesungguhnya neraka Jahimlah tempat kediamannya.",
          "39": "Adapun orang-orang yang sombong dan melampaui batas, lebih mengutamakan kelezatan kehidupan dunia dari pahala di akhirat. Maka sesungguhnya neraka Jahimlah tempat kediamannya.",
          "40": "Sebaliknya ditegaskan pula bahwa orang-orang yang takut dan mengadakan persiapan karena memandang kebesaran Tuhannya serta menahan diri dari ajakan hawa nafsunya, maka sesungguhnya surgalah tempat kediamannya yang kekal dan abadi. Alangkah beruntung mereka memperoleh bagian seperti itu.",
          "41": "Sebaliknya ditegaskan pula bahwa orang-orang yang takut dan mengadakan persiapan karena memandang kebesaran Tuhannya serta menahan diri dari ajakan hawa nafsunya, maka sesungguhnya surgalah tempat kediamannya yang kekal dan abadi. Alangkah beruntung mereka memperoleh bagian seperti itu.",
          "42": "Orang-orang musyrik bertanya kepada Nabi tentang kapan waktunya hari Kiamat itu datang. Mereka menanyakan hal itu dengan nada mengejek dan mencemooh. Nabi sendiri ingin sekali menjawab pertanyaan mereka dengan tepat, akan tetapi Allah melarangnya karena hanya Dia sendirilah yang mengetahui kapan hari Kiamat itu akan terjadi.",
          "43": "Dalam ayat ini, Allah menanyakan apakah Nabi Muhammad akan menyebutkan waktu Kiamat itu? Padahal tugasnya hanya sekadar memberi peringatan sehingga tidak ada kewenangan untuk menyebutkan tentang kedatangan hari kebangkitan. Waktu datangnya hari Kiamat tetap merupakan rahasia Allah. Nabi sendiri tidak mengetahui tentang waktu kedatangannya, sebagaimana difirmankan Allah dalam Al-Qur'an:\n\nKewajibanmu tidak lain hanyalah menyampaikan (risalah). (asy-Syura/42: 48)\n\nDalam sebuah hadis yang diriwayatkan oleh 'Umar bin al-Khaththab, ketika Nabi ditanya tentang kapan datangnya hari Kiamat, beliau menjawab:\n\nOrang yang ditanya tidaklah lebih mengetahui daripada orang yang bertanya. (Riwayat Muslim dari 'Umar bin al-Khaththab)\n\nAllah tetap merahasiakan waktu datangnya hari Kiamat mempunyai hikmah yang besar, yaitu supaya manusia selalu mempersiapkan diri setiap saat dengan banyak-banyak berbuat kebaikan dan selalu menghindari perbuatan jahat.",
          "44": "Dalam ayat ini diterangkan bahwa hanya Allah saja yang mengetahui kapan ketentuan waktunya. Tidak ada yang mengetahui kapan ketentuan waktunya, dan kapan akan terjadinya kiamat kecuali Allah sendiri. Firman Allah:\n\nMereka menanyakan kepadamu (Muhammad) tentang Kiamat, \"Kapan terjadi?\" Katakanlah, \"Sesungguhnya pengetahuan tentang Kiamat itu ada pada Tuhanku; tidak ada (seorang pun) yang dapat menjelaskan waktu terjadinya selain Dia. (Kiamat) itu sangat berat (huru-haranya bagi makhluk) yang di langit dan di bumi, tidak akan datang kepadamu kecuali secara tiba-tiba.\" Mereka bertanya kepadamu seakan-akan engkau mengetahuinya. Katakanlah (Muhammad), \"Sesungguhnya pengetahuan tentang (hari Kiamat) ada pada Allah, tetapi kebanyakan manusia tidak mengetahui.\" (al-A'raf/7: 187)",
          "45": "Dalam ayat ini diterangkan bahwa Nabi Muhammad hanya ditugaskan untuk memberi peringatan kepada orang yang takut kepada hari kebangkitan. Mereka diminta untuk mempersiapkan diri dengan beramal kebaikan dan menghindari kejahatan.",
          "46": "Pada hari menyaksikan hari kebangkitan dan merasakan huru-haranya, mereka merasa seolah-olah tinggal di dunia hanya sementara saja, seperti sepenggal pagi atau sepenggal sore pada masa-masa yang lalu itu. Kehidupan manusia di dunia ini memang hanya sebentar saja, sebagaimana firman Allah:\n\nPada hari mereka melihat azab yang dijanjikan, mereka merasa seolah-olah mereka tinggal (di dunia) hanya sesaat saja pada siang hari. (al-Ahqaf/46: 35)"
        }
      }
    }
  }
}