{
  "name": "Al-Buruj",
  "name_translations": {
    "ar": "البروج",
    "en": "The Constellations",
    "id": "Gugusan Bintang"
  },
  "number_of_ayah": 22,
  "number_of_surah": 85,
  "place": "Mecca",
  "recitations": [{
    "name": "Mishari Rashid al-`Afasy",
    "audio_url": "https://download.quranicaudio.com/quran/mishaari_raashid_al_3afaasee/085.mp3"
  }, {
    "name": "Abdur-Rahman as-Sudais",
    "audio_url": "https://download.quranicaudio.com/quran/abdurrahmaan_as-sudays/085.mp3"
  }, {
    "name": "Saad al-Ghamdi",
    "audio_url": "https://download.quranicaudio.com/quran/sa3d_al-ghaamidi/complete/085.mp3"
  }],
  "type": "Makkiyah",
  "verses": [{
    "number": 1,
    "text": "بِسْمِ ٱللَّهِ ٱلرَّحْمَٰنِ ٱلرَّحِيمِ وَٱلسَّمَآءِ ذَاتِ ٱلْبُرُوجِ",
    "translation_en": "By the sky containing great stars",
    "translation_id": "Demi langit yang mempunyai gugusan bintang,"
  }, {
    "number": 2,
    "text": "وَٱلْيَوْمِ ٱلْمَوْعُودِ",
    "translation_en": "And [by] the promised Day",
    "translation_id": "dan hari yang dijanjikan,"
  }, {
    "number": 3,
    "text": "وَشَاهِدٍ وَمَشْهُودٍ",
    "translation_en": "And [by] the witness and what is witnessed,",
    "translation_id": "dan yang menyaksikan dan yang disaksikan."
  }, {
    "number": 4,
    "text": "قُتِلَ أَصْحَٰبُ ٱلْأُخْدُودِ",
    "translation_en": "Cursed were the companions of the trench",
    "translation_id": "Binasa dan terlaknatlah orang-orang yang membuat parit,"
  }, {
    "number": 5,
    "text": "ٱلنَّارِ ذَاتِ ٱلْوَقُودِ",
    "translation_en": "[Containing] the fire full of fuel,",
    "translation_id": "yang berapi (dinyalakan dengan) kayu bakar,"
  }, {
    "number": 6,
    "text": "إِذْ هُمْ عَلَيْهَا قُعُودٌ",
    "translation_en": "When they were sitting near it",
    "translation_id": "ketika mereka duduk di sekitarnya,"
  }, {
    "number": 7,
    "text": "وَهُمْ عَلَىٰ مَا يَفْعَلُونَ بِٱلْمُؤْمِنِينَ شُهُودٌ",
    "translation_en": "And they, to what they were doing against the believers, were witnesses.",
    "translation_id": "sedang mereka menyaksikan apa yang mereka perbuat terhadap orang-orang yang beriman."
  }, {
    "number": 8,
    "text": "وَمَا نَقَمُوا۟ مِنْهُمْ إِلَّآ أَن يُؤْمِنُوا۟ بِٱللَّهِ ٱلْعَزِيزِ ٱلْحَمِيدِ",
    "translation_en": "And they resented them not except because they believed in Allah, the Exalted in Might, the Praiseworthy,",
    "translation_id": "Dan mereka tidak menyiksa orang-orang mukmin itu melainkan karena orang-orang mukmin itu beriman kepada Allah Yang Maha Perkasa lagi Maha Terpuji,"
  }, {
    "number": 9,
    "text": "ٱلَّذِى لَهُۥ مُلْكُ ٱلسَّمَٰوَٰتِ وَٱلْأَرْضِ وَٱللَّهُ عَلَىٰ كُلِّ شَىْءٍ شَهِيدٌ",
    "translation_en": "To whom belongs the dominion of the heavens and the earth. And Allah, over all things, is Witness.",
    "translation_id": "Yang mempunyai kerajaan langit dan bumi; dan Allah Maha Menyaksikan segala sesuatu."
  }, {
    "number": 10,
    "text": "إِنَّ ٱلَّذِينَ فَتَنُوا۟ ٱلْمُؤْمِنِينَ وَٱلْمُؤْمِنَٰتِ ثُمَّ لَمْ يَتُوبُوا۟ فَلَهُمْ عَذَابُ جَهَنَّمَ وَلَهُمْ عَذَابُ ٱلْحَرِيقِ",
    "translation_en": "Indeed, those who have tortured the believing men and believing women and then have not repented will have the punishment of Hell, and they will have the punishment of the Burning Fire.",
    "translation_id": "Sesungguhnya orang-orang yang mendatangkan cobaan kepada orang-orang yang mukmin laki-laki dan perempuan kemudian mereka tidak bertaubat, maka bagi mereka azab Jahannam dan bagi mereka azab (neraka) yang membakar."
  }, {
    "number": 11,
    "text": "إِنَّ ٱلَّذِينَ ءَامَنُوا۟ وَعَمِلُوا۟ ٱلصَّٰلِحَٰتِ لَهُمْ جَنَّٰتٌ تَجْرِى مِن تَحْتِهَا ٱلْأَنْهَٰرُ ذَٰلِكَ ٱلْفَوْزُ ٱلْكَبِيرُ",
    "translation_en": "Indeed, those who have believed and done righteous deeds will have gardens beneath which rivers flow. That is the great attainment.",
    "translation_id": "Sesungguhnya orang-orang yang beriman dan mengerjakan amal-amal yang saleh bagi mereka surga yang mengalir di bawahnya sungai-sungai; itulah keberuntungan yang besar."
  }, {
    "number": 12,
    "text": "إِنَّ بَطْشَ رَبِّكَ لَشَدِيدٌ",
    "translation_en": "Indeed, the vengeance of your Lord is severe.",
    "translation_id": "Sesungguhnya azab Tuhanmu benar-benar keras."
  }, {
    "number": 13,
    "text": "إِنَّهُۥ هُوَ يُبْدِئُ وَيُعِيدُ",
    "translation_en": "Indeed, it is He who originates [creation] and repeats.",
    "translation_id": "Sesungguhnya Dialah Yang menciptakan (makhluk) dari permulaan dan menghidupkannya (kembali)."
  }, {
    "number": 14,
    "text": "وَهُوَ ٱلْغَفُورُ ٱلْوَدُودُ",
    "translation_en": "And He is the Forgiving, the Affectionate,",
    "translation_id": "Dialah Yang Maha Pengampun lagi Maha Pengasih,"
  }, {
    "number": 15,
    "text": "ذُو ٱلْعَرْشِ ٱلْمَجِيدُ",
    "translation_en": "Honorable Owner of the Throne,",
    "translation_id": "yang mempunyai 'Arsy, lagi Maha Mulia,"
  }, {
    "number": 16,
    "text": "فَعَّالٌ لِّمَا يُرِيدُ",
    "translation_en": "Effecter of what He intends.",
    "translation_id": "Maha Kuasa berbuat apa yang dikehendaki-Nya."
  }, {
    "number": 17,
    "text": "هَلْ أَتَىٰكَ حَدِيثُ ٱلْجُنُودِ",
    "translation_en": "Has there reached you the story of the soldiers -",
    "translation_id": "Sudahkah datang kepadamu berita kaum-kaum penentang,"
  }, {
    "number": 18,
    "text": "فِرْعَوْنَ وَثَمُودَ",
    "translation_en": "[Those of] Pharaoh and Thamud?",
    "translation_id": "(yaitu kaum) Fir'aun dan (kaum) Tsamud?"
  }, {
    "number": 19,
    "text": "بَلِ ٱلَّذِينَ كَفَرُوا۟ فِى تَكْذِيبٍ",
    "translation_en": "But they who disbelieve are in [persistent] denial,",
    "translation_id": "Sesungguhnya orang-orang kafir selalu mendustakan,"
  }, {
    "number": 20,
    "text": "وَٱللَّهُ مِن وَرَآئِهِم مُّحِيطٌۢ",
    "translation_en": "While Allah encompasses them from behind.",
    "translation_id": "padahal Allah mengepung mereka dari belakang mereka."
  }, {
    "number": 21,
    "text": "بَلْ هُوَ قُرْءَانٌ مَّجِيدٌ",
    "translation_en": "But this is an honored Qur'an",
    "translation_id": "Bahkan yang didustakan mereka itu ialah Al Quran yang mulia,"
  }, {
    "number": 22,
    "text": "فِى لَوْحٍ مَّحْفُوظٍۭ",
    "translation_en": "[Inscribed] in a Preserved Slate.",
    "translation_id": "yang (tersimpan) dalam Lauh Mahfuzh."
  }],
  "tafsir": {
    "id": {
      "kemenag": {
        "name": "Kemenag",
        "source": "Aplikasi Quran Kementrian Agama Republik Indonesia",
        "text": {
          "1": "Dalam ayat ini, Allah bersumpah dengan langit yang mempunyai gugusan bintang-bintang yang luar biasa besarnya dan tak terhitung jumlah bintang di dalamnya. Sebagian sangat jauh jaraknya dari bumi sehingga cahayanya dalam perhitungan biasa baru sampai kepada kita setelah ribuan tahun lamanya, bahkan ada pula yang setelah miliaran tahun.\n\nAllah bersumpah dengan gugusan bintang karena mempunyai keajaiban yang luar biasa dan mengandung hikmah yang besar dan banyak serta sangat berguna bagi manusia dalam kehidupannya.\n\nBerbagai keajaiban dan hikmah itu menunjukkan kepada kita tentang kebesaran penciptanya yang Mahakuasa dan Mahatinggi ilmu-Nya serta Mahabijaksana.",
          "2": "Dalam ayat kedua, Allah bersumpah dengan hari yang dijanjikan-Nya, yaitu hari Kiamat, serta hari kepastian dan pembalasan. Ketika itu, hanya kekuasaan dan hukum Allah-lah yang berlaku.",
          "3": "Dalam ayat yang ketiga, Allah bersumpah dengan alam semesta ini yang dapat memalingkan perhatian. Ringkasnya, Allah bersumpah dengan alam semesta agar dapat memalingkan manusia memikirkan kebesaran dan keagungan-Nya, agar mereka dapat mengambil manfaat dari apa yang dapat mereka lihat itu dan agar mereka mencurahkan perhatiannya untuk dapat memperoleh hakikat dan rahasia alam yang masih tersembunyi.",
          "4": "Dalam ayat-ayat ini diterangkan bahwa Allah telah membinasakan Najran, sebuah kota di Yaman, karena penduduknya telah menyiksa dan membunuh para pengikut Nabi Isa (orang-orang Nasrani) yang meninggalkan agama pembesar-pembesar negeri itu, yaitu agama Yahudi dan memeluk agama yang dibawa oleh Nabi Isa dengan memasukkan mereka ke dalam parit-parit yang telah mereka gali dan diberi api yang menyala-nyala. Orang-orang kafir negeri itu duduk di sekitar parit-parit itu menyaksikan siksaan yang tidak berperikemanusia-an itu.\n\nSiksaan itu sebenarnya tidak patut mereka lakukan sebab orang-orang itu tidak mempunyai kesalahan yang besar. Mereka menyiksa hanya karena orang-orang mukmin itu beriman kepada Allah Yang Mahaperkasa lagi Maha Terpuji, yang mempunyai kerajaan langit dan bumi serta berkuasa atas semua yang ada pada keduanya. Sungguh tidak ada jalan bagi orang yang zalim itu untuk lari dari kekuasaan-Nya.\n\nBagi orang-orang mukmin siksaan dan pembunuhan ini hanyalah merupakan cobaan dan ujian yang akan membawa mereka kepada kebahagiaan abadi apabila mereka tetap sabar dengan tetap beriman kepada Allah.",
          "5": "Dalam ayat-ayat ini diterangkan bahwa Allah telah membinasakan Najran, sebuah kota di Yaman, karena penduduknya telah menyiksa dan membunuh para pengikut Nabi Isa (orang-orang Nasrani) yang meninggalkan agama pembesar-pembesar negeri itu, yaitu agama Yahudi dan memeluk agama yang dibawa oleh Nabi Isa dengan memasukkan mereka ke dalam parit-parit yang telah mereka gali dan diberi api yang menyala-nyala. Orang-orang kafir negeri itu duduk di sekitar parit-parit itu menyaksikan siksaan yang tidak berperikemanusia-an itu.\n\nSiksaan itu sebenarnya tidak patut mereka lakukan sebab orang-orang itu tidak mempunyai kesalahan yang besar. Mereka menyiksa hanya karena orang-orang mukmin itu beriman kepada Allah Yang Mahaperkasa lagi Maha Terpuji, yang mempunyai kerajaan langit dan bumi serta berkuasa atas semua yang ada pada keduanya. Sungguh tidak ada jalan bagi orang yang zalim itu untuk lari dari kekuasaan-Nya.\n\nBagi orang-orang mukmin siksaan dan pembunuhan ini hanyalah merupakan cobaan dan ujian yang akan membawa mereka kepada kebahagiaan abadi apabila mereka tetap sabar dengan tetap beriman kepada Allah.",
          "6": "Dalam ayat-ayat ini diterangkan bahwa Allah telah membinasakan Najran, sebuah kota di Yaman, karena penduduknya telah menyiksa dan membunuh para pengikut Nabi Isa (orang-orang Nasrani) yang meninggalkan agama pembesar-pembesar negeri itu, yaitu agama Yahudi dan memeluk agama yang dibawa oleh Nabi Isa dengan memasukkan mereka ke dalam parit-parit yang telah mereka gali dan diberi api yang menyala-nyala. Orang-orang kafir negeri itu duduk di sekitar parit-parit itu menyaksikan siksaan yang tidak berperikemanusia-an itu.\n\nSiksaan itu sebenarnya tidak patut mereka lakukan sebab orang-orang itu tidak mempunyai kesalahan yang besar. Mereka menyiksa hanya karena orang-orang mukmin itu beriman kepada Allah Yang Mahaperkasa lagi Maha Terpuji, yang mempunyai kerajaan langit dan bumi serta berkuasa atas semua yang ada pada keduanya. Sungguh tidak ada jalan bagi orang yang zalim itu untuk lari dari kekuasaan-Nya.\n\nBagi orang-orang mukmin siksaan dan pembunuhan ini hanyalah merupakan cobaan dan ujian yang akan membawa mereka kepada kebahagiaan abadi apabila mereka tetap sabar dengan tetap beriman kepada Allah.",
          "7": "Dalam ayat-ayat ini diterangkan bahwa Allah telah membinasakan Najran, sebuah kota di Yaman, karena penduduknya telah menyiksa dan membunuh para pengikut Nabi Isa (orang-orang Nasrani) yang meninggalkan agama pembesar-pembesar negeri itu, yaitu agama Yahudi dan memeluk agama yang dibawa oleh Nabi Isa dengan memasukkan mereka ke dalam parit-parit yang telah mereka gali dan diberi api yang menyala-nyala. Orang-orang kafir negeri itu duduk di sekitar parit-parit itu menyaksikan siksaan yang tidak berperikemanusia-an itu.\n\nSiksaan itu sebenarnya tidak patut mereka lakukan sebab orang-orang itu tidak mempunyai kesalahan yang besar. Mereka menyiksa hanya karena orang-orang mukmin itu beriman kepada Allah Yang Mahaperkasa lagi Maha Terpuji, yang mempunyai kerajaan langit dan bumi serta berkuasa atas semua yang ada pada keduanya. Sungguh tidak ada jalan bagi orang yang zalim itu untuk lari dari kekuasaan-Nya.\n\nBagi orang-orang mukmin siksaan dan pembunuhan ini hanyalah merupakan cobaan dan ujian yang akan membawa mereka kepada kebahagiaan abadi apabila mereka tetap sabar dengan tetap beriman kepada Allah.",
          "8": "Dalam ayat-ayat ini diterangkan bahwa Allah telah membinasakan Najran, sebuah kota di Yaman, karena penduduknya telah menyiksa dan membunuh para pengikut Nabi Isa (orang-orang Nasrani) yang meninggalkan agama pembesar-pembesar negeri itu, yaitu agama Yahudi dan memeluk agama yang dibawa oleh Nabi Isa dengan memasukkan mereka ke dalam parit-parit yang telah mereka gali dan diberi api yang menyala-nyala. Orang-orang kafir negeri itu duduk di sekitar parit-parit itu menyaksikan siksaan yang tidak berperikemanusia-an itu.\n\nSiksaan itu sebenarnya tidak patut mereka lakukan sebab orang-orang itu tidak mempunyai kesalahan yang besar. Mereka menyiksa hanya karena orang-orang mukmin itu beriman kepada Allah Yang Mahaperkasa lagi Maha Terpuji, yang mempunyai kerajaan langit dan bumi serta berkuasa atas semua yang ada pada keduanya. Sungguh tidak ada jalan bagi orang yang zalim itu untuk lari dari kekuasaan-Nya.\n\nBagi orang-orang mukmin siksaan dan pembunuhan ini hanyalah merupakan cobaan dan ujian yang akan membawa mereka kepada kebahagiaan abadi apabila mereka tetap sabar dengan tetap beriman kepada Allah.",
          "9": "Pada akhir ayat ini, Allah menerangkan bahwa Ia telah menyaksikan segala sesuatunya dan dengan demikian akan memberikan balasan yang setimpal atas kekejaman yang telah dilakukan oleh orang-orang kafir itu.",
          "10": "Dalam ayat ini, Allah menerangkan bahwa bagi orang-orang kafir yang menganiaya dan menyiksa orang-orang mukmin dan mereka tidak mau meninggalkan agamanya, tetap dalam kekufuran, tidak bertobat sebelum mereka meninggal, telah disediakan api neraka untuk mengazab mereka di akhirat nanti.",
          "11": "Dalam ayat ini, Allah menerangkan bahwa orang-orang yang beriman mengakui bahwa Tuhan Maha Esa. Oleh karena itu, mereka mengerjakan pekerjaan yang sesuai dengan perintah Allah dan menjauhkan diri dari semua larangan-Nya. Semua itu mereka lakukan untuk mengharapkan keridaan-Nya. Di akhirat Allah akan memberi mereka kebun-kebun yang mengalir di bawahnya anak sungai, sehingga mereka hidup bahagia abadi di dalam surga, sebagai ganjaran atas keimanan dan kepatuhan mereka.",
          "12": "Dalam ayat ini dijelaskan bahwa siksa yang akan ditimpakan kepada orang-orang kafir yang menganiaya, menyiksa, dan membunuh orang-orang mukmin karena tidak mau meninggalkan agama mereka, sangatlah keras. Perlu diingat bahwa Allah-lah yang telah menciptakan mereka, dan Dia pula yang menghidupkan mereka kembali.\n\nMereka akhirnya akan kembali kepada Allah. Apabila Ia belum menyiksa mereka di dunia ini, bukanlah berarti mereka tidak akan mendapat siksaan sama sekali. Akan tetapi, siksaan itu diundurkan waktunya sampai mereka kembali kepada-Nya, yaitu pada hari Kiamat.",
          "13": "Dalam ayat ini dijelaskan bahwa siksa yang akan ditimpakan kepada orang-orang kafir yang menganiaya, menyiksa, dan membunuh orang-orang mukmin karena tidak mau meninggalkan agama mereka, sangatlah keras. Perlu diingat bahwa Allah-lah yang telah menciptakan mereka, dan Dia pula yang menghidupkan mereka kembali.\n\nMereka akhirnya akan kembali kepada Allah. Apabila Ia belum menyiksa mereka di dunia ini, bukanlah berarti mereka tidak akan mendapat siksaan sama sekali. Akan tetapi, siksaan itu diundurkan waktunya sampai mereka kembali kepada-Nya, yaitu pada hari Kiamat.",
          "14": "Dalam ayat ini diterangkan bahwa Allah Maha Pengampun bagi orang-orang yang kembali kepada-Nya dengan bertobat, Maha Pengasih bagi mereka yang sungguh-sungguh dan dengan ikhlas mencintai-Nya. Allah juga mempunyai kekuasaan yang mesti berlaku, perintah-Nya tidak dapat dibantah, dan Ia berbuat apa yang Ia kehendaki. Apabila Allah menghendaki kebinasaan bagi mereka yang ingkar dan durhaka, tidak ada suatu kekuasaan pun yang dapat menghalangi-Nya.",
          "15": "Dalam ayat ini diterangkan bahwa Allah Maha Pengampun bagi orang-orang yang kembali kepada-Nya dengan bertobat, Maha Pengasih bagi mereka yang sungguh-sungguh dan dengan ikhlas mencintai-Nya. Allah juga mempunyai kekuasaan yang mesti berlaku, perintah-Nya tidak dapat dibantah, dan Ia berbuat apa yang Ia kehendaki. Apabila Allah menghendaki kebinasaan bagi mereka yang ingkar dan durhaka, tidak ada suatu kekuasaan pun yang dapat menghalangi-Nya.",
          "16": "Dalam ayat ini diterangkan bahwa Allah Maha Pengampun bagi orang-orang yang kembali kepada-Nya dengan bertobat, Maha Pengasih bagi mereka yang sungguh-sungguh dan dengan ikhlas mencintai-Nya. Allah juga mempunyai kekuasaan yang mesti berlaku, perintah-Nya tidak dapat dibantah, dan Ia berbuat apa yang Ia kehendaki. Apabila Allah menghendaki kebinasaan bagi mereka yang ingkar dan durhaka, tidak ada suatu kekuasaan pun yang dapat menghalangi-Nya.",
          "17": "Dalam ayat-ayat ini, Allah menerangkan dalam bentuk pertanyaan kepada Nabi Muhammad bahwa apakah telah sampai kepadanya tentang kisah Fir'aun dan kaumnya yang telah mendustakan kenabian Nabi Musa, kisah tentang kesombongan Fir'aun, dan kekufuran kaumnya, serta akibat dari perbuatan mereka, yaitu ditenggelamkan ke dalam laut.\n\nDemikian pula dengan kaum Samud yang telah mendustakan Nabi Saleh sebagai utusan Allah. Mereka telah menyembelih unta yang menjadi tanda kenabiannya. Sebagai akibatnya, Allah menurunkan siksaan-Nya kepada mereka dengan menghancurkan negeri mereka serta memusnahkan semua yang ada.\n\nRingkasnya, orang-orang kafir itu sejak dahulu tidak berubah. Mereka selalu mengingkari kebenaran agama yang dibawa oleh para nabi utusan Allah. Mereka tentu akan menerima balasannya sebagaimana kaum-kaum sebelum mereka, bila mereka tidak bertobat dan kembali kepada jalan yang diridai Allah.",
          "18": "Dalam ayat-ayat ini, Allah menerangkan dalam bentuk pertanyaan kepada Nabi Muhammad bahwa apakah telah sampai kepadanya tentang kisah Fir'aun dan kaumnya yang telah mendustakan kenabian Nabi Musa, kisah tentang kesombongan Fir'aun, dan kekufuran kaumnya, serta akibat dari perbuatan mereka, yaitu ditenggelamkan ke dalam laut.\n\nDemikian pula dengan kaum Samud yang telah mendustakan Nabi Saleh sebagai utusan Allah. Mereka telah menyembelih unta yang menjadi tanda kenabiannya. Sebagai akibatnya, Allah menurunkan siksaan-Nya kepada mereka dengan menghancurkan negeri mereka serta memusnahkan semua yang ada.\n\nRingkasnya, orang-orang kafir itu sejak dahulu tidak berubah. Mereka selalu mengingkari kebenaran agama yang dibawa oleh para nabi utusan Allah. Mereka tentu akan menerima balasannya sebagaimana kaum-kaum sebelum mereka, bila mereka tidak bertobat dan kembali kepada jalan yang diridai Allah.",
          "19": "Dalam ayat-ayat ini, Allah menerangkan dalam bentuk pertanyaan kepada Nabi Muhammad bahwa apakah telah sampai kepadanya tentang kisah Fir'aun dan kaumnya yang telah mendustakan kenabian Nabi Musa, kisah tentang kesombongan Fir'aun, dan kekufuran kaumnya, serta akibat dari perbuatan mereka, yaitu ditenggelamkan ke dalam laut.\n\nDemikian pula dengan kaum Samud yang telah mendustakan Nabi Saleh sebagai utusan Allah. Mereka telah menyembelih unta yang menjadi tanda kenabiannya. Sebagai akibatnya, Allah menurunkan siksaan-Nya kepada mereka dengan menghancurkan negeri mereka serta memusnahkan semua yang ada.\n\nRingkasnya, orang-orang kafir itu sejak dahulu tidak berubah. Mereka selalu mengingkari kebenaran agama yang dibawa oleh para nabi utusan Allah. Mereka tentu akan menerima balasannya sebagaimana kaum-kaum sebelum mereka, bila mereka tidak bertobat dan kembali kepada jalan yang diridai Allah.",
          "20": "Dalam ayat ini, Allah menjelaskan bahwa mereka tidak akan lepas dari kekuasaan-Nya, dan tidak akan dapat lari dari jangkauan-Nya.",
          "21": "Dalam ayat ini, Allah menerangkan bahwa Al-Qur'an itu adalah kitab Allah yang mulia, tersimpan dalam Lauh Mahfudh. Tidak ada yang dapat menandingi isi dan susunan kata-katanya, terpelihara dari pemalsuan dan perubahan. Ini sebagai jawaban kepada orang-orang kafir yang mendustakan Al-Qur'an dengan mengatakan bahwa ia adalah cerita-cerita orang dahulu kala.",
          "22": "Dalam ayat ini, Allah menerangkan bahwa Al-Qur'an itu adalah kitab Allah yang mulia, tersimpan dalam Lauh Mahfudh. Tidak ada yang dapat menandingi isi dan susunan kata-katanya, terpelihara dari pemalsuan dan perubahan. Ini sebagai jawaban kepada orang-orang kafir yang mendustakan Al-Qur'an dengan mengatakan bahwa ia adalah cerita-cerita orang dahulu kala."
        }
      }
    }
  }
}