{
  "name": "Al-Ala",
  "name_translations": {
    "ar": "الأعلى",
    "en": "The Most High",
    "id": "Maha Tinggi"
  },
  "number_of_ayah": 19,
  "number_of_surah": 87,
  "place": "Mecca",
  "recitations": [{
    "name": "Mishari Rashid al-`Afasy",
    "audio_url": "https://download.quranicaudio.com/quran/mishaari_raashid_al_3afaasee/087.mp3"
  }, {
    "name": "Abdur-Rahman as-Sudais",
    "audio_url": "https://download.quranicaudio.com/quran/abdurrahmaan_as-sudays/087.mp3"
  }, {
    "name": "Saad al-Ghamdi",
    "audio_url": "https://download.quranicaudio.com/quran/sa3d_al-ghaamidi/complete/087.mp3"
  }],
  "type": "Makkiyah",
  "verses": [{
    "number": 1,
    "text": "بِسْمِ ٱللَّهِ ٱلرَّحْمَٰنِ ٱلرَّحِيمِ سَبِّحِ ٱسْمَ رَبِّكَ ٱلْأَعْلَى",
    "translation_en": "Exalt the name of your Lord, the Most High,",
    "translation_id": "Sucikanlah nama Tuhanmu Yang Maha Tingi,"
  }, {
    "number": 2,
    "text": "ٱلَّذِى خَلَقَ فَسَوَّىٰ",
    "translation_en": "Who created and proportioned",
    "translation_id": "yang menciptakan, dan menyempurnakan (penciptaan-Nya),"
  }, {
    "number": 3,
    "text": "وَٱلَّذِى قَدَّرَ فَهَدَىٰ",
    "translation_en": "And who destined and [then] guided",
    "translation_id": "dan yang menentukan kadar (masing-masing) dan memberi petunjuk,"
  }, {
    "number": 4,
    "text": "وَٱلَّذِىٓ أَخْرَجَ ٱلْمَرْعَىٰ",
    "translation_en": "And who brings out the pasture",
    "translation_id": "dan yang menumbuhkan rumput-rumputan,"
  }, {
    "number": 5,
    "text": "فَجَعَلَهُۥ غُثَآءً أَحْوَىٰ",
    "translation_en": "And [then] makes it black stubble.",
    "translation_id": "lalu dijadikan-Nya rumput-rumput itu kering kehitam-hitaman."
  }, {
    "number": 6,
    "text": "سَنُقْرِئُكَ فَلَا تَنسَىٰٓ",
    "translation_en": "We will make you recite, [O Muhammad], and you will not forget,",
    "translation_id": "Kami akan membacakan (Al Quran) kepadamu (Muhammad) maka kamu tidak akan lupa,"
  }, {
    "number": 7,
    "text": "إِلَّا مَا شَآءَ ٱللَّهُ إِنَّهُۥ يَعْلَمُ ٱلْجَهْرَ وَمَا يَخْفَىٰ",
    "translation_en": "Except what Allah should will. Indeed, He knows what is declared and what is hidden.",
    "translation_id": "kecuali kalau Allah menghendaki. Sesungguhnya Dia mengetahui yang terang dan yang tersembunyi."
  }, {
    "number": 8,
    "text": "وَنُيَسِّرُكَ لِلْيُسْرَىٰ",
    "translation_en": "And We will ease you toward ease.",
    "translation_id": "dan Kami akan memberi kamu taufik ke jalan yang mudah,"
  }, {
    "number": 9,
    "text": "فَذَكِّرْ إِن نَّفَعَتِ ٱلذِّكْرَىٰ",
    "translation_en": "So remind, if the reminder should benefit;",
    "translation_id": "oleh sebab itu berikanlah peringatan karena peringatan itu bermanfaat,"
  }, {
    "number": 10,
    "text": "سَيَذَّكَّرُ مَن يَخْشَىٰ",
    "translation_en": "He who fears [Allah] will be reminded.",
    "translation_id": "orang yang takut (kepada Allah) akan mendapat pelajaran,"
  }, {
    "number": 11,
    "text": "وَيَتَجَنَّبُهَا ٱلْأَشْقَى",
    "translation_en": "But the wretched one will avoid it -",
    "translation_id": "dan orang-orang yang celaka (kafir) akan menjauhinya."
  }, {
    "number": 12,
    "text": "ٱلَّذِى يَصْلَى ٱلنَّارَ ٱلْكُبْرَىٰ",
    "translation_en": "[He] who will [enter and] burn in the greatest Fire,",
    "translation_id": "(Yaitu) orang yang akan memasuki api yang besar (neraka)."
  }, {
    "number": 13,
    "text": "ثُمَّ لَا يَمُوتُ فِيهَا وَلَا يَحْيَىٰ",
    "translation_en": "Neither dying therein nor living.",
    "translation_id": "Kemudian dia tidak akan mati di dalamnya dan tidak (pula) hidup."
  }, {
    "number": 14,
    "text": "قَدْ أَفْلَحَ مَن تَزَكَّىٰ",
    "translation_en": "He has certainly succeeded who purifies himself",
    "translation_id": "Sesungguhnya beruntunglah orang yang membersihkan diri (dengan beriman),"
  }, {
    "number": 15,
    "text": "وَذَكَرَ ٱسْمَ رَبِّهِۦ فَصَلَّىٰ",
    "translation_en": "And mentions the name of his Lord and prays.",
    "translation_id": "dan dia ingat nama Tuhannya, lalu dia sembahyang."
  }, {
    "number": 16,
    "text": "بَلْ تُؤْثِرُونَ ٱلْحَيَوٰةَ ٱلدُّنْيَا",
    "translation_en": "But you prefer the worldly life,",
    "translation_id": "Tetapi kamu (orang-orang kafir) memilih kehidupan duniawi."
  }, {
    "number": 17,
    "text": "وَٱلْءَاخِرَةُ خَيْرٌ وَأَبْقَىٰٓ",
    "translation_en": "While the Hereafter is better and more enduring.",
    "translation_id": "Sedang kehidupan akhirat adalah lebih baik dan lebih kekal."
  }, {
    "number": 18,
    "text": "إِنَّ هَٰذَا لَفِى ٱلصُّحُفِ ٱلْأُولَىٰ",
    "translation_en": "Indeed, this is in the former scriptures,",
    "translation_id": "Sesungguhnya ini benar-benar terdapat dalam kitab-kitab yang dahulu,"
  }, {
    "number": 19,
    "text": "صُحُفِ إِبْرَٰهِيمَ وَمُوسَىٰ",
    "translation_en": "The scriptures of Abraham and Moses.",
    "translation_id": "(yaitu) Kitab-kitab Ibrahim dan Musa"
  }],
  "tafsir": {
    "id": {
      "kemenag": {
        "name": "Kemenag",
        "source": "Aplikasi Quran Kementrian Agama Republik Indonesia",
        "text": {
          "1": "Allah memerintahkan Rasul-Nya agar menyucikan nama-Nya dari segala sesuatu yang tidak sesuai dengan kebesaran serta kemuliaan zat dan sifat-Nya. Nama Allah hanya diucapkan dalam rangka memuji-Nya, tidak boleh sesuatu dinamai dengan nama-Nya. Mahasuci Allah Yang Mahatinggi.",
          "2": "Allah menerangkan bahwa Dialah yang menciptakan dan menyempurnakan penciptaan segala makhluk. Allah pula yang menentukan segala sesuatu menurut bentuk dan ukuran yang tepat dan seimbang. Di samping itu, Dia menetapkan ketentuan-ketentuan dan hukum-hukum yang berlaku bagi tiap-tiap makhluk-Nya, sehingga dapat hidup berkembang biak, dan menjaga hidupnya masing-masing.\n\nAllah-lah yang menumbuhkan rumput-rumputan yang hijau dan segar untuk makanan binatang dan ternak yang kemudian dijadikan-Nya kering dengan warna kehitam-hitaman. Allah-lah yang menumbuhkan rumput-rumputan dan mengubahnya menjadi kering, bukanlah patung-patung yang disembah oleh orang kafir itu.",
          "3": "Allah menerangkan bahwa Dialah yang menciptakan dan menyempurnakan penciptaan segala makhluk. Allah pula yang menentukan segala sesuatu menurut bentuk dan ukuran yang tepat dan seimbang. Di samping itu, Dia menetapkan ketentuan-ketentuan dan hukum-hukum yang berlaku bagi tiap-tiap makhluk-Nya, sehingga dapat hidup berkembang biak, dan menjaga hidupnya masing-masing.\n\nAllah-lah yang menumbuhkan rumput-rumputan yang hijau dan segar untuk makanan binatang dan ternak yang kemudian dijadikan-Nya kering dengan warna kehitam-hitaman. Allah-lah yang menumbuhkan rumput-rumputan dan mengubahnya menjadi kering, bukanlah patung-patung yang disembah oleh orang kafir itu.",
          "4": "Allah menerangkan bahwa Dialah yang menciptakan dan menyempurnakan penciptaan segala makhluk. Allah pula yang menentukan segala sesuatu menurut bentuk dan ukuran yang tepat dan seimbang. Di samping itu, Dia menetapkan ketentuan-ketentuan dan hukum-hukum yang berlaku bagi tiap-tiap makhluk-Nya, sehingga dapat hidup berkembang biak, dan menjaga hidupnya masing-masing.\n\nAllah-lah yang menumbuhkan rumput-rumputan yang hijau dan segar untuk makanan binatang dan ternak yang kemudian dijadikan-Nya kering dengan warna kehitam-hitaman. Allah-lah yang menumbuhkan rumput-rumputan dan mengubahnya menjadi kering, bukanlah patung-patung yang disembah oleh orang kafir itu.",
          "5": "Allah menerangkan bahwa Dialah yang menciptakan dan menyempurnakan penciptaan segala makhluk. Allah pula yang menentukan segala sesuatu menurut bentuk dan ukuran yang tepat dan seimbang. Di samping itu, Dia menetapkan ketentuan-ketentuan dan hukum-hukum yang berlaku bagi tiap-tiap makhluk-Nya, sehingga dapat hidup berkembang biak, dan menjaga hidupnya masing-masing.\n\nAllah-lah yang menumbuhkan rumput-rumputan yang hijau dan segar untuk makanan binatang dan ternak yang kemudian dijadikan-Nya kering dengan warna kehitam-hitaman. Allah-lah yang menumbuhkan rumput-rumputan dan mengubahnya menjadi kering, bukanlah patung-patung yang disembah oleh orang kafir itu.",
          "6": "Dalam ayat ini diterangkan bahwa Allah menurunkan Al-Qur'an kepada Nabi Muhammad untuk dibacanya dan Ia akan membukakan hati Nabi-Nya dan menguatkan ingatannya. Dengan demikian, setelah mendengarnya satu kali, maka ia tidak akan lupa apa yang telah didengarnya. Allah berfirman:\n\nMaka Mahatinggi Allah, Raja yang sebenar-benarnya. Dan janganlah engkau (Muhammad) tergesa-gesa (membaca) Al-Qur'an sebelum selesai diwahyukan kepadamu, dan katakanlah, \"Ya Tuhanku, tambahkanlah ilmu kepadaku.\" (thaha/20: 114)\n\nDan firman-Nya:\n\nJangan engkau (Muhammad) gerakkan lidahmu (untuk membaca Al-Qur'an) karena hendak cepat-cepat (menguasai)nya. Sesungguhnya Kami yang akan mengumpulkannya (di dadamu) dan membacakannya. (al-Qiyamah/75: 16-17)",
          "7": "Dalam ayat ini, Allah menerangkan bahwa bila Ia menghendaki agar Nabi Muhammad melupakan apa yang telah diwahyukan, maka hal itu dapat dilakukan-Nya. Allah berfirman:\n\nDan sesungguhnya jika Kami menghendaki, niscaya Kami lenyapkan apa yang telah Kami wahyukan kepadamu (Muhammad), dan engkau tidak akan mendapatkan seorang pembela pun terhadap Kami. (al-Isra'/17: 86)\n\nTidak lupa apa yang sudah didengar Nabi Muhammad satu kali itu adalah karunia dan kebaikan dari Allah. Sesungguhnya Dia mengetahui apa yang terang dan apa yang tersembunyi, apa yang disebutkan dan apa yang dirahasiakan.",
          "8": "Dalam ayat ini, Allah menerangkan bahwa Ia akan memberi Nabi-Nya taufik kepada jalan yang mudah, yang membawa kepada kebahagiaan di dunia dan di akhirat. Dialah yang memberinya agama yang mudah diterima jiwa dan tidak sukar dipahami oleh akal.",
          "9": "Dalam ayat ini, Allah memerintahkan Rasul-Nya agar memperingatkan umat manusia tentang yang telah ia terima dari-Nya. Allah menyatakan bahwa peringatan itu amat besar kegunaan dan faedahnya bagi manusia, karena peringatan itu memberi petunjuk kepadanya tentang cara-cara mencapai kebahagiaan hidup di dunia dan di akhirat. Akan tetapi, ternyata mereka tetap saja membangkang dan ingkar. Maka Rasulullah janganlah bersedih hati.",
          "10": "Dalam ayat ini, Allah menjelaskan bahwa mereka yang beruntung adalah yang dapat menerima panggilan atau peringatan Rasul-Nya, serta takut kepada Allah dan siksaan-Nya. Mereka inilah yang mempergunakan pikiran mereka yang waras untuk mencapai kebenaran yang kelak akan menjadi pegangan hidup mereka.",
          "11": "Dalam ayat-ayat ini, Allah menerangkan bahwa bagi orang yang ingkar, durhaka, dan menjauhkan diri dari petunjuk-petunjuk yang diberikan Nabi Muhammad, tidak akan berfaedah peringatan yang disampaikan. Oleh karena itu, mereka tetap dalam kekafiran dan akan dilemparkan ke dalam neraka yang paling bawah.\n\nSecara ringkas, orang yang menghadapi panggilan Nabi Muhammad ke jalan Allah itu ada tiga golongan:\n\n1.Golongan orang yang mengetahui dan yakin akan kebenarannya, tidak ada keraguan sedikit pun di dalam hatinya. Orang ini adalah orang mukmin yang sempurna (mu'min kamil) yang takut kepada Tuhannya.\n\n2.Golongan orang yang dalam menerima petunjuk, kemudian ia yakin akan petunjuk itu, lalu menyatakan keimanannya. Orang ini adalah golongan yang agak kurang nilainya dari yang pertama.\n\n3.Golongan yang durhaka dan ingkar, yang telah tertutup hatinya dari panggilan ke jalan Allah. Mereka ini adalah golongan yang paling jahat dan paling jauh dari kebaikan.",
          "12": "Dalam ayat-ayat ini, Allah menerangkan bahwa bagi orang yang ingkar, durhaka, dan menjauhkan diri dari petunjuk-petunjuk yang diberikan Nabi Muhammad, tidak akan berfaedah peringatan yang disampaikan. Oleh karena itu, mereka tetap dalam kekafiran dan akan dilemparkan ke dalam neraka yang paling bawah.\n\nSecara ringkas, orang yang menghadapi panggilan Nabi Muhammad ke jalan Allah itu ada tiga golongan:\n\n1.Golongan orang yang mengetahui dan yakin akan kebenarannya, tidak ada keraguan sedikit pun di dalam hatinya. Orang ini adalah orang mukmin yang sempurna (mu'min kamil) yang takut kepada Tuhannya.\n\n2.Golongan orang yang dalam menerima petunjuk, kemudian ia yakin akan petunjuk itu, lalu menyatakan keimanannya. Orang ini adalah golongan yang agak kurang nilainya dari yang pertama.\n\n3.Golongan yang durhaka dan ingkar, yang telah tertutup hatinya dari panggilan ke jalan Allah. Mereka ini adalah golongan yang paling jahat dan paling jauh dari kebaikan.",
          "13": "Dalam ayat ini, Allah menerangkan bahwa orang-orang yang dimasukkan ke dalam neraka itu menjalani siksaan yang tidak ada habis-habisnya. Mereka merasakan sakit yang tidak ada batasnya, tidak mati di dalamnya dan tidak pula hidup. Allah berfirman:\n\nDan orang-orang yang kafir, bagi mereka neraka Jahanam. Mereka tidak dibinasakan hingga mereka mati, dan tidak diringankan dari mereka azabnya. Demikianlah Kami membalas setiap orang yang sangat kafir. (Fathir/35: 36)",
          "14": "Allah menerangkan bahwa orang yang beruntung, yaitu terhindar dari siksa akhirat, adalah orang yang bersih, beriman kepada Allah dan tidak mempersekutukan-Nya, serta percaya kepada yang disampaikan oleh Nabi Muhammad saw.\n\nBila terlintas dalam hatinya dan ia ingat sifat-sifat Tuhan yang mempunyai kebesaran dan kemuliaan, maka ketika itu pula ia tunduk kepada kekuasaan-Nya lalu sujud melakukan salat. Allah berfirman:\n\nSesungguhnya orang-orang yang beriman adalah mereka yang apabila disebut nama Allah gemetar hatinya, dan apabila dibacakan ayat-ayat-Nya kepada mereka, bertambah (kuat) imannya dan hanya kepada Tuhan mereka bertawakal. (al-Anfal/8: 2)",
          "15": "Allah menerangkan bahwa orang yang beruntung, yaitu terhindar dari siksa akhirat, adalah orang yang bersih, beriman kepada Allah dan tidak mempersekutukan-Nya, serta percaya kepada yang disampaikan oleh Nabi Muhammad saw.\n\nBila terlintas dalam hatinya dan ia ingat sifat-sifat Tuhan yang mempunyai kebesaran dan kemuliaan, maka ketika itu pula ia tunduk kepada kekuasaan-Nya lalu sujud melakukan salat. Allah berfirman:\n\nSesungguhnya orang-orang yang beriman adalah mereka yang apabila disebut nama Allah gemetar hatinya, dan apabila dibacakan ayat-ayat-Nya kepada mereka, bertambah (kuat) imannya dan hanya kepada Tuhan mereka bertawakal. (al-Anfal/8: 2)",
          "16": "Dalam ayat-ayat ini, Allah menerangkan bahwa orang kafir lebih mengutamakan kesenangan di dunia daripada kesenangan di akhirat. Padahal, semestinya mereka memilih kesenangan akhirat, sesuai dengan yang dikehendaki oleh agama Allah. Kesenangan akhirat itu lebih baik dan kekal abadi, sedangkan kesenangan di dunia akan lenyap diliputi oleh kekotoran dan kesedihan. Meskipun begitu, secara umum manusia perlu seimbang dalam usaha dan mengatur porsi waktu untuk kepentingan dunia dan akhirat, sebagaimana firman Allah:\n\nDan carilah (pahala) negeri akhirat dengan apa yang telah dianugerahkan Allah kepadamu, tetapi janganlah kamu lupakan bagianmu di dunia dan berbuat baiklah (kepada orang lain) sebagaimana Allah telah berbuat baik kepadamu, dan janganlah kamu berbuat kerusakan di bumi. Sungguh, Allah tidak menyukai orang yang berbuat kerusakan. (al-Qasas/28: 77)",
          "17": "Dalam ayat-ayat ini, Allah menerangkan bahwa orang kafir lebih mengutamakan kesenangan di dunia daripada kesenangan di akhirat. Padahal, semestinya mereka memilih kesenangan akhirat, sesuai dengan yang dikehendaki oleh agama Allah. Kesenangan akhirat itu lebih baik dan kekal abadi, sedangkan kesenangan di dunia akan lenyap diliputi oleh kekotoran dan kesedihan. Meskipun begitu, secara umum manusia perlu seimbang dalam usaha dan mengatur porsi waktu untuk kepentingan dunia dan akhirat, sebagaimana firman Allah:\n\nDan carilah (pahala) negeri akhirat dengan apa yang telah dianugerahkan Allah kepadamu, tetapi janganlah kamu lupakan bagianmu di dunia dan berbuat baiklah (kepada orang lain) sebagaimana Allah telah berbuat baik kepadamu, dan janganlah kamu berbuat kerusakan di bumi. Sungguh, Allah tidak menyukai orang yang berbuat kerusakan. (al-Qasas/28: 77)",
          "18": "Dalam ayat ini, Allah menerangkan bahwa apa yang disampaikan-Nya kepada Nabi Muhammad tentang perintah dan larangan, janji anugerah dan peringatan adalah sama dengan apa yang telah terdapat di dalam kitab Nabi Ibrahim dan Nabi Musa. Dengan demikian, Nabi Muhammad hanya mengingatkan kembali kepada agama-Nya yang terdahulu yang telah dilupakan oleh manusia. Agama yang ada itu telah diubah oleh tangan-tangan manusia, dirusak oleh hawa nafsu dan adat istiadat nenek moyang mereka sehingga telah menyimpang dari yang sebenarnya. Firman Allah:\n\nDan sungguh, (Al-Qur'an) ini benar-benar diturunkan oleh Tuhan seluruh alam, Yang dibawa turun oleh ar-Ruh al-Amin (Jibril), ke dalam hatimu (Muhammad) agar engkau termasuk orang yang memberi peringatan, dengan bahasa Arab yang jelas. Dan sungguh, (Al-Qur'an) itu (disebut) dalam kitab-kitab orang yang terdahulu. (asy-Syu'ara'/26: 192-196)\n\nDia (Allah) telah mensyariatkan kepadamu agama yang telah diwasiatkan-Nya kepada Nuh dan apa yang telah Kami wahyukan kepadamu (Muhammad) dan apa yang telah Kami wasiatkan kepada Ibrahim, Musa dan Isa yaitu tegakkanlah agama (keimanan dan ketakwaan) dan janganlah kamu berpecah-belah di dalamnya. Sangat berat bagi orang-orang musyrik (untuk mengikuti) agama yang kamu serukan kepada mereka. Allah memilih orang yang Dia kehendaki kepada agama tauhid dan memberi petunjuk kepada (agama)-Nya bagi orang yang kembali (kepada-Nya). (asy-Syura/42: 13)",
          "19": "Dalam ayat ini, Allah menerangkan bahwa apa yang disampaikan-Nya kepada Nabi Muhammad tentang perintah dan larangan, janji anugerah dan peringatan adalah sama dengan apa yang telah terdapat di dalam kitab Nabi Ibrahim dan Nabi Musa. Dengan demikian, Nabi Muhammad hanya mengingatkan kembali kepada agama-Nya yang terdahulu yang telah dilupakan oleh manusia. Agama yang ada itu telah diubah oleh tangan-tangan manusia, dirusak oleh hawa nafsu dan adat istiadat nenek moyang mereka sehingga telah menyimpang dari yang sebenarnya. Firman Allah:\n\nDan sungguh, (Al-Qur'an) ini benar-benar diturunkan oleh Tuhan seluruh alam, Yang dibawa turun oleh ar-Ruh al-Amin (Jibril), ke dalam hatimu (Muhammad) agar engkau termasuk orang yang memberi peringatan, dengan bahasa Arab yang jelas. Dan sungguh, (Al-Qur'an) itu (disebut) dalam kitab-kitab orang yang terdahulu. (asy-Syu'ara'/26: 192-196)\n\nDia (Allah) telah mensyariatkan kepadamu agama yang telah diwasiatkan-Nya kepada Nuh dan apa yang telah Kami wahyukan kepadamu (Muhammad) dan apa yang telah Kami wasiatkan kepada Ibrahim, Musa dan Isa yaitu tegakkanlah agama (keimanan dan ketakwaan) dan janganlah kamu berpecah-belah di dalamnya. Sangat berat bagi orang-orang musyrik (untuk mengikuti) agama yang kamu serukan kepada mereka. Allah memilih orang yang Dia kehendaki kepada agama tauhid dan memberi petunjuk kepada (agama)-Nya bagi orang yang kembali (kepada-Nya). (asy-Syura/42: 13)"
        }
      }
    }
  }
}