{
  "name": "Al-Ghashiyah",
  "name_translations": {
    "ar": "الغاشية",
    "en": "The Overwhelming",
    "id": "Hari Kiamat"
  },
  "number_of_ayah": 26,
  "number_of_surah": 88,
  "place": "Mecca",
  "recitations": [{
    "name": "Mishari Rashid al-`Afasy",
    "audio_url": "https://download.quranicaudio.com/quran/mishaari_raashid_al_3afaasee/088.mp3"
  }, {
    "name": "Abdur-Rahman as-Sudais",
    "audio_url": "https://download.quranicaudio.com/quran/abdurrahmaan_as-sudays/088.mp3"
  }, {
    "name": "Saad al-Ghamdi",
    "audio_url": "https://download.quranicaudio.com/quran/sa3d_al-ghaamidi/complete/088.mp3"
  }],
  "type": "Makkiyah",
  "verses": [{
    "number": 1,
    "text": "بِسْمِ ٱللَّهِ ٱلرَّحْمَٰنِ ٱلرَّحِيمِ هَلْ أَتَىٰكَ حَدِيثُ ٱلْغَٰشِيَةِ",
    "translation_en": "Has there reached you the report of the Overwhelming [event]?",
    "translation_id": "Sudah datangkah kepadamu berita (tentang) hari pembalasan?"
  }, {
    "number": 2,
    "text": "وُجُوهٌ يَوْمَئِذٍ خَٰشِعَةٌ",
    "translation_en": "[Some] faces, that Day, will be humbled,",
    "translation_id": "Banyak muka pada hari itu tunduk terhina,"
  }, {
    "number": 3,
    "text": "عَامِلَةٌ نَّاصِبَةٌ",
    "translation_en": "Working [hard] and exhausted.",
    "translation_id": "bekerja keras lagi kepayahan,"
  }, {
    "number": 4,
    "text": "تَصْلَىٰ نَارًا حَامِيَةً",
    "translation_en": "They will [enter to] burn in an intensely hot Fire.",
    "translation_id": "memasuki api yang sangat panas (neraka),"
  }, {
    "number": 5,
    "text": "تُسْقَىٰ مِنْ عَيْنٍ ءَانِيَةٍ",
    "translation_en": "They will be given drink from a boiling spring.",
    "translation_id": "diberi minum (dengan air) dari sumber yang sangat panas."
  }, {
    "number": 6,
    "text": "لَّيْسَ لَهُمْ طَعَامٌ إِلَّا مِن ضَرِيعٍ",
    "translation_en": "For them there will be no food except from a poisonous, thorny plant",
    "translation_id": "Mereka tiada memperoleh makanan selain dari pohon yang berduri,"
  }, {
    "number": 7,
    "text": "لَّا يُسْمِنُ وَلَا يُغْنِى مِن جُوعٍ",
    "translation_en": "Which neither nourishes nor avails against hunger.",
    "translation_id": "yang tidak menggemukkan dan tidak pula menghilangkan lapar."
  }, {
    "number": 8,
    "text": "وُجُوهٌ يَوْمَئِذٍ نَّاعِمَةٌ",
    "translation_en": "[Other] faces, that Day, will show pleasure.",
    "translation_id": "Banyak muka pada hari itu berseri-seri,"
  }, {
    "number": 9,
    "text": "لِّسَعْيِهَا رَاضِيَةٌ",
    "translation_en": "With their effort [they are] satisfied",
    "translation_id": "merasa senang karena usahanya,"
  }, {
    "number": 10,
    "text": "فِى جَنَّةٍ عَالِيَةٍ",
    "translation_en": "In an elevated garden,",
    "translation_id": "dalam surga yang tinggi,"
  }, {
    "number": 11,
    "text": "لَّا تَسْمَعُ فِيهَا لَٰغِيَةً",
    "translation_en": "Wherein they will hear no unsuitable speech.",
    "translation_id": "tidak kamu dengar di dalamnya perkataan yang tidak berguna."
  }, {
    "number": 12,
    "text": "فِيهَا عَيْنٌ جَارِيَةٌ",
    "translation_en": "Within it is a flowing spring.",
    "translation_id": "Di dalamnya ada mata air yang mengalir."
  }, {
    "number": 13,
    "text": "فِيهَا سُرُرٌ مَّرْفُوعَةٌ",
    "translation_en": "Within it are couches raised high",
    "translation_id": "Di dalamnya ada takhta-takhta yang ditinggikan,"
  }, {
    "number": 14,
    "text": "وَأَكْوَابٌ مَّوْضُوعَةٌ",
    "translation_en": "And cups put in place",
    "translation_id": "dan gelas-gelas yang terletak (di dekatnya),"
  }, {
    "number": 15,
    "text": "وَنَمَارِقُ مَصْفُوفَةٌ",
    "translation_en": "And cushions lined up",
    "translation_id": "dan bantal-bantal sandaran yang tersusun,"
  }, {
    "number": 16,
    "text": "وَزَرَابِىُّ مَبْثُوثَةٌ",
    "translation_en": "And carpets spread around.",
    "translation_id": "dan permadani-permadani yang terhampar."
  }, {
    "number": 17,
    "text": "أَفَلَا يَنظُرُونَ إِلَى ٱلْإِبِلِ كَيْفَ خُلِقَتْ",
    "translation_en": "Then do they not look at the camels - how they are created?",
    "translation_id": "Maka apakah mereka tidak memperhatikan unta bagaimana dia diciptakan,"
  }, {
    "number": 18,
    "text": "وَإِلَى ٱلسَّمَآءِ كَيْفَ رُفِعَتْ",
    "translation_en": "And at the sky - how it is raised?",
    "translation_id": "Dan langit, bagaimana ia ditinggikan?"
  }, {
    "number": 19,
    "text": "وَإِلَى ٱلْجِبَالِ كَيْفَ نُصِبَتْ",
    "translation_en": "And at the mountains - how they are erected?",
    "translation_id": "Dan gunung-gunung bagaimana ia ditegakkan?"
  }, {
    "number": 20,
    "text": "وَإِلَى ٱلْأَرْضِ كَيْفَ سُطِحَتْ",
    "translation_en": "And at the earth - how it is spread out?",
    "translation_id": "Dan bumi bagaimana ia dihamparkan?"
  }, {
    "number": 21,
    "text": "فَذَكِّرْ إِنَّمَآ أَنتَ مُذَكِّرٌ",
    "translation_en": "So remind, [O Muhammad]; you are only a reminder.",
    "translation_id": "Maka berilah peringatan, karena sesungguhnya kamu hanyalah orang yang memberi peringatan."
  }, {
    "number": 22,
    "text": "لَّسْتَ عَلَيْهِم بِمُصَيْطِرٍ",
    "translation_en": "You are not over them a controller.",
    "translation_id": "Kamu bukanlah orang yang berkuasa atas mereka,"
  }, {
    "number": 23,
    "text": "إِلَّا مَن تَوَلَّىٰ وَكَفَرَ",
    "translation_en": "However, he who turns away and disbelieves -",
    "translation_id": "tetapi orang yang berpaling dan kafir,"
  }, {
    "number": 24,
    "text": "فَيُعَذِّبُهُ ٱللَّهُ ٱلْعَذَابَ ٱلْأَكْبَرَ",
    "translation_en": "Then Allah will punish him with the greatest punishment.",
    "translation_id": "maka Allah akan mengazabnya dengan azab yang besar."
  }, {
    "number": 25,
    "text": "إِنَّ إِلَيْنَآ إِيَابَهُمْ",
    "translation_en": "Indeed, to Us is their return.",
    "translation_id": "Sesungguhnya kepada Kami-lah kembali mereka,"
  }, {
    "number": 26,
    "text": "ثُمَّ إِنَّ عَلَيْنَا حِسَابَهُم",
    "translation_en": "Then indeed, upon Us is their account.",
    "translation_id": "kemudian sesungguhnya kewajiban Kami-lah menghisab mereka."
  }],
  "tafsir": {
    "id": {
      "kemenag": {
        "name": "Kemenag",
        "source": "Aplikasi Quran Kementrian Agama Republik Indonesia",
        "text": {
          "1": "Allah menyindir penduduk neraka dengan mengatakan, \"Sudahkah sampai kepada kamu berita tentang hari Kiamat.\"",
          "2": "Kemudian Allah menjelaskan bahwa manusia ketika itu terbagi dua, yaitu golongan orang kafir dan golongan orang mukmin.\n\nGolongan orang kafir ketika melihat kedahsyatan yang terjadi ketika itu, menjadi tertunduk dan merasa terhina. Allah berfirman:\n\nDan (alangkah ngerinya), jika sekiranya kamu melihat orang-orang yang berdosa itu menundukkan kepalanya di hadapan Tuhannya, (mereka berkata), \"Ya Tuhan kami, kami telah melihat dan mendengar, maka kembalikanlah kami (ke dunia), niscaya kami akan mengerjakan kebajikan. Sungguh, kami adalah orang-orang yang yakin.\" (as-Sajdah/32: 12)\n\nDan firman Allah:\n\nDan kamu akan melihat mereka dihadapkan ke neraka dalam keadaan tertunduk karena (merasa) hina, mereka melihat dengan pandangan yang lesu. Dan orang-orang yang beriman berkata, \"Sesungguhnya orang-orang yang rugi ialah orang-orang yang merugikan diri mereka sendiri dan keluarganya pada hari Kiamat.\" Ingatlah, sesungguhnya orang-orang zalim itu berada dalam azab yang kekal. (asy-Syura/42: 45)",
          "3": "Allah menerangkan bahwa orang-orang kafir itu semasa hidup di dunia bekerja dengan rajin dan sungguh-sungguh. Akan tetapi, perbuatan mereka itu tidak diterima karena mereka tidak beriman kepada Allah dan Rasul-Nya, yang merupakan syarat utama untuk diterimanya perbuatan dan mendapat ganjaran-Nya.",
          "4": "Dalam ayat-ayat ini, Allah menerangkan bahwa orang-orang kafir akan dimasukkan ke dalam neraka. Bila mereka meminta air karena haus, maka mereka diberi air bersumber dari mata air yang sangat panas. Bila mereka meminta makan, maka diberi makanan yang jelek, yang tidak ada artinya. Allah berfirman:\n\nDan tidak ada makanan (baginya) kecuali dari darah dan nanah. (al-haqqah/69: 36)\n\nDan firman Allah:\n\nKemudian sesungguhnya kamu, wahai orang-orang yang sesat lagi mendustakan! pasti akan memakan pohon zaqqum. (al-Waqi'ah/56: 51-52)\n\nDalam ayat lain Allah berfirman:\n\nSungguh pohon zaqqum itu, makanan bagi orang yang banyak dosa. (ad-Dukhan/44: 43-44)",
          "5": "Dalam ayat-ayat ini, Allah menerangkan bahwa orang-orang kafir akan dimasukkan ke dalam neraka. Bila mereka meminta air karena haus, maka mereka diberi air bersumber dari mata air yang sangat panas. Bila mereka meminta makan, maka diberi makanan yang jelek, yang tidak ada artinya. Allah berfirman:\n\nDan tidak ada makanan (baginya) kecuali dari darah dan nanah. (al-haqqah/69: 36)\n\nDan firman Allah:\n\nKemudian sesungguhnya kamu, wahai orang-orang yang sesat lagi mendustakan! pasti akan memakan pohon zaqqum. (al-Waqi'ah/56: 51-52)\n\nDalam ayat lain Allah berfirman:\n\nSungguh pohon zaqqum itu, makanan bagi orang yang banyak dosa. (ad-Dukhan/44: 43-44)",
          "6": "Dalam ayat-ayat ini, Allah menerangkan bahwa orang-orang kafir akan dimasukkan ke dalam neraka. Bila mereka meminta air karena haus, maka mereka diberi air bersumber dari mata air yang sangat panas. Bila mereka meminta makan, maka diberi makanan yang jelek, yang tidak ada artinya. Allah berfirman:\n\nDan tidak ada makanan (baginya) kecuali dari darah dan nanah. (al-haqqah/69: 36)\n\nDan firman Allah:\n\nKemudian sesungguhnya kamu, wahai orang-orang yang sesat lagi mendustakan! pasti akan memakan pohon zaqqum. (al-Waqi'ah/56: 51-52)\n\nDalam ayat lain Allah berfirman:\n\nSungguh pohon zaqqum itu, makanan bagi orang yang banyak dosa. (ad-Dukhan/44: 43-44)",
          "7": "Dalam ayat-ayat ini, Allah menerangkan bahwa orang-orang kafir akan dimasukkan ke dalam neraka. Bila mereka meminta air karena haus, maka mereka diberi air bersumber dari mata air yang sangat panas. Bila mereka meminta makan, maka diberi makanan yang jelek, yang tidak ada artinya. Allah berfirman:\n\nDan tidak ada makanan (baginya) kecuali dari darah dan nanah. (al-haqqah/69: 36)\n\nDan firman Allah:\n\nKemudian sesungguhnya kamu, wahai orang-orang yang sesat lagi mendustakan! pasti akan memakan pohon zaqqum. (al-Waqi'ah/56: 51-52)\n\nDalam ayat lain Allah berfirman:\n\nSungguh pohon zaqqum itu, makanan bagi orang yang banyak dosa. (ad-Dukhan/44: 43-44)",
          "8": "Allah menerangkan bahwa di dalam surga, muka orang mukmin berseri penuh kegembiraan. Mereka merasa senang melihat hasil usaha mereka yang mendapat keridaan Allah yang kemudian mendapat imbalan surga yang diidam-idamkan.\n\n(10-16) Dalam ayat-ayat berikut ini, Allah menerangkan keadaan surga:\n\n1.Surga tempatnya bernilai tinggi, lebih tinggi dari nilai tempat-tempat yang lain.\n\n2.Di dalamnya tidak terdengar perkataan yang tidak berguna, sebab tempat itu adalah tempat orang-orang yang dikasihi Allah.\n\n3.Di dalamnya terdapat mata air yang mengalirkan air bersih yang menarik pandangan bagi siapa saja yang melihatnya.\n\n4.Di dalamnya terdapat mahligai yang tinggi.\n\n5.Di dekat mereka tersedia gelas-gelas yang berisi minuman yang sudah siap diminum.\n\n6.Di dalamnya terdapat bantal-bantal tersusun yang dapat dipergunakan menurut selera mereka, duduk di atasnya atau dipakai untuk bersandar dan sebagainya.\n\n7.Di sana terdapat pula permadani yang indah dan terhampar pada setiap tempat.\n\n8.Terdapat segala macam kenikmatan rohani dan jasmani yang jauh dari yang dapat kita bayangkan.",
          "9": "Allah menerangkan bahwa di dalam surga, muka orang mukmin berseri penuh kegembiraan. Mereka merasa senang melihat hasil usaha mereka yang mendapat keridaan Allah yang kemudian mendapat imbalan surga yang diidam-idamkan.\n\n(10-16) Dalam ayat-ayat berikut ini, Allah menerangkan keadaan surga:\n\n1.Surga tempatnya bernilai tinggi, lebih tinggi dari nilai tempat-tempat yang lain.\n\n2.Di dalamnya tidak terdengar perkataan yang tidak berguna, sebab tempat itu adalah tempat orang-orang yang dikasihi Allah.\n\n3.Di dalamnya terdapat mata air yang mengalirkan air bersih yang menarik pandangan bagi siapa saja yang melihatnya.\n\n4.Di dalamnya terdapat mahligai yang tinggi.\n\n5.Di dekat mereka tersedia gelas-gelas yang berisi minuman yang sudah siap diminum.\n\n6.Di dalamnya terdapat bantal-bantal tersusun yang dapat dipergunakan menurut selera mereka, duduk di atasnya atau dipakai untuk bersandar dan sebagainya.\n\n7.Di sana terdapat pula permadani yang indah dan terhampar pada setiap tempat.\n\n8.Terdapat segala macam kenikmatan rohani dan jasmani yang jauh dari yang dapat kita bayangkan.",
          "10": "Dalam ayat-ayat berikut ini, Allah menerangkan keadaan surga:\n\n1.Surga tempatnya bernilai tinggi, lebih tinggi dari nilai tempat-tempat yang lain.\n\n2.Di dalamnya tidak terdengar perkataan yang tidak berguna, sebab tempat itu adalah tempat orang-orang yang dikasihi Allah.\n\n3.Di dalamnya terdapat mata air yang mengalirkan air bersih yang menarik pandangan bagi siapa saja yang melihatnya.\n\n4.Di dalamnya terdapat mahligai yang tinggi.\n\n5.Di dekat mereka tersedia gelas-gelas yang berisi minuman yang sudah siap diminum.\n\n6.Di dalamnya terdapat bantal-bantal tersusun yang dapat dipergunakan menurut selera mereka, duduk di atasnya atau dipakai untuk bersandar dan sebagainya.\n\n7.Di sana terdapat pula permadani yang indah dan terhampar pada setiap tempat.\n\n8.Terdapat segala macam kenikmatan rohani dan jasmani yang jauh dari yang dapat kita bayangkan.",
          "11": "Dalam ayat-ayat berikut ini, Allah menerangkan keadaan surga:\n\n1.Surga tempatnya bernilai tinggi, lebih tinggi dari nilai tempat-tempat yang lain.\n\n2.Di dalamnya tidak terdengar perkataan yang tidak berguna, sebab tempat itu adalah tempat orang-orang yang dikasihi Allah.\n\n3.Di dalamnya terdapat mata air yang mengalirkan air bersih yang menarik pandangan bagi siapa saja yang melihatnya.\n\n4.Di dalamnya terdapat mahligai yang tinggi.\n\n5.Di dekat mereka tersedia gelas-gelas yang berisi minuman yang sudah siap diminum.\n\n6.Di dalamnya terdapat bantal-bantal tersusun yang dapat dipergunakan menurut selera mereka, duduk di atasnya atau dipakai untuk bersandar dan sebagainya.\n\n7.Di sana terdapat pula permadani yang indah dan terhampar pada setiap tempat.\n\n8.Terdapat segala macam kenikmatan rohani dan jasmani yang jauh dari yang dapat kita bayangkan.",
          "12": "Dalam ayat-ayat berikut ini, Allah menerangkan keadaan surga:\n\n1.Surga tempatnya bernilai tinggi, lebih tinggi dari nilai tempat-tempat yang lain.\n\n2.Di dalamnya tidak terdengar perkataan yang tidak berguna, sebab tempat itu adalah tempat orang-orang yang dikasihi Allah.\n\n3.Di dalamnya terdapat mata air yang mengalirkan air bersih yang menarik pandangan bagi siapa saja yang melihatnya.\n\n4.Di dalamnya terdapat mahligai yang tinggi.\n\n5.Di dekat mereka tersedia gelas-gelas yang berisi minuman yang sudah siap diminum.\n\n6.Di dalamnya terdapat bantal-bantal tersusun yang dapat dipergunakan menurut selera mereka, duduk di atasnya atau dipakai untuk bersandar dan sebagainya.\n\n7.Di sana terdapat pula permadani yang indah dan terhampar pada setiap tempat.\n\n8.Terdapat segala macam kenikmatan rohani dan jasmani yang jauh dari yang dapat kita bayangkan.",
          "13": "Dalam ayat-ayat berikut ini, Allah menerangkan keadaan surga:\n\n1.Surga tempatnya bernilai tinggi, lebih tinggi dari nilai tempat-tempat yang lain.\n\n2.Di dalamnya tidak terdengar perkataan yang tidak berguna, sebab tempat itu adalah tempat orang-orang yang dikasihi Allah.\n\n3.Di dalamnya terdapat mata air yang mengalirkan air bersih yang menarik pandangan bagi siapa saja yang melihatnya.\n\n4.Di dalamnya terdapat mahligai yang tinggi.\n\n5.Di dekat mereka tersedia gelas-gelas yang berisi minuman yang sudah siap diminum.\n\n6.Di dalamnya terdapat bantal-bantal tersusun yang dapat dipergunakan menurut selera mereka, duduk di atasnya atau dipakai untuk bersandar dan sebagainya.\n\n7.Di sana terdapat pula permadani yang indah dan terhampar pada setiap tempat.\n\n8.Terdapat segala macam kenikmatan rohani dan jasmani yang jauh dari yang dapat kita bayangkan.",
          "14": "Dalam ayat-ayat berikut ini, Allah menerangkan keadaan surga:\n\n1.Surga tempatnya bernilai tinggi, lebih tinggi dari nilai tempat-tempat yang lain.\n\n2.Di dalamnya tidak terdengar perkataan yang tidak berguna, sebab tempat itu adalah tempat orang-orang yang dikasihi Allah.\n\n3.Di dalamnya terdapat mata air yang mengalirkan air bersih yang menarik pandangan bagi siapa saja yang melihatnya.\n\n4.Di dalamnya terdapat mahligai yang tinggi.\n\n5.Di dekat mereka tersedia gelas-gelas yang berisi minuman yang sudah siap diminum.\n\n6.Di dalamnya terdapat bantal-bantal tersusun yang dapat dipergunakan menurut selera mereka, duduk di atasnya atau dipakai untuk bersandar dan sebagainya.\n\n7.Di sana terdapat pula permadani yang indah dan terhampar pada setiap tempat.\n\n8.Terdapat segala macam kenikmatan rohani dan jasmani yang jauh dari yang dapat kita bayangkan.",
          "15": "Dalam ayat-ayat berikut ini, Allah menerangkan keadaan surga:\n\n1.Surga tempatnya bernilai tinggi, lebih tinggi dari nilai tempat-tempat yang lain.\n\n2.Di dalamnya tidak terdengar perkataan yang tidak berguna, sebab tempat itu adalah tempat orang-orang yang dikasihi Allah.\n\n3.Di dalamnya terdapat mata air yang mengalirkan air bersih yang menarik pandangan bagi siapa saja yang melihatnya.\n\n4.Di dalamnya terdapat mahligai yang tinggi.\n\n5.Di dekat mereka tersedia gelas-gelas yang berisi minuman yang sudah siap diminum.\n\n6.Di dalamnya terdapat bantal-bantal tersusun yang dapat dipergunakan menurut selera mereka, duduk di atasnya atau dipakai untuk bersandar dan sebagainya.\n\n7.Di sana terdapat pula permadani yang indah dan terhampar pada setiap tempat.\n\n8.Terdapat segala macam kenikmatan rohani dan jasmani yang jauh dari yang dapat kita bayangkan.",
          "16": "Dalam ayat-ayat berikut ini, Allah menerangkan keadaan surga:\n\n1.Surga tempatnya bernilai tinggi, lebih tinggi dari nilai tempat-tempat yang lain.\n\n2.Di dalamnya tidak terdengar perkataan yang tidak berguna, sebab tempat itu adalah tempat orang-orang yang dikasihi Allah.\n\n3.Di dalamnya terdapat mata air yang mengalirkan air bersih yang menarik pandangan bagi siapa saja yang melihatnya.\n\n4.Di dalamnya terdapat mahligai yang tinggi.\n\n5.Di dekat mereka tersedia gelas-gelas yang berisi minuman yang sudah siap diminum.\n\n6.Di dalamnya terdapat bantal-bantal tersusun yang dapat dipergunakan menurut selera mereka, duduk di atasnya atau dipakai untuk bersandar dan sebagainya.\n\n7.Di sana terdapat pula permadani yang indah dan terhampar pada setiap tempat.\n\n8.Terdapat segala macam kenikmatan rohani dan jasmani yang jauh dari yang dapat kita bayangkan.",
          "17": "Dalam ayat-ayat ini, Allah mempertanyakan apakah mereka tidak memperhatikan bagaimana unta, yang ada di depan mata mereka dan dipergunakan setiap waktu, diciptakan. Bagaimana pula langit yang berada di tempat yang tinggi tanpa tiang; bagaimana gunung-gunung dipancangkan dengan kukuh, tidak bergoyang dan dijadikan petunjuk bagi orang yang dalam perjalanan. Di atasnya terdapat danau dan mata air yang dapat dipergunakan untuk keperluan manusia, mengairi tumbuh-tumbuhan, dan memberi minum binatang ternak. Bagaimana pula bumi dihamparkan sebagai tempat tinggal bagi manusia.\n\nApabila mereka telah memperhatikan semua itu dengan seksama, tentu mereka akan mengakui bahwa penciptanya dapat membangkitkan manusia kembali pada hari Kiamat.",
          "18": "Dalam ayat-ayat ini, Allah mempertanyakan apakah mereka tidak memperhatikan bagaimana unta, yang ada di depan mata mereka dan dipergunakan setiap waktu, diciptakan. Bagaimana pula langit yang berada di tempat yang tinggi tanpa tiang; bagaimana gunung-gunung dipancangkan dengan kukuh, tidak bergoyang dan dijadikan petunjuk bagi orang yang dalam perjalanan. Di atasnya terdapat danau dan mata air yang dapat dipergunakan untuk keperluan manusia, mengairi tumbuh-tumbuhan, dan memberi minum binatang ternak. Bagaimana pula bumi dihamparkan sebagai tempat tinggal bagi manusia.\n\nApabila mereka telah memperhatikan semua itu dengan seksama, tentu mereka akan mengakui bahwa penciptanya dapat membangkitkan manusia kembali pada hari Kiamat.",
          "19": "Dalam ayat-ayat ini, Allah mempertanyakan apakah mereka tidak memperhatikan bagaimana unta, yang ada di depan mata mereka dan dipergunakan setiap waktu, diciptakan. Bagaimana pula langit yang berada di tempat yang tinggi tanpa tiang; bagaimana gunung-gunung dipancangkan dengan kukuh, tidak bergoyang dan dijadikan petunjuk bagi orang yang dalam perjalanan. Di atasnya terdapat danau dan mata air yang dapat dipergunakan untuk keperluan manusia, mengairi tumbuh-tumbuhan, dan memberi minum binatang ternak. Bagaimana pula bumi dihamparkan sebagai tempat tinggal bagi manusia.\n\nApabila mereka telah memperhatikan semua itu dengan seksama, tentu mereka akan mengakui bahwa penciptanya dapat membangkitkan manusia kembali pada hari Kiamat.",
          "20": "Dalam ayat-ayat ini, Allah mempertanyakan apakah mereka tidak memperhatikan bagaimana unta, yang ada di depan mata mereka dan dipergunakan setiap waktu, diciptakan. Bagaimana pula langit yang berada di tempat yang tinggi tanpa tiang; bagaimana gunung-gunung dipancangkan dengan kukuh, tidak bergoyang dan dijadikan petunjuk bagi orang yang dalam perjalanan. Di atasnya terdapat danau dan mata air yang dapat dipergunakan untuk keperluan manusia, mengairi tumbuh-tumbuhan, dan memberi minum binatang ternak. Bagaimana pula bumi dihamparkan sebagai tempat tinggal bagi manusia.\n\nApabila mereka telah memperhatikan semua itu dengan seksama, tentu mereka akan mengakui bahwa penciptanya dapat membangkitkan manusia kembali pada hari Kiamat.",
          "21": "Dalam ayat ini, Allah memerintahkan Nabi Muhammad agar memberi peringatan dan petunjuk serta menyampaikan agama-Nya kepada umat manusia, karena tugasnya tidak lain hanyalah memberi peringatan dengan menyampaikan kabar gembira dan kabar yang menakutkan.",
          "22": "Dalam ayat-ayat ini, Allah menerangkan bahwa Nabi Muhammad tidak berkuasa menjadikan seseorang beriman. Akan tetapi, Allah-lah yang berkuasa menjadikan manusia beriman. Sementara itu, barang siapa yang berpaling dengan mengingkari kebenaran petunjuk Nabi-Nya, niscaya Allah menghukumnya. Allah berfirman:\n\nDan jika Tuhanmu menghendaki, tentulah beriman semua orang di bumi seluruhnya. Tetapi apakah kamu (hendak) memaksa manusia agar mereka menjadi orang-orang yang beriman? (Yunus/10: 99)\n\nDan Allah berfirman:\n\nKami lebih mengetahui tentang apa yang mereka katakan, dan engkau (Muhammad) bukanlah seorang pemaksa terhadap mereka. Maka berilah peringatan dengan Al-Qur'an kepada siapa pun yang takut kepada ancaman-Ku. (Qaf/50: 45)\n\nBerkaitan dengan hal itu, para juru dakwah cukup menyampaikan pesan-pesan Al-Qur'an dan hadis Nabi sambil mengajak setiap manusia untuk beriman dan beramal saleh, serta masuk ke dalam agama Islam secara keseluruhan (kaffah). Penampilan dan metode dakwah perlu dengan cara yang baik dan tidak boleh bersikap memaksa, sebagaimana firman Allah:\n\nTidak ada paksaan dalam (menganut) agama (Islam), sesungguhnya telah jelas (perbedaan) antara jalan yang benar dengan jalan yang sesat. (al-Baqarah/2: 256)\n\nDan Allah berfirman:\n\nSerulah (manusia) kepada jalan Tuhanmu dengan hikmah dan pengajaran yang baik, dan berdebatlah dengan mereka dengan cara yang baik. Sesungguhnya Tuhanmu, Dialah yang lebih mengetahui siapa yang sesat dari jalan-Nya dan Dialah yang lebih mengetahui siapa yang mendapat petunjuk. (an-Nahl/16: 125)",
          "23": "Dalam ayat-ayat ini, Allah menerangkan bahwa Nabi Muhammad tidak berkuasa menjadikan seseorang beriman. Akan tetapi, Allah-lah yang berkuasa menjadikan manusia beriman. Sementara itu, barang siapa yang berpaling dengan mengingkari kebenaran petunjuk Nabi-Nya, niscaya Allah menghukumnya. Allah berfirman:\n\nDan jika Tuhanmu menghendaki, tentulah beriman semua orang di bumi seluruhnya. Tetapi apakah kamu (hendak) memaksa manusia agar mereka menjadi orang-orang yang beriman? (Yunus/10: 99)\n\nDan Allah berfirman:\n\nKami lebih mengetahui tentang apa yang mereka katakan, dan engkau (Muhammad) bukanlah seorang pemaksa terhadap mereka. Maka berilah peringatan dengan Al-Qur'an kepada siapa pun yang takut kepada ancaman-Ku. (Qaf/50: 45)\n\nBerkaitan dengan hal itu, para juru dakwah cukup menyampaikan pesan-pesan Al-Qur'an dan hadis Nabi sambil mengajak setiap manusia untuk beriman dan beramal saleh, serta masuk ke dalam agama Islam secara keseluruhan (kaffah). Penampilan dan metode dakwah perlu dengan cara yang baik dan tidak boleh bersikap memaksa, sebagaimana firman Allah:\n\nTidak ada paksaan dalam (menganut) agama (Islam), sesungguhnya telah jelas (perbedaan) antara jalan yang benar dengan jalan yang sesat. (al-Baqarah/2: 256)\n\nDan Allah berfirman:\n\nSerulah (manusia) kepada jalan Tuhanmu dengan hikmah dan pengajaran yang baik, dan berdebatlah dengan mereka dengan cara yang baik. Sesungguhnya Tuhanmu, Dialah yang lebih mengetahui siapa yang sesat dari jalan-Nya dan Dialah yang lebih mengetahui siapa yang mendapat petunjuk. (an-Nahl/16: 125)",
          "24": "Dalam ayat-ayat ini, Allah menerangkan bahwa Nabi Muhammad tidak berkuasa menjadikan seseorang beriman. Akan tetapi, Allah-lah yang berkuasa menjadikan manusia beriman. Sementara itu, barang siapa yang berpaling dengan mengingkari kebenaran petunjuk Nabi-Nya, niscaya Allah menghukumnya. Allah berfirman:\n\nDan jika Tuhanmu menghendaki, tentulah beriman semua orang di bumi seluruhnya. Tetapi apakah kamu (hendak) memaksa manusia agar mereka menjadi orang-orang yang beriman? (Yunus/10: 99)\n\nDan Allah berfirman:\n\nKami lebih mengetahui tentang apa yang mereka katakan, dan engkau (Muhammad) bukanlah seorang pemaksa terhadap mereka. Maka berilah peringatan dengan Al-Qur'an kepada siapa pun yang takut kepada ancaman-Ku. (Qaf/50: 45)\n\nBerkaitan dengan hal itu, para juru dakwah cukup menyampaikan pesan-pesan Al-Qur'an dan hadis Nabi sambil mengajak setiap manusia untuk beriman dan beramal saleh, serta masuk ke dalam agama Islam secara keseluruhan (kaffah). Penampilan dan metode dakwah perlu dengan cara yang baik dan tidak boleh bersikap memaksa, sebagaimana firman Allah:\n\nTidak ada paksaan dalam (menganut) agama (Islam), sesungguhnya telah jelas (perbedaan) antara jalan yang benar dengan jalan yang sesat. (al-Baqarah/2: 256)\n\nDan Allah berfirman:\n\nSerulah (manusia) kepada jalan Tuhanmu dengan hikmah dan pengajaran yang baik, dan berdebatlah dengan mereka dengan cara yang baik. Sesungguhnya Tuhanmu, Dialah yang lebih mengetahui siapa yang sesat dari jalan-Nya dan Dialah yang lebih mengetahui siapa yang mendapat petunjuk. (an-Nahl/16: 125)",
          "25": "Dalam ayat-ayat ini, Allah menerangkan bahwa mereka akan kembali kepada-Nya. Tidak ada jalan bagi mereka untuk lari daripada-Nya. Dialah yang akan menghisab mereka atas perbuatan yang telah mereka perbuat di dunia dan kemudian menjatuhkan hukuman-Nya. Ayat-ayat ini adalah penghibur hati bagi Nabi Muhammad dan sebagai obat bagi kesedihan dan kepedihan hatinya atas keingkaran orang-orang kafir itu.",
          "26": "Dalam ayat-ayat ini, Allah menerangkan bahwa mereka akan kembali kepada-Nya. Tidak ada jalan bagi mereka untuk lari daripada-Nya. Dialah yang akan menghisab mereka atas perbuatan yang telah mereka perbuat di dunia dan kemudian menjatuhkan hukuman-Nya. Ayat-ayat ini adalah penghibur hati bagi Nabi Muhammad dan sebagai obat bagi kesedihan dan kepedihan hatinya atas keingkaran orang-orang kafir itu."
        }
      }
    }
  }
}