{
  "name": "Al-Bayinah",
  "name_translations": {
    "ar": "البينة",
    "en": "The Evidence",
    "id": "Bukti Nyata"
  },
  "number_of_ayah": 8,
  "number_of_surah": 98,
  "place": "Medina",
  "recitations": [{
    "name": "Mishari Rashid al-`Afasy",
    "audio_url": "https://download.quranicaudio.com/quran/mishaari_raashid_al_3afaasee/098.mp3"
  }, {
    "name": "Abdur-Rahman as-Sudais",
    "audio_url": "https://download.quranicaudio.com/quran/abdurrahmaan_as-sudays/098.mp3"
  }, {
    "name": "Saad al-Ghamdi",
    "audio_url": "https://download.quranicaudio.com/quran/sa3d_al-ghaamidi/complete/098.mp3"
  }],
  "type": "Madaniyah",
  "verses": [{
    "number": 1,
    "text": "بِسْمِ ٱللَّهِ ٱلرَّحْمَٰنِ ٱلرَّحِيمِ لَمْ يَكُنِ ٱلَّذِينَ كَفَرُوا۟ مِنْ أَهْلِ ٱلْكِتَٰبِ وَٱلْمُشْرِكِينَ مُنفَكِّينَ حَتَّىٰ تَأْتِيَهُمُ ٱلْبَيِّنَةُ",
    "translation_en": "Those who disbelieved among the People of the Scripture and the polytheists were not to be parted [from misbelief] until there came to them clear evidence -",
    "translation_id": "Orang-orang kafir yakni ahli Kitab dan orang-orang musyrik (mengatakan bahwa mereka) tidak akan meninggalkan (agamanya) sebelum datang kepada mereka bukti yang nyata,"
  }, {
    "number": 2,
    "text": "رَسُولٌ مِّنَ ٱللَّهِ يَتْلُوا۟ صُحُفًا مُّطَهَّرَةً",
    "translation_en": "A Messenger from Allah, reciting purified scriptures",
    "translation_id": "(yaitu) seorang Rasul dari Allah (Muhammad) yang membacakan lembaran-lembaran yang disucikan (Al Quran),"
  }, {
    "number": 3,
    "text": "فِيهَا كُتُبٌ قَيِّمَةٌ",
    "translation_en": "Within which are correct writings.",
    "translation_id": "di dalamnya terdapat (isi) Kitab-kitab yang lurus."
  }, {
    "number": 4,
    "text": "وَمَا تَفَرَّقَ ٱلَّذِينَ أُوتُوا۟ ٱلْكِتَٰبَ إِلَّا مِنۢ بَعْدِ مَا جَآءَتْهُمُ ٱلْبَيِّنَةُ",
    "translation_en": "Nor did those who were given the Scripture become divided until after there had come to them clear evidence.",
    "translation_id": "Dan tidaklah berpecah belah orang-orang yang didatangkan Al Kitab (kepada mereka) melainkan sesudah datang kepada mereka bukti yang nyata."
  }, {
    "number": 5,
    "text": "وَمَآ أُمِرُوٓا۟ إِلَّا لِيَعْبُدُوا۟ ٱللَّهَ مُخْلِصِينَ لَهُ ٱلدِّينَ حُنَفَآءَ وَيُقِيمُوا۟ ٱلصَّلَوٰةَ وَيُؤْتُوا۟ ٱلزَّكَوٰةَ وَذَٰلِكَ دِينُ ٱلْقَيِّمَةِ",
    "translation_en": "And they were not commanded except to worship Allah, [being] sincere to Him in religion, inclining to truth, and to establish prayer and to give zakah. And that is the correct religion.",
    "translation_id": "Padahal mereka tidak disuruh kecuali supaya menyembah Allah dengan memurnikan ketaatan kepada-Nya dalam (menjalankan) agama yang lurus, dan supaya mereka mendirikan shalat dan menunaikan zakat; dan yang demikian itulah agama yang lurus."
  }, {
    "number": 6,
    "text": "إِنَّ ٱلَّذِينَ كَفَرُوا۟ مِنْ أَهْلِ ٱلْكِتَٰبِ وَٱلْمُشْرِكِينَ فِى نَارِ جَهَنَّمَ خَٰلِدِينَ فِيهَآ أُو۟لَٰٓئِكَ هُمْ شَرُّ ٱلْبَرِيَّةِ",
    "translation_en": "Indeed, they who disbelieved among the People of the Scripture and the polytheists will be in the fire of Hell, abiding eternally therein. Those are the worst of creatures.",
    "translation_id": "Sesungguhnya orang-orang yang kafir yakni ahli Kitab dan orang-orang yang musyrik (akan masuk) ke neraka Jahannam; mereka kekal di dalamnya. Mereka itu adalah seburuk-buruk makhluk."
  }, {
    "number": 7,
    "text": "إِنَّ ٱلَّذِينَ ءَامَنُوا۟ وَعَمِلُوا۟ ٱلصَّٰلِحَٰتِ أُو۟لَٰٓئِكَ هُمْ خَيْرُ ٱلْبَرِيَّةِ",
    "translation_en": "Indeed, they who have believed and done righteous deeds - those are the best of creatures.",
    "translation_id": "Sesungguhnya orang-orang yang beriman dan mengerjakan amal saleh, mereka itu adalah sebaik-baik makhluk."
  }, {
    "number": 8,
    "text": "جَزَآؤُهُمْ عِندَ رَبِّهِمْ جَنَّٰتُ عَدْنٍ تَجْرِى مِن تَحْتِهَا ٱلْأَنْهَٰرُ خَٰلِدِينَ فِيهَآ أَبَدًا رَّضِىَ ٱللَّهُ عَنْهُمْ وَرَضُوا۟ عَنْهُ ذَٰلِكَ لِمَنْ خَشِىَ رَبَّهُۥ",
    "translation_en": "Their reward with Allah will be gardens of perpetual residence beneath which rivers flow, wherein they will abide forever, Allah being pleased with them and they with Him. That is for whoever has feared his Lord.",
    "translation_id": "Balasan mereka di sisi Tuhan mereka ialah surga 'Adn yang mengalir di bawahnya sungai-sungai; mereka kekal di dalamnya selama-lamanya. Allah ridha terhadap mereka dan merekapun ridha kepada-Nya. Yang demikian itu adalah (balasan) bagi orang yang takut kepada Tuhannya."
  }],
  "tafsir": {
    "id": {
      "kemenag": {
        "name": "Kemenag",
        "source": "Aplikasi Quran Kementrian Agama Republik Indonesia",
        "text": {
          "1": "Dalam ayat ini, Allah mengungkapkan bahwa orang-orang yang mengingkari kerasulan Nabi Muhammad, yang terdiri dari orang-orang Yahudi, Nasrani, dan orang-orang musyrik, tidak akan melepaskan kekufuran mereka, dan tidak mau meninggalkan tradisi nenek moyang mereka, sampai datang bukti nyata, yaitu diutusnya Nabi Muhammad.\n\nKedatangan Nabi saw menimbulkan keguncangan dalam akidah dan adat istiadat yang telah berurat dan berakar dalam diri mereka. Mereka menyatakan bahwa apa yang dibawa oleh Nabi saw tidak ada beda atau lebihnya dari apa yang terdapat dalam agama mereka. Dengan demikian, menurut mereka, tidak ada kebaikan mengikuti yang baru dengan meninggalkan yang lama, bahkan mengikuti yang lama lebih menenteramkan jiwa karena tidak bertentangan dengan sikap nenek moyang mereka.",
          "2": "Dalam ayat-ayat ini, Allah menjelaskan bahwa yang dimaksud bukti itu adalah hati pribadi Nabi saw yang membacakan untuk orang kafir halaman-halaman Al-Qur'an yang bersih dari campur tangan manusia, dari segala macam kesalahan, dan dari penambahan, yaitu bukti yang memancarkan kebenaran. Allah berfirman:\n\n(Yang) tidak akan didatangi oleh kebatilan baik dari depan maupun dari belakang (pada masa lalu dan yang akan datang). (Fussilat/41: 42)\n\nDi dalam Al-Qur'an itu tersimpul ajaran-ajaran yang benar yang terdapat dalam kitab-kitab para nabi yang terdahulu, seperti Nabi Musa, Nabi Isa, dan Nabi Ibrahim. Dalam ayat lain yang hampir sama maksudnya, Allah berfirman:\n\nDan sungguh, (Al-Qur'an) itu (disebut) dalam kitab-kitab orang yang terdahulu. (asy-Syu'ara'/26: 196)\n\nSesungguhnya ini terdapat dalam kitab-kitab yang dahulu, (yaitu) kitab-kitab Ibrahim dan Musa. (al-A'la/87: 18-19)\n\nSebagian ulama berpendapat bahwa yang dimaksud dengan al-kitab ialah surah dan ayat Al-Qur'an, karena setiap surah itu adalah kitab yang kokoh. Ada juga yang memahami sebagai hukum dan peraturan yang terkandung dalam firman-firman Allah yang tidak ada kebatilannya. Dalam ayat lain, Allah berfirman:\n\nSegala puji bagi Allah yang telah menurunkan Kitab (Al-Qur'an) kepada hamba-Nya dan Dia tidak menjadikannya bengkok; sebagai bimbingan yang lurus, untuk memperingatkan akan siksa yang sangat pedih dari sisi-Nya dan memberikan kabar gembira kepada orang-orang mukmin yang mengerjakan kebajikan bahwa mereka akan mendapat balasan yang baik. (al-Kahf/18: 1-2)",
          "3": "Dalam ayat-ayat ini, Allah menjelaskan bahwa yang dimaksud bukti itu adalah hati pribadi Nabi saw yang membacakan untuk orang kafir halaman-halaman Al-Qur'an yang bersih dari campur tangan manusia, dari segala macam kesalahan, dan dari penambahan, yaitu bukti yang memancarkan kebenaran. Allah berfirman:\n\n(Yang) tidak akan didatangi oleh kebatilan baik dari depan maupun dari belakang (pada masa lalu dan yang akan datang). (Fussilat/41: 42)\n\nDi dalam Al-Qur'an itu tersimpul ajaran-ajaran yang benar yang terdapat dalam kitab-kitab para nabi yang terdahulu, seperti Nabi Musa, Nabi Isa, dan Nabi Ibrahim. Dalam ayat lain yang hampir sama maksudnya, Allah berfirman:\n\nDan sungguh, (Al-Qur'an) itu (disebut) dalam kitab-kitab orang yang terdahulu. (asy-Syu'ara'/26: 196)\n\nSesungguhnya ini terdapat dalam kitab-kitab yang dahulu, (yaitu) kitab-kitab Ibrahim dan Musa. (al-A'la/87: 18-19)\n\nSebagian ulama berpendapat bahwa yang dimaksud dengan al-kitab ialah surah dan ayat Al-Qur'an, karena setiap surah itu adalah kitab yang kokoh. Ada juga yang memahami sebagai hukum dan peraturan yang terkandung dalam firman-firman Allah yang tidak ada kebatilannya. Dalam ayat lain, Allah berfirman:\n\nSegala puji bagi Allah yang telah menurunkan Kitab (Al-Qur'an) kepada hamba-Nya dan Dia tidak menjadikannya bengkok; sebagai bimbingan yang lurus, untuk memperingatkan akan siksa yang sangat pedih dari sisi-Nya dan memberikan kabar gembira kepada orang-orang mukmin yang mengerjakan kebajikan bahwa mereka akan mendapat balasan yang baik. (al-Kahf/18: 1-2)",
          "4": "Keadaan orang-orang kafir Yahudi, Nasrani, dan musyrikin sesudah Nabi saw datang berlainan dengan keadaan mereka sebelumnya. Mereka sebelum Nabi saw datang dalam keadaan kufur, terbenam dalam kejahilan dan hawa nafsu, tetapi setelah Nabi saw datang, segolongan dari mereka beriman. Dengan demikian, keadaan mereka tidak seperti dahulu. Golongan yang tidak beriman malah meragukan kebenaran yang dibawa Nabi saw, bahkan ada yang mempercayai kebenarannya sama sekali.\n\nPerbantahan dan perselisihan hebat terkadang terjadi antara orang-orang musyrik dengan orang-orang Nasrani. Orang Yahudi berkata kepada orang musyrik, \"Sesungguhnya Allah akan mengutus nabi dari kalangan bangsa Arab penduduk Mekah.\" Mereka menerangkan sifat-sifat nabi serta mengancam orang-orang seraya mengatakan bahwa bila nabi itu lahir, mereka akan membantunya dengan menyokong semua tindakannya dan bekerja sama untuk menghancurkan orang-orang musyrik.\n\nDalam keadaan yang demikianlah Nabi Muhammad diutus. Lalu orang-orang musyrik memusuhi dan menentang Nabi habis-habisan. Mereka juga mengajak orang-orang Arab lainnya untuk memusuhi beliau dan menyakiti pengikut-pengikutnya yang hatinya telah disinari dengan keimanan dan melapangkan dadanya untuk mengenal kebenaran.\n\nKemudian Allah dalam ayat ini menghibur Nabi-Nya dengan mengatakan bahwa beliau tidak perlu susah atau gundah karena sikap dan tantangan mereka terhadap dirinya. Hal itu juga merupakan sikap mereka terhadap para nabi terdahulu sehingga mereka berpecah-belah.",
          "5": "Karena adanya perpecahan di kalangan mereka, maka pada ayat ini dengan nada mencerca Allah menegaskan bahwa mereka tidak diperintahkan kecuali untuk menyembah-Nya. Perintah yang ditujukan kepada mereka adalah untuk kebaikan dunia dan agama mereka, dan untuk mencapai kebahagiaan dunia dan akhirat. Mereka juga diperintahkan untuk mengikhlaskan diri lahir dan batin dalam beribadah kepada Allah dan membersihkan amal perbuatan dari syirik sebagaimana agama yang dibawa oleh Nabi Ibrahim yang menjauhkan dirinya dari kekufuran kaumnya kepada agama tauhid dengan mengikhlaskan ibadah kepada Allah. Ikhlas adalah salah satu dari dua syarat diterimanya amal, dan itu merupakan pekerjaan hati. Sedang yang kedua adalah mengikuti sunah Rasulullah. Allah berfirman:\n\nKemudian Kami wahyukan kepadamu (Muhammad), \"Ikutilah agama Ibrahim yang lurus.\" (an-Nahl/16: 123)\n\nFirman-Nya yang lain:\n\nIbrahim bukanlah seorang Yahudi dan bukan (pula) seorang Nasrani, tetapi dia adalah seorang yang lurus dan muslim. (Ali 'Imran/3: 67)\n\nMendirikan salat dalam ayat ini maksudnya adalah mengerjakannya terus-menerus setiap waktu dengan memusatkan jiwa kepada kebesaran Allah, untuk membiasakan diri tunduk kepada-Nya. Sedangkan yang dimaksud dengan mengeluarkan zakat yaitu membagi-bagikannya kepada yang berhak menerimanya sebagaimana yang telah ditentukan oleh Al-Qur'anul Karim.\n\nKeterangan ayat di atas tentang keikhlasan beribadah, menjauhkan diri dari syirik, mendirikan salat, dan mengeluarkan zakat, adalah maksud dari agama yang lurus yang tersebut dalam kitab-kitab suci lainnya.",
          "6": "Dalam ayat ini, Allah menjelaskan bahwa orang-orang kafir dari kalangan Ahli Kitab dan orang musyrik telah mengotori jiwanya dengan syirik dan maksiat-maksiat serta mengingkari kebenaran nyata kenabian Muhammad saw. Mereka akan disiksa Allah dengan siksaan yang tidak memungkinkan mereka untuk melepaskan diri darinya untuk selama-lamanya, yaitu api neraka yang menyala-nyala. Siksaan itu sebagai balasan atas perbuatan mereka. Mereka itu tergolong makhluk yang paling buruk.",
          "7": "Dalam ayat ini, Allah menerangkan ganjaran bagi orang-orang yang beriman. Jiwa mereka telah disinari oleh cahaya petunjuk dan membenarkan apa yang dibawa oleh Nabi saw. Mereka juga mengamalkannya dengan mengorbankan jiwa, harta, dan apa saja yang dimilikinya pada jalan Allah, serta bertingkah laku baik dengan seluruh hamba Allah. Mereka itu tergolong makhluk yang paling baik.",
          "8": "Kemudian dalam ayat ini, Allah menerangkan bahwa yang akan mereka terima dari Tuhan mereka adalah surga 'Adn yang di dalamnya terdapat bermacam-macam kesenangan dan kelezatan, lebih lengkap dan sempurna dari kesenangan dan kelezatan dunia, dan di bawahnya mengalir sungai-sungai. Mereka kekal di dalamnya selama-lamanya. Mereka berhak menerima balasan tersebut karena mereka berada dalam keridaan Allah dan tetap dalam ketentuan-ketentuan-Nya.\n\nMereka mendapat pujian dan mencapai apa yang mereka inginkan dari kebahagiaan hidup di dunia dan di akhirat. Mereka diridai Allah dan mereka pun rida kepadanya. Ganjaran-ganjaran yang merupakan kebahagiaan dunia dan akhirat hanya diperoleh orang-orang yang jiwanya penuh dengan takwa kepada Allah."
        }
      }
    }
  }
}